forma,acento,analisis
aaron,3,1
abalienati,2,1
abalienauit,2,1
abdicamus,2,1
abdiderunt,2,1
abditis,3,1
abditus,3,1
abducant,2,1
abducerent,3,1
abduceretur,2,1
abducetur,2,1
abduci,2,1
abducta,2,1
abducti,2,1
abductum,2,1
abductus,2,1
abduxerunt,2,1
abduxit,2,1
abeam,3,1
abeamus,2,1
abeat,3,1
abeatis,2,1
abegerunt,2,1
abegit,2,1
aberat,3,1
aberrantes,2,1
aberrauerunt,2,1
abesto,2,1
abeuntes,2,1
abeuntibus,3,1
abhorrebit,2,1
abibant,2,1
abibit,2,1
abibo,2,1
abibunt,2,1
abicere,3,1
abiciam,3,1
abiciamus,2,1
abiciat,3,1
abiciendi,2,1
abiciet,3,1
abicietur,2,1
abicit,3,1
abiecerat,3,1
abiecerint,3,1
abiecerit,3,1
abiecerunt,2,1
abieci,2,1
abiecisset,2,1
abiecisti,2,1
abiecistis,2,1
abiecit,2,1
abiecta,2,1
abiectae,2,1
abiectam,2,1
abiecti,2,1
abiectio,3,1
abiectum,2,1
abiectus,2,1
abiegna,2,1
abiegnis,2,1
abiens,3,1
abierant,3,1
abierat,3,1
abierint,3,1
abieris,3,1
abierit,3,1
abiero,3,1
abierunt,2,1
abies,3,1
abietem,3,1
abietes,3,1
abietibus,3,1
abigat,3,1
abigebat,2,1
abigens,3,1
abigere,2|3,2
abii,3,1
abiicere,3,1
abiisse,2,1
abiisset,2,1
abiisti,2,1
abiit,3,1
abimelech,3,1
abire,2,1
abirem,2,1
abirent,2,1
abiret,2,1
abissem,2,1
abissent,2,1
abisset,2,1
abisti,2,1
abistis,2,1
abite,2,1
ablata,2,1
ablatae,2,1
ablatas,2,1
ablati,2,1
ablatis,2,1
ablato,2,1
ablatum,2,1
ablatus,2,1
ablue,3,1
abluti,2,1
ablutionem,2,1
abnegantes,2,1
abneges,3,1
abneget,3,1
abnuo,3,1
abolita,3,1
abolitae,3,1
abominabile,3,1
abominabilem,3,1
abominabiles,3,1
abominabilis,3,1
abominabitur,3,1
abominamini,3,1
abominandum,2,1
abominantur,2,1
abominaris,2,1
abominata,2,1
abominati,2,1
abominatio,3,1
abominationem,2,1
abominationes,2,1
abominationibus,3,1
abominationis,2,1
abominationum,2,1
abominatos,2,1
abominatum,2,1
abominatur,2,1
abominatus,2,1
abortiuo,2,1
abortiuum,2,1
abortiuus,2,1
abraham,3,1
abrepta,2,1
abripere,3,1
abripit,3,1
abripuerunt,2,1
abrumpet,2,1
abrupta,2,1
absalom,3,1
abscedat,2,1
abscessit,2,1
abscessum,2,1
abscide,2,1
absciderunt,2,1
abscidi,2|3,2
abscidisset,2,1
abscidit,2|3,2
abscindet,2,1
abscindi,2,1
abscindit,2,1
abscisae,2,1
absciso,2,1
abscissae,2,1
abscisso,2,1
abscissum,2,1
abscissus,2,1
abscisus,2,1
abscondam,2,1
abscondamus,2,1
abscondant,2,1
abscondantur,2,1
abscondar,2,1
abscondas,2,1
abscondat,2,1
absconde,2,1
abscondens,2,1
abscondent,2,1
absconderant,3,1
absconderat,3,1
abscondere,2|3,2
absconderes,3,1
absconderet,3,1
absconderis,2|3,2
absconderit,3,1
absconderunt,2,1
abscondet,2,1
abscondi,2,1
abscondis,2,1
abscondisti,2,1
abscondit,2,1
abscondita,3,1
absconditae,3,1
absconditas,3,1
abscondite,3,1
absconditi,3,1
absconditis,3,1
abscondito,3,1
absconditos,3,1
absconditum,3,1
absconditur,3,1
absconditus,3,1
abscondo,2,1
abscondunt,2,1
absconse,2,1
absente,2,1
absentes,2,1
absentia,3,1
absentibus,3,1
absinthii,3,1
absinthio,3,1
absinthium,3,1
absinthius,3,1
absoluas,2,1
absoluerunt,2,1
absoluet,2,1
absolui,2,1
absoluisti,2,1
absoluit,2,1
absoluo,2,1
absoluunt,2,1
absorbeat,3,1
absorbeatur,2,1
absorbens,2,1
absorbet,2,1
absorbuit,3,1
absterget,2,1
abstersit,2,1
abstine,3,1
abstineant,3,1
abstineat,3,1
abstinebit,2,1
abstinebunt,2,1
abstinens,3,1
abstinentia,3,1
abstinentiam,3,1
abstinere,2,1
abstinet,3,1
abstinete,2,1
abstracta,2,1
abstracti,2,1
abstractus,2,1
abstrahant,3,1
abstrahatur,2,1
abstrahere,2|3,2
abstraxerunt,2,1
abstruserit,3,1
abstulerant,3,1
abstulerat,3,1
abstuleris,2|3,2
abstulerit,3,1
abstulero,3,1
abstulerunt,2,1
abstuli,3,1
abstulissent,2,1
abstulisset,2,1
abstulisti,2,1
abstulistis,2,1
abstulit,3,1
absumat,2,1
absumet,2,1
abundabant,2,1
abundabat,2,1
abundabit,2,1
abundabunt,2,1
abundans,2,1
abundant,2,1
abundantem,2,1
abundanter,2,1
abundantes,2,1
abundanti,2,1
abundantia,3,1
abundantiae,3,1
abundantiam,3,1
abundantibus,3,1
abundantiore,2,1
abundantiorem,2,1
abundantissime,3,1
abundantium,3,1
abundantius,3,1
abundare,2,1
abundarent,2,1
abundaret,2,1
abundat,2,1
abundauerat,3,1
abundauerit,3,1
abundauerunt,2,1
abundauit,2,1
abunde,2,1
abundent,2,1
abundet,2,1
abundetis,2,1
abundo,2,1
abusi,2,1
abusione,2,1
abusus,2,1
abutamur,2,1
abutar,2,1
abutatur,2,1
abutentes,2,1
abutere,2|3,2
abutetur,2,1
abuti,2,1
abutitur,3,1
abutuntur,2,1
abyssi,2,1
abyssis,2,1
abysso,2,1
abyssos,2,1
abyssum,2,1
abyssus,2,1
acaciae,3,1
acaciam,3,1
accedam,2,1
accedamus,2,1
accedant,2,1
accedas,2,1
accedat,2,1
accede,2,1
accedebant,2,1
accedemus,2,1
accedens,2,1
accedent,2,1
accedente,2,1
accedentem,2,1
accedentes,2,1
accedere,2|3,2
accederent,3,1
accederet,3,1
accedes,2,1
accedet,2,1
accedimus,3,1
accedis,2,1
accedit,2,1
accedite,3,1
accedunt,2,1
accelera,3,1
acceleraret,2,1
accelerat,3,1
accelerauerunt,2,1
accelerauit,2,1
accendantur,2,1
accendat,2,1
accendatur,2,1
accendebat,2,1
accendens,2,1
accendent,2,1
accendentes,2,1
accendere,2|3,2
accenderent,3,1
accenderunt,2,1
accendimus,3,1
accendis,2,1
accendit,2,1
accendunt,2,1
accensa,2,1
accensae,2,1
accensi,2,1
accenso,2,1
accensus,2,1
acceperam,3,1
acceperant,3,1
acceperat,3,1
acceperim,3,1
acceperint,3,1
acceperis,3,1
acceperit,3,1
acceperitis,2|3,2
accepero,3,1
acceperunt,2,1
accepi,2,1
accepimus,3,1
accepisse,2,1
accepisset,2,1
accepissetis,2,1
accepisti,2,1
accepistis,2,1
accepit,2,1
accepta,2,1
acceptabile,3,1
acceptabilis,3,1
acceptam,2,1
acceptas,2,1
accepti,2,1
acceptio,3,1
acceptione,2,1
acceptis,2,1
acceptissima,3,1
accepto,2,1
acceptor,2,1
acceptum,2,1
accepturi,2,1
accepturum,2,1
accepturus,2,1
acceptus,2,1
accersam,2,1
accersendum,2,1
accersens,2,1
accersi,2,1
accersiit,3,1
accersiri,2,1
accersitis,2,1
accersito,2,1
accersitus,2,1
accersiuit,2,1
accesserint,3,1
accesseris,3,1
accesserit,3,1
accesserunt,2,1
accessi,2,1
accessimus,3,1
accessissent,2,1
accessisset,2,1
accessisti,2,1
accessistis,2,1
accessit,2,1
accessu,2,1
accessum,2,1
accessuri,2,1
accessus,2,1
accidat,2|3,2
acciderant,3,1
acciderat,3,1
accidere,2|3,2
accideret,3,1
acciderit,3,1
acciderunt,2,1
accidissent,2,1
accidisset,2,1
accidit,2|3,2
accincta,2,1
accinctae,2,1
accincti,2,1
accinctis,2,1
accinctos,2,1
accinctum,2,1
accinctus,2,1
accinge,2,1
accingere,2|3,2
accingi,2,1
accinxit,2,1
accipe,3,1
accipere,3,1
acciperem,3,1
acciperemus,2,1
acciperent,3,1
acciperet,3,1
accipiam,3,1
accipiamus,2,1
accipiant,3,1
accipias,3,1
accipiat,3,1
accipiatis,2,1
accipiatur,2,1
accipiebant,2,1
accipiebat,2,1
accipiemus,2,1
accipiendo,2,1
accipiendum,2,1
accipiens,3,1
accipient,3,1
accipientem,2,1
accipientes,2,1
accipientium,3,1
accipies,3,1
accipiet,3,1
accipietis,2,1
accipimus,3,1
accipio,3,1
accipis,3,1
accipit,3,1
accipite,3,1
accipitis,3,1
accipitrem,3,1
accipitur,3,1
accipiunt,3,1
accitis,2,1
accitum,2,1
acclamationibus,3,1
accola,3,1
accolae,3,1
accolis,3,1
accommodat,3,1
accommodaueris,3,1
accommodes,3,1
accubans,3,1
accubantes,2,1
accubare,2,1
accubitu,3,1
accubitum,3,1
accubuerunt,2,1
accubuisset,2,1
accubuisti,2,1
accubuit,3,1
accumbas,2,1
accumbe,2,1
accumbebant,2,1
accumbere,2|3,2
accumberet,3,1
accumbet,2,1
accurate,2,1
accurrens,2,1
accurrerunt,2,1
accurrunt,2,1
accusabant,2,1
accusabat,2,1
accusabit,2,1
accusamus,2,1
accusans,2,1
accusant,2,1
accusantes,2,1
accusantibus,3,1
accusare,2,1
accusarent,2,1
accusaretur,2,1
accusari,2,1
accusat,2,1
accusatio,3,1
accusatione,2,1
accusationem,2,1
accusationis,2,1
accusatis,2,1
accusator,2,1
accusatores,2,1
accusatoribus,3,1
accusatur,2,1
accusaturus,2,1
accusatus,2,1
accusauerunt,2,1
accusauit,2,1
accusent,2,1
accuses,2,1
accuset,2,1
accusor,2,1
acerba,2,1
acerbam,2,1
acerbi,2,1
acerbo,2,1
acerbus,2,1
aceruat,2,1
aceruatim,2,1
acerui,2,1
aceruis,2,1
aceruo,2,1
aceruorum,2,1
aceruos,2,1
aceruum,2,1
aceruus,2,1
acetabula,3,1
acetabulum,3,1
aceto,2|3,2
acetum,2,1
achaia,3,1
achaiae,3,1
achaiam,3,1
achaici,3,1
achates,2,1
acie,3,1
aciem,3,1
acies,3,1
acinace,3,1
acinacem,3,1
acinaces,3,1
acinos,3,1
acinum,3,1
acquiescamus,2,1
acquiescas,2,1
acquiescens,2,1
acquiescere,2|3,2
acquiesceret,3,1
acquiescet,2,1
acquiescit,2,1
acquiescunt,2,1
acquieuerunt,2,1
acquieui,2,1
acquieuit,2,1
acquire,2,1
acquirendi,2,1
acquirendo,2,1
acquirere,2|3,2
acquireret,3,1
acquirunt,2,1
acquisisti,2,1
acquisita,2,1
acquisitionem,2,1
acquisiuit,2,1
acriter,3,1
actibus,3,1
actio,3,1
actione,2,1
actionem,2,1
actiones,2,1
actionibus,3,1
actionis,2,1
actoribus,3,1
acturi,2,1
acturum,2,1
acturus,2,1
actuum,3,1
acuendos,2,1
acuerunt,2,1
acuet,3,1
acuit,3,1
aculeatum,2,1
aculei,3,1
aculeos,3,1
acumina,3,1
acuminibus,3,1
acuta,2,1
acutae,2,1
acutam,2,1
acuti,2,1
acutissimam,3,1
acutum,2,1
acutus,2,1
adaequabitur,3,1
adaequare,2,1
adaequata,2,1
adaequatis,2,1
adaequatus,2,1
adaequauerit,3,1
adaequauerunt,2,1
adamantem,2,1
adamaueris,3,1
adamaui,2,1
adamauit,2,1
adaperire,2,1
addatis,2,1
addatur,2,1
addebantur,2,1
addentes,2,1
addentur,2,1
addere,2|3,2
addetur,2,1
addiderint,3,1
addiderunt,2,1
addidimus,3,1
addidit,3,1
addita,3,1
additae,3,1
additamenta,2,1
addite,3,1
additi,3,1
additis,3,1
additus,3,1
adducam,2,1
adducamus,2,1
adducant,2,1
adducantur,2,1
adducas,2,1
adducat,2,1
adducatur,2,1
adducebant,2,1
adducebantur,2,1
adducebat,2,1
adducendum,2,1
adducens,2,1
adducent,2,1
adducentes,2,1
adducentur,2,1
adducere,2|3,2
adducerem,3,1
adducerent,3,1
adducerentur,2,1
adduceret,3,1
adduces,2,1
adducet,2,1
adducetur,2,1
adduci,2,1
adducit,2,1
adducite,3,1
adduco,2,1
adductam,2,1
adducti,2,1
adductis,2,1
adductum,2,1
adductus,2,1
adducunt,2,1
adducuntur,2,1
adduxerant,3,1
adduxerat,3,1
adduxerim,3,1
adduxeris,3,1
adduxerit,3,1
adduxeritis,2|3,2
adduxero,3,1
adduxerunt,2,1
adduxi,2,1
adduxissent,2,1
adduxisset,2,1
adduxisti,2,1
adduxistis,2,1
adduxit,2,1
adeamus,2,1
adeas,3,1
adeat,3,1
adepti,2,1
adeptum,2,1
adeptus,2,1
aderam,3,1
aderant,3,1
aderat,3,1
aderit,3,1
aderunt,2|3,2
adesse,2,1
adessent,2,1
adesset,2,1
adestis,2,1
adesto,2,1
adfuerat,3,1
adfuit,3,1
adhaereat,3,1
adhaerebat,2,1
adhaerebit,2,1
adhaerebunt,2,1
adhaerent,2,1
adhaerentes,2,1
adhaerentium,3,1
adhaerere,2,1
adhaereret,2,1
adhaeret,2,1
adhaeserit,3,1
adhaeserunt,2,1
adhaesi,2,1
adhaesit,2,1
adhibe,3,1
adhibebitur,3,1
adhibebuntur,2,1
adhibere,2,1
adhibui,3,1
adhibuissent,2,1
adhibuit,3,1
adhortamini,3,1
adhortans,2,1
adhortantium,3,1
adhortatus,2,1
adiacens,3,1
adiacent,3,1
adiacente,2,1
adiacentia,3,1
adiacentibus,3,1
adiacentis,2,1
adiacet,3,1
adibo,2,1
adice,3,1
adicere,3,1
adiciam,3,1
adiciamus,2,1
adicias,3,1
adiciat,3,1
adiciens,3,1
adicientur,2,1
adicies,3,1
adiciet,3,1
adicietur,2,1
adiecerunt,2,1
adiecit,2,1
adiectum,2,1
adierint,3,1
adierunt,2,1
adii,3,1
adiicere,3,1
adiiciens,3,1
adiicietur,2,1
adiit,3,1
adimplere,2,1
adimpleretur,2,1
adimplet,2,1
adimpletum,2,1
adimpletur,2,1
adimpleuit,2,1
adinuenit,2|3,2
adinuentiones,2,1
adinuentionibus,3,1
adipe,3,1
adipem,3,1
adipes,3,1
adipibus,3,1
adipisci,2,1
adire,2,1
adito,2|3,2
aditu,3,1
adiudicabit,2,1
adiudicare,2,1
adiudicatus,2,1
adiudicauit,2,1
adiuncta,2,1
adiunctae,2,1
adiuncti,2,1
adiuncto,2,1
adiungat,2,1
adiunge,2,1
adiunget,2,1
adiungetur,2,1
adiunxerunt,2,1
adiunxit,2,1
adiurans,2,1
adiurasti,2,1
adiurauit,2,1
adiuro,2,1
adiutor,2,1
adiutore,2,1
adiutorem,2,1
adiutores,2,1
adiutoria,3,1
adiutoribus,3,1
adiutoriis,3,1
adiutorio,3,1
adiutoris,2,1
adiutorium,3,1
adiutus,2,1
adiuua,3,1
adiuuabant,2,1
adiuuabat,2,1
adiuuabit,2,1
adiuuabunt,2,1
adiuuandum,2,1
adiuuans,3,1
adiuuante,2,1
adiuuantes,2,1
adiuuantibus,3,1
adiuuare,2,1
adiuuarent,2,1
adiuuaret,2,1
adiuuat,3,1
adiuuate,2,1
adiuuatur,2,1
adiuuent,3,1
adiuuentur,2,1
adiuuerant,3,1
adiuuerunt,2,1
adiuues,3,1
adiuuet,3,1
adiuuetis,2,1
adiuui,2,1
adiuuisset,2,1
adiuuisti,2,1
adiuuit,2,1
adminiculo,3,1
administrantes,2,1
administraretur,2,1
administrasset,2,1
administrat,2,1
administrationem,2,1
admirabantur,2,1
admirabatur,2,1
admirabile,3,1
admirabilis,3,1
admirabuntur,2,1
admiramini,3,1
admiramur,2,1
admirans,2,1
admirantes,2,1
admirantur,2,1
admirarentur,2,1
admirata,2,1
admiratae,2,1
admirati,2,1
admiratione,2,1
admirationem,2,1
admiratus,2,1
admiserit,3,1
admisisse,2,1
admisit,2,1
admissarii,3,1
admissarius,3,1
admissura,2,1
admitte,2,1
admittere,2|3,2
admixtione,2,1
admone,3,1
admonens,3,1
admoneo,3,1
admones,3,1
admonetur,2,1
admonitio,3,1
admonitus,3,1
admonuisset,2,1
admonuit,3,1
admouebant,2,1
admouebat,2,1
admouens,3,1
admouere,2,1
admoueret,2,1
admoueri,2,1
admouissent,2,1
admouit,2,1
adoleatur,2,1
adolebat,2,1
adolebit,2,1
adolere,2,1
adolerent,2,1
adoleret,2,1
adolescens,2,1
adolescente,2,1
adolescentem,2,1
adolescentes,2,1
adolescenti,2,1
adolescentia,3,1
adolescentiae,3,1
adolescentiam,3,1
adolescentibus,3,1
adolescentior,3,1
adolescentis,2,1
adolescentium,3,1
adolescentulam,3,1
adolescentulas,3,1
adolescentulis,3,1
adolescentulum,3,1
adolescentulus,3,1
adolescunt,2,1
adolet,3,1
adoleuerunt,2,1
adoleuit,2,1
adonia,3,1
adoptauerat,3,1
adoptauit,2,1
adoptio,3,1
adoptionem,2,1
adoptionis,2,1
adora,2|3,2
adorabant,2,1
adorabat,2,1
adorabis,2,1
adorabit,2,1
adorabitis,3,1
adorabunt,2,1
adoramus,2,1
adorandum,2,1
adorans,2,1
adorant,2,1
adorante,2,1
adorantem,2,1
adorantes,2,1
adorare,2,1
adorarem,2,1
adorarent,2,1
adoraret,2,1
adoraretur,2,1
adorari,2,1
adoras,2,1
adorassent,2,1
adorasset,2,1
adorat,2,1
adorate,2,1
adorationem,2,1
adoratis,2,1
adorato,2,1
adoratores,2,1
adoraturus,2,1
adorauerint,3,1
adoraueris,3,1
adorauerit,3,1
adoraueritis,2|3,2
adorauerunt,2,1
adoraui,2,1
adorauit,2,1
adorem,2,1
adoremus,2,1
adorent,2,1
adores,2,1
adoret,2,1
adornatus,2,1
adoro,2,1
adscribatur,2,1
adsecuto,2,1
adstantem,2,1
adstantes,2,1
adstantibus,3,1
adsume,2,1
adsumus,3,1
aduena,3,1
aduenae,3,1
aduenam,3,1
aduenarum,2,1
aduenas,3,1
aduenerant,3,1
aduenerat,3,1
aduenerit,3,1
aduenerunt,2,1
adueniat,3,1
adueniebant,2,1
adueniens,3,1
aduenient,3,1
aduenientis,2,1
adueniet,3,1
adueniret,2,1
aduenis,3,1
aduenissent,2,1
aduenisset,2,1
aduenit,2|3,2
aduentu,2,1
aduentui,3,1
aduentum,2,1
aduentus,2,1
aduersabantur,2,1
aduersantes,2,1
aduersantur,2,1
aduersarer,2,1
aduersaretur,2,1
aduersari,2,1
aduersarii,3,1
aduersariis,3,1
aduersario,3,1
aduersariorum,2,1
aduersarios,3,1
aduersaris,2,1
aduersarium,3,1
aduersarius,3,1
aduersata,2,1
aduersati,2,1
aduersatur,2,1
aduersi,2,1
aduersis,2,1
aduerso,2,1
aduersos,2,1
aduersum,2,1
aduersus,2,1
aduertit,2,1
aduesperascit,2,1
aduexerunt,2,1
aduiueret,3,1
adulatione,2,1
adulationis,2,1
adulescens,2,1
adulescente,2,1
adulescentem,2,1
adulescentes,2,1
adulescenti,2,1
adulescentia,3,1
adulescentiae,3,1
adulescentiam,3,1
adulescentibus,3,1
adulescentior,3,1
adulescentis,2,1
adulescentium,3,1
adulescentula,3,1
adulescentulae,3,1
adulescentulam,3,1
adulescentulis,3,1
adulescentulum,3,1
adulescentulus,3,1
adulta,2,1
adulter,2,1
adultera,3,1
adulterae,3,1
adulteram,3,1
adulterari,2,1
adulterarum,2,1
adulterat,3,1
adulteri,3,1
adulteria,3,1
adulterii,3,1
adulteriis,3,1
adulterini,2,1
adulterio,3,1
adulteris,3,1
adulterium,3,1
adulterorum,2,1
adulteros,3,1
adulterum,3,1
adultis,2,1
adunata,2,1
adunati,2,1
aduocabit,2,1
aduocans,3,1
aduocata,2,1
aduocati,2,1
aduocatum,2,1
aduocatus,2,1
aduocauerit,3,1
aduocet,3,1
adurens,2,1
adusta,2,1
adustione,2,1
adustus,2,1
adytis,3,1
aedibus,3,1
aediculam,3,1
aediculas,3,1
aedifica,3,1
aedificabant,2,1
aedificabat,2,1
aedificabatur,2,1
aedificabis,2,1
aedificabit,2,1
aedificabitis,3,1
aedificabitur,3,1
aedificabo,2,1
aedificabunt,2,1
aedificamus,2,1
aedificanda,2,1
aedificandae,2,1
aedificandam,2,1
aedificandi,2,1
aedificando,2,1
aedificandum,2,1
aedificans,3,1
aedificant,3,1
aedificantes,2,1
aedificanti,2,1
aedificantibus,3,1
aedificare,2,1
aedificarent,2,1
aedificares,2,1
aedificaret,2,1
aedificaretur,2,1
aedificari,2,1
aedificas,3,1
aedificasse,2,1
aedificassem,2,1
aedificasti,2,1
aedificat,3,1
aedificata,2,1
aedificatae,2,1
aedificati,2,1
aedificatio,3,1
aedificatione,2,1
aedificationem,2,1
aedificationes,2,1
aedificationibus,3,1
aedificationis,2,1
aedificatis,2,1
aedificato,2,1
aedificator,2,1
aedificatoribus,3,1
aedificatum,2,1
aedificatur,2,1
aedificaturus,2,1
aedificatus,2,1
aedificauerat,3,1
aedificauerint,3,1
aedificaueris,3,1
aedificauerit,3,1
aedificauerunt,2,1
aedificaui,2,1
aedificauit,2,1
aedificem,3,1
aedificemus,2,1
aedificent,3,1
aedificentur,2,1
aedifices,3,1
aedificet,3,1
aedificetur,2,1
aedificii,3,1
aedificiorum,2,1
aedificium,3,1
aedifico,3,1
aeditui,3,1
aedituorum,2,1
aedituos,3,1
aegrotabat,2,1
aegrotantem,2,1
aegrotantes,2,1
aegrotare,2,1
aegrotaret,2,1
aegrotasset,2,1
aegrotasti,2,1
aegrotat,2,1
aegrotationes,2,1
aegrotaui,2,1
aegrotauit,2,1
aegrotos,2,1
aegrotum,2,1
aegypte,2,1
aegypti,2,1
aegyptia,3,1
aegyptiae,3,1
aegyptiam,3,1
aegyptii,3,1
aegyptiis,3,1
aegyptio,3,1
aegyptiorum,2,1
aegyptios,3,1
aegyptium,3,1
aegyptius,3,1
aegypto,2,1
aegyptum,2,1
aegyptus,2,1
aemula,3,1
aemulabantur,2,1
aemulam,3,1
aemulandum,2,1
aemulantur,2,1
aemulare,2,1
aemulari,2,1
aemularis,2,1
aemulata,2,1
aemulatio,3,1
aemulatione,2,1
aemulationem,2,1
aemulationes,2,1
aemulator,2,1
aemulatores,2,1
aemulatur,2,1
aemulentur,2,1
aemuleris,2,1
aemuletur,2,1
aemulor,3,1
aemulum,3,1
aenea,3,1
aeneae,3,1
aeneam,3,1
aeneas,3,1
aenei,3,1
aeneis,3,1
aeneo,3,1
aeneum,3,1
aenigma,2,1
aenigmata,3,1
aenigmate,3,1
aenigmatum,3,1
aequabitur,3,1
aequabo,2,1
aequale,2,1
aequalem,2,1
aequales,2,1
aequali,2,1
aequalia,3,1
aequalis,2,1
aequalitas,3,1
aequalitate,2,1
aequalitatem,2,1
aequaliter,3,1
aequitas,3,1
aequitate,2,1
aequitatem,2,1
aequitates,2,1
aequitatis,2,1
aeramento,2,1
aeramentorum,2,1
aerarii,3,1
aerario,3,1
aerarios,3,1
aerarium,3,1
aerarius,3,1
aerea,3,1
aereae,3,1
aeream,3,1
aereas,3,1
aerei,3,1
aereis,3,1
aereo,3,1
aereos,3,1
aereum,3,1
aereus,3,1
aerii,3,1
aeriis,3,1
aerugine,3,1
aeruginem,3,1
aerugini,3,1
aerugo,2,1
aerumna,2,1
aerumnae,2,1
aerumnas,2,1
aerumnis,2,1
aestate,2,1
aestatem,2,1
aestatis,2,1
aestimabant,2,1
aestimabat,2,1
aestimabit,2,1
aestimabitur,3,1
aestimabo,2,1
aestimamus,2,1
aestimandum,2,1
aestimans,3,1
aestimantes,2,1
aestimantur,2,1
aestimare,2,1
aestimari,2,1
aestimas,3,1
aestimat,3,1
aestimata,2,1
aestimatae,2,1
aestimati,2,1
aestimatio,3,1
aestimatione,2,1
aestimationem,2,1
aestimationis,2,1
aestimatis,2,1
aestimatum,2,1
aestimatur,2,1
aestimatus,2,1
aestimauerit,3,1
aestimauerunt,2,1
aestimauit,2,1
aestimet,3,1
aestimo,3,1
aestiua,2,1
aestiuae,2,1
aestiui,2,1
aestiuis,2,1
aestiuo,2,1
aestiuorum,2,1
aestuabat,2,1
aestuabit,2,1
aestuauerunt,2,1
aetate,2,1
aetatem,2,1
aetates,2,1
aetati,2,1
aetatis,2,1
aeterna,2,1
aeternae,2,1
aeternales,2,1
aeternam,2,1
aeternas,2,1
aeterne,2,1
aeterni,2,1
aeternis,2,1
aeternitatem,2,1
aeternitates,2,1
aeternitatis,2,1
aeterno,2,1
aeternorum,2,1
aeternos,2,1
aeternum,2,1
aeternus,2,1
aethera,3,1
aethiopem,3,1
aethiopes,3,1
aethiopia,3,1
aethiopiae,3,1
aethiopiam,3,1
aethiopibus,3,1
aethiops,3,1
aethiopum,3,1
affabilem,3,1
affatus,2,1
affecerunt,2,1
affecti,2,1
affectione,2,1
affectos,2,1
affectu,2,1
affectui,3,1
affectum,2,1
affectus,2,1
afferam,3,1
afferamus,2,1
afferant,3,1
afferat,3,1
afferatur,2,1
afferebant,2,1
afferebat,2,1
afferemus,2,1
afferens,3,1
afferent,3,1
afferentem,2,1
afferentes,2,1
afferentur,2,1
afferes,3,1
afferet,3,1
afferre,2,1
afferrent,2,1
afferret,2,1
afferri,2,1
afferte,2,1
affertur,2,1
afferunt,3,1
afferuntur,2,1
afficere,3,1
afficerent,3,1
affici,3,1
afficiam,3,1
afficiant,3,1
afficietur,2,1
affigi,2,1
affinis,2,1
affinitate,2,1
affirmabat,2,1
affirmans,2,1
affirmant,2,1
affixi,2,1
affixit,2,1
afflicta,2,1
afflictae,2,1
afflictam,2,1
afflicti,2,1
afflictio,3,1
afflictione,2,1
afflictionem,2,1
afflictiones,2,1
afflictionibus,3,1
afflictionis,2,1
afflictus,2,1
affligant,2,1
affligat,2,1
affligebant,2,1
affligebat,2,1
affligens,2,1
affligere,2|3,2
affligerent,3,1
affligeret,3,1
affligi,2,1
affligit,2,1
affligitur,3,1
affligunt,2,1
affliguntur,2,1
afflixerat,3,1
afflixerit,3,1
afflixit,2,1
affluant,3,1
affluat,3,1
affluens,3,1
affluenter,2,1
affluit,3,1
affuerunt,2,1
affuisset,2,1
affuit,3,1
affuturum,2,1
africa,3,1
africam,3,1
africo,3,1
africum,3,1
agamus,2|3,2
agantur,2,1
agatis,2,1
agatur,2,1
agebant,2,1
agebat,2,1
agebatur,2,1
agendis,2,1
agendo,2,1
agendum,2,1
agente,2,1
agentes,2,1
agentibus,3,1
agentis,2,1
agere,2|3,2
agerem,3,1
agerent,3,1
agerentur,2,1
ageret,3,1
ageretur,2,1
agetis,2,1
aggerem,3,1
aggeres,3,1
aggeris,3,1
aggerum,3,1
aggrauata,2,1
aggrauatum,2,1
aggrederetur,2,1
aggredi,3,1
aggrediar,3,1
aggredietur,2,1
aggrediuntur,2,1
aggressi,2,1
aggressus,2,1
agimus,3,1
agitabis,2,1
agitabit,2,1
agitabitur,3,1
agitando,2,1
agitantes,2,1
agitantur,2,1
agitari,2,1
agitat,3,1
agitatam,2,1
agitati,2,1
agitatione,2,1
agitatis,2,1
agitatores,2,1
agite,3,1
agitent,3,1
agitet,3,1
agitis,3,1
agitur,3,1
agmina,3,1
agmine,3,1
agminibus,3,1
agminis,3,1
agminum,3,1
agnita,3,1
agnitio,3,1
agnitione,2,1
agnitionem,2,1
agnitioni,2,1
agnitionis,2,1
agnitis,3,1
agnitum,3,1
agnitus,3,1
agnorum,2,1
agnoscant,2,1
agnoscas,2,1
agnoscat,2,1
agnosce,2,1
agnoscebant,2,1
agnoscent,2,1
agnoscentes,2,1
agnoscere,2|3,2
agnoscerent,3,1
agnosceret,3,1
agnosceretur,2,1
agnosces,2,1
agnoscet,2,1
agnoscetur,2,1
agnoscis,2,1
agnoscit,2,1
agnoscitur,3,1
agnosco,2,1
agnouerunt,2,1
agnoui,2,1
agnouisset,2,1
agnouisti,2,1
agnouit,2,1
agone,2,1
agonia,3,1
agrestes,2,1
agrestia,3,1
agrestibus,3,1
agrestis,2,1
agricola,3,1
agricolae,3,1
agricolam,3,1
agricolarum,2,1
agricolas,3,1
agricolis,3,1
agricultura,2,1
agriculturae,2,1
agrippa,2,1
agrorum,2,1
aguntur,2,1
aiebat,2,1
alabastro,2,1
alabastrum,2,1
alacer,3,1
alacri,3,1
alacritate,2,1
alantur,2,1
alapam,3,1
alapas,3,1
alapis,3,1
alarum,2,1
alatur,2,1
alborem,2,1
albuginem,3,1
albugines,3,1
alebat,2,1
alenda,2,1
alendis,2,1
alendorum,2,1
alere,2|3,2
alerentur,2,1
aleretur,2,1
aletur,2,1
alexander,2,1
alexandri,2,1
alexandria,3,1
alexandriae,3,1
alexandrina,2,1
alexandrinam,2,1
alexandrinorum,2,1
alexandrinus,2,1
alexandro,2,1
alexandrum,2,1
alia,3,1
aliae,3,1
aliam,3,1
aliarum,2,1
alias,3,1
alibi,3,1
alicui,3,1
alicuius,3,1
aliena,2,1
alienae,2,1
alienam,2,1
alienas,2,1
alienati,2,1
alienatio,3,1
alienatum,2,1
alienatus,2,1
alienauit,2,1
alieni,2,1
alienigena,3,1
alienigenae,3,1
alienigenam,3,1
alienigenarum,2,1
alienigenas,3,1
alienigenis,3,1
alienis,2,1
alieno,2,1
alienorum,2,1
alienos,2,1
alienum,2,1
alienus,2,1
alii,3,1
aliis,3,1
alimenta,2,1
alimoniam,3,1
alimoniarum,2,1
alimonias,3,1
alio,3,1
aliorum,2,1
alios,3,1
aliqua,3,1
aliquae,3,1
aliquam,3,1
aliquando,2,1
aliquantam,2,1
aliquanto,2,1
aliquantulum,3,1
aliquantum,2,1
aliquas,3,1
aliquem,3,1
aliqui,3,1
aliquid,3,1
aliquis,3,1
aliquo,3,1
aliquod,3,1
aliquos,3,1
aliquot,3,1
aliquotiens,3,1
aliquoties,3,1
aliter,3,1
aliti,3,1
alitur,3,1
aliud,3,1
alium,3,1
aliunde,2,1
alius,3,1
allata,2,1
allatae,2,1
allatam,2,1
allati,2,1
allatum,2,1
allegans,2,1
allegoriam,3,1
alleluia,2,1
alleua,2|3,2
alleuabit,2,1
alleuat,2|3,2
alleuauit,2,1
alleuiaretur,2,1
allia,3,1
allicere,3,1
alliciant,3,1
allidit,2,1
alligabis,2,1
alligabunt,2,1
alligandi,2,1
alligandos,2,1
alligandum,2,1
alligans,3,1
alligant,3,1
alligantes,2,1
alligari,2,1
alligasset,2,1
alligat,3,1
alligata,2,1
alligatam,2,1
alligati,2,1
alligatos,2,1
alligatum,2,1
alligatura,2,1
alligatus,2,1
alligauerit,3,1
alligauerunt,2,1
alligauit,2,1
alligem,3,1
alliges,3,1
alliget,3,1
alligetur,2,1
allisione,2,1
allocutio,3,1
allocutione,2,1
allocutus,2,1
alloquens,3,1
alloqueris,2|3,2
alloqui,3,1
alluuione,2,1
altare,2,1
altari,2,1
altaria,3,1
altaribus,3,1
altaris,2,1
altera,3,1
alterae,3,1
alteram,3,1
alteri,3,1
alterius,3,1
alternis,2,1
altero,3,1
alteros,3,1
alterum,3,1
alterutrum,3,1
altilia,3,1
altilium,3,1
altior,3,1
altiora,2,1
altiores,2,1
altissima,3,1
altissime,3,1
altissimi,3,1
altissimis,3,1
altissimo,3,1
altissimum,3,1
altissimus,3,1
altitudine,3,1
altitudinem,3,1
altitudines,3,1
altitudinibus,3,1
altitudinis,3,1
altitudo,2,1
altius,3,1
altrinsecus,3,1
aluei,3,1
alueo,3,1
alueolo,3,1
alueos,3,1
alueum,3,1
alueus,3,1
alui,3,1
alumni,2,1
amabat,2,1
amabile,3,1
amabilem,3,1
amabiles,3,1
amabilia,3,1
amabilis,3,1
amabit,2,1
amalech,3,1
amantes,2,1
amanti,2,1
amantissima,3,1
amantissimas,3,1
amantissimus,3,1
amantium,3,1
amara,2,1
amarae,2,1
amaram,2,1
amaras,2,1
amare,2,1
amaretur,2,1
amari,2,1
amaricare,2,1
amaricatus,2,1
amariorem,2,1
amaris,2,1
amarissima,3,1
amarissimae,3,1
amarissime,3,1
amarissimo,3,1
amaritudine,3,1
amaritudinem,3,1
amaritudines,3,1
amaritudinibus,3,1
amaritudinis,3,1
amaritudo,2,1
amaro,2,1
amarum,2,1
amarus,2,1
amasia,3,1
amasiam,3,1
amasias,3,1
amastis,2,1
amate,2,1
amator,2,1
amatorem,2,1
amatores,2,1
amatoribus,3,1
amatorum,2,1
amaueris,3,1
amaui,2,1
amauit,2,1
ambarum,2,1
ambiebat,2,1
ambiens,3,1
ambigebant,2,1
ambigua,3,1
ambiguitate,2,1
ambiguum,3,1
ambiguus,3,1
ambitione,2,1
ambitiosa,2,1
ambitu,2|3,2
ambitum,2|3,2
ambitus,2|3,2
ambiunt,3,1
ambobus,2,1
amborum,2,1
ambula,3,1
ambulabam,2,1
ambulabant,2,1
ambulabas,2,1
ambulabat,2,1
ambulabimus,3,1
ambulabis,2,1
ambulabit,2,1
ambulabo,2,1
ambulabunt,2,1
ambulamus,2,1
ambulando,2,1
ambulandum,2,1
ambulans,3,1
ambulant,3,1
ambulante,2,1
ambulantem,2,1
ambulantes,2,1
ambulantibus,3,1
ambulare,2,1
ambularem,2,1
ambularemus,2,1
ambularent,2,1
ambularet,2,1
ambulas,3,1
ambulasti,2,1
ambulastis,2,1
ambulat,3,1
ambulate,2,1
ambulatis,2,1
ambulauerint,3,1
ambulaueris,3,1
ambulauerit,3,1
ambulaueritis,2|3,2
ambulauerunt,2,1
ambulaui,2,1
ambulauimus,3,1
ambulauit,2,1
ambulem,3,1
ambulemus,2,1
ambulent,3,1
ambules,3,1
ambulet,3,1
ambuletis,2,1
ambulo,3,1
amentia,3,1
amentiae,3,1
amentiam,3,1
amica,2,1
amicam,2,1
amicas,2,1
amice,2,1
amici,2|3,2
amicis,2|3,2
amicitia,3,1
amicitiae,3,1
amicitiam,3,1
amicitias,3,1
amicitiis,3,1
amicitur,2,1
amico,2,1
amicorum,2,1
amicos,2,1
amicta,2,1
amicti,2,1
amictu,2,1
amictum,2,1
amictus,2,1
amicum,2,1
amicus,2,1
amiserat,3,1
amisit,2,1
amissio,3,1
amissione,2,1
amisso,2,1
amitae,3,1
amitam,3,1
amittebant,2,1
amittere,2|3,2
amittes,2,1
amittit,2,1
ammoni,2,1
amodo,3,1
amomum,2,1
amore,2,1
amorem,2,1
amores,2,1
amoribus,3,1
amoris,2,1
amorum,2,1
amotis,2,1
amoto,2,1
amotus,2,1
amoue,3,1
amouebant,2,1
amouebis,2,1
amouerent,2,1
amoueret,2,1
amoueretur,2,1
amouerunt,2,1
amouet,3,1
amoui,2,1
amouit,2,1
amphipolim,3,1
amphora,3,1
amphorae,3,1
amphoram,3,1
amphoras,3,1
amplectentem,2,1
amplecti,2,1
amplexabitur,3,1
amplexantur,2,1
amplexatur,2,1
amplexatus,2,1
amplexibus,3,1
amplexus,2,1
ampliatum,2,1
ampliauit,2,1
amplificare,2,1
amplificata,2,1
amplificatus,2,1
amplificauit,2,1
amplificet,3,1
amplior,3,1
ampliore,2,1
ampliorem,2,1
ampliores,2,1
ampliori,2,1
amplioris,2,1
amplitudo,2,1
amplius,3,1
ampulla,2,1
ampullae,2,1
amputa,3,1
amputabitur,3,1
amputari,2,1
amputat,3,1
amputatio,3,1
amputatis,2,1
amputauerunt,2,1
amputauit,2,1
amputem,3,1
amputetur,2,1
amygdalarum,2,1
amygdalas,3,1
anathema,2|3,2
anathemate,3,1
anathematis,3,1
anchoras,3,1
ancilla,2,1
ancillae,2,1
ancillam,2,1
ancillas,2,1
ancillis,2,1
ancillulae,3,1
ancillulam,3,1
ancipitem,3,1
ancipites,3,1
ancipiti,3,1
ancoram,3,1
ancoras,3,1
andronici,2,1
andronico,2,1
andronicum,2,1
anethum,2,1
angebat,2,1
angeli,3,1
angelicum,3,1
angelis,3,1
angelo,3,1
angelorum,2,1
angelos,3,1
angelum,3,1
angelus,3,1
angorem,2,1
angularem,2,1
angulares,2,1
angulari,2,1
angularibus,3,1
anguli,3,1
angulis,3,1
angulo,3,1
angulorum,2,1
angulos,3,1
angulum,3,1
angulus,3,1
angusta,2,1
angustam,2,1
angusti,2,1
angustia,3,1
angustiae,3,1
angustiam,3,1
angustiaretur,2,1
angustias,3,1
angustiis,3,1
angustiorem,2,1
angustiores,2,1
angusto,2,1
angustum,2,1
angustus,2,1
anhelat,2,1
aniles,2,1
anima,3,1
animabus,2,1
animaduerte,2,1
animaduertet,2,1
animaduerti,2,1
animaduertis,2,1
animaduertit,2,1
animaduertite,3,1
animaduerto,2,1
animaduertunt,2,1
animae,3,1
animal,3,1
animale,2,1
animales,2,1
animalia,3,1
animalibus,3,1
animalis,2,1
animalium,3,1
animam,3,1
animantia,3,1
animantibus,3,1
animantium,3,1
animarum,2,1
animas,3,1
animi,3,1
animis,3,1
animo,3,1
animos,3,1
animositas,3,1
animositatem,2,1
animositates,2,1
animum,3,1
animus,3,1
annales,2,1
annalibus,3,1
annalium,3,1
anniculam,3,1
anniculi,3,1
anniculos,3,1
anniculum,3,1
anniculus,3,1
anniuersaria,3,1
annona,2,1
annonam,2,1
annonas,2,1
annorum,2,1
annuae,3,1
annuam,3,1
annuens,3,1
annuente,2,1
annuere,2|3,2
annuerunt,2,1
annuisset,2,1
annuit,3,1
annulo,3,1
annulos,3,1
annulum,3,1
annulus,3,1
annuntiabat,2,1
annuntiabit,2,1
annuntians,3,1
annuntiant,3,1
annuntiantes,2,1
annuntiat,3,1
annuntiatis,2,1
annuntiauerat,3,1
annuntiauit,2,1
annuntio,3,1
annuos,3,1
antea,3,1
antecedat,2,1
antecedebat,2,1
antecedet,2,1
antecedit,2,1
antecessit,2,1
antecessores,2,1
anteibit,2,1
antelucanum,2,1
antemurale,2,1
antequam,3,1
anteriore,2,1
anteriorem,2,1
antichristi,2,1
antichristus,2,1
antilibanum,3,1
antiochenos,2,1
antiochenses,2,1
antiochenum,2,1
antiochi,3,1
antiochia,3,1
antiochiae,3,1
antiochiam,3,1
antiocho,3,1
antiochum,3,1
antiochus,3,1
antipater,3,1
antiqua,2,1
antiquae,2,1
antiquam,2,1
antiquarum,2,1
antiquas,2,1
antiqui,2,1
antiquiores,2,1
antiquis,2,1
antiquitas,3,1
antiquitate,2,1
antiquitatem,2,1
antiquitus,3,1
antiquo,2,1
antiquorum,2,1
antiquos,2,1
antiquum,2,1
antiquus,2,1
antistites,3,1
anuli,3,1
anulis,3,1
anulo,3,1
anulorum,2,1
anulos,3,1
anulum,3,1
anulus,3,1
anxius,3,1
apameam,3,1
apellem,2,1
aperi,3,1
aperiam,3,1
aperiant,3,1
aperiantur,2,1
aperias,3,1
aperiat,3,1
aperiatur,2,1
aperiebant,2,1
aperiebatur,2,1
aperiemus,2,1
aperiendam,2,1
aperiendo,2,1
aperiendum,2,1
aperiens,3,1
aperiente,2,1
aperientes,2,1
aperientur,2,1
aperies,3,1
aperiet,3,1
aperietur,2,1
aperire,2,1
aperirem,2,1
aperirent,2,1
aperires,2,1
aperiret,2,1
aperiri,2,1
aperis,2|3,2
aperit,3,1
aperite,2,1
aperiunt,3,1
aperiuntur,2,1
aperta,2,1
apertae,2,1
apertam,2,1
apertas,2,1
aperte,2,1
aperti,2,1
apertione,2,1
apertionem,2,1
apertis,2,1
aperto,2,1
apertos,2,1
apertum,2,1
aperturas,2,1
apertus,2,1
aperueris,3,1
aperuerit,3,1
aperuero,3,1
aperuerunt,2,1
aperui,3,1
aperuimus,3,1
aperuissent,2,1
aperuisset,2,1
aperuisti,2,1
aperuit,3,1
apicem,3,1
apocalypsim,2,1
apocalypsis,2,1
apollo,2,1
apolloniam,3,1
apollonii,3,1
apollonio,3,1
apollonium,3,1
apollonius,3,1
apostata,3,1
apostatare,2,1
apostolatum,2,1
apostolatus,2,1
apostoli,3,1
apostolis,3,1
apostolorum,2,1
apostolos,3,1
apostolum,3,1
apostolus,3,1
apothecae,2,1
apothecas,2,1
apparatu,2,1
apparatum,2,1
apparatus,2,1
appare,2|3,2
appareant,3,1
appareas,3,1
appareat,3,1
apparebant,2,1
apparebat,2,1
apparebit,2,1
apparebo,2,1
apparens,2,1
apparent,2|3,2
apparente,2,1
apparentes,2,1
apparentibus,3,1
apparere,2|3,2
apparerent,2|3,2
appareret,2|3,2
apparet,2|3,2
apparitione,2,1
apparitores,2,1
apparuerat,3,1
apparuerint,3,1
apparuerit,3,1
apparuerunt,2,1
apparui,3,1
apparuisse,2,1
apparuisset,2,1
apparuit,3,1
appellabatur,2,1
appellabit,2,1
appellabitur,3,1
appellant,2,1
appellante,2,1
appellare,2,1
appellaretur,2,1
appellaris,2,1
appellasset,2,1
appellasti,2,1
appellata,2,1
appellatae,2,1
appellati,2,1
appellatum,2,1
appellatur,2,1
appellatus,2,1
appellauerunt,2,1
appellauit,2,1
appello,2,1
appende,2,1
appendebat,2,1
appendens,2,1
appendere,2,1
appendi,2,1
appendit,2,1
appensum,2,1
appetentes,2,1
appetit,3,1
appetitur,3,1
appetitus,2,1
appetunt,3,1
appetuntur,2,1
appiae,3,1
appii,3,1
applica,3,1
applicabimus,3,1
applicabuntur,2,1
applicant,3,1
applicarent,2,1
applicat,3,1
applicet,3,1
applicitum,3,1
applicuerunt,2,1
applicuit,3,1
apponam,2,1
apponat,2,1
apponatur,2,1
appone,2,1
apponentur,2,1
apponere,2|3,2
apponerent,3,1
appones,2,1
apponet,2,1
apponi,2,1
apponis,2,1
apponitur,3,1
apponunt,2,1
apponuntur,2,1
apporto,2,1
apposita,3,1
appositae,3,1
appositi,3,1
appositis,3,1
appositus,3,1
apposuerunt,2,1
apposui,3,1
apposuit,3,1
apprehendat,2,1
apprehende,2,1
apprehendens,2,1
apprehendentes,2,1
apprehendere,2|3,2
apprehenderit,3,1
apprehenderunt,2,1
apprehendet,2,1
apprehendi,2,1
apprehendimus,3,1
apprehendisset,2,1
apprehendit,2,1
apprehenditur,3,1
apprehensa,2,1
apprehensi,2,1
apprehensis,2,1
apprehensum,2,1
apprehensus,2,1
approbatum,2,1
appropiat,3,1
appropinqua,2,1
appropinquabant,2,1
appropinquabat,2,1
appropinquans,2,1
appropinquant,2,1
appropinquante,2,1
appropinquantem,2,1
appropinquantes,2,1
appropinquanti,2,1
appropinquantibus,3,1
appropinquare,2,1
appropinquarent,2,1
appropinquaret,2,1
appropinquassent,2,1
appropinquasset,2,1
appropinquat,2,1
appropinquauerant,3,1
appropinquauerunt,2,1
appropinquauit,2,1
appropinquet,2,1
aptari,2,1
aptasti,2,1
aptata,2,1
aptauit,2,1
aquaeductu,2,1
aquaeductum,2,1
aquaeductus,2,1
aquarum,2,1
aquatica,3,1
aquila,3,1
aquilae,3,1
aquilam,3,1
aquilarum,2,1
aquilis,3,1
aquilo,3,1
aquilone,2,1
aquilonem,2,1
aquiloni,2,1
aquilonis,2,1
arabae,3,1
arabam,2|3,2
arabant,2,1
arabas,2|3,2
arabes,3,1
arabia,3,1
arabiae,3,1
arabiam,3,1
arabibus,3,1
arabis,2|3,2
arabit,2,1
arabitur,3,1
arabum,3,1
aradii,3,1
arandum,2,1
aranea,3,1
araneae,3,1
araneam,3,1
aranearum,2,1
arantem,2,1
ararat,2,1
arare,2,1
arari,2,1
ararum,2,1
arata,2,1
arator,2,1
aratores,2,1
aratra,2,1
aratro,2,1
aratrum,2,1
aratum,2,1
aratur,2,1
arbelis,2,1
arbiter,3,1
arbitrabantur,2,1
arbitrabatur,2,1
arbitrabitur,3,1
arbitramini,3,1
arbitramur,2,1
arbitrans,3,1
arbitrantes,2,1
arbitrantur,2,1
arbitrari,2,1
arbitraris,2,1
arbitrati,2,1
arbitratur,2,1
arbitratus,2,1
arbitremini,3,1
arbitrentur,2,1
arbitretur,2,1
arbitri,3,1
arbitrio,3,1
arbitris,3,1
arbitrium,3,1
arbitror,3,1
arbore,3,1
arborem,3,1
arbores,3,1
arbori,3,1
arboribus,3,1
arboris,3,1
arborum,3,1
arbusta,2,1
arbustorum,2,1
arbustum,2,1
arcana,2,1
arcanis,2,1
arcanum,2,1
arcariis,3,1
arcarius,3,1
arcessito,2,1
archangeli,3,1
archangelus,3,1
archelaus,3,1
archisynagogi,2,1
archisynagogis,2,1
archisynagogo,2,1
archisynagogus,2,1
architectis,2,1
architecto,2,1
architectus,2,1
arcibus,3,1
arcturi,2,1
arcturo,2,1
arcturum,2,1
arcubus,3,1
arcui,3,1
arcuum,3,1
ardeam,3,1
ardeant,3,1
ardeat,3,1
ardebat,2,1
ardebit,2,1
ardebunt,2,1
ardente,2,1
ardentem,2,1
ardentes,2,1
ardenti,2,1
ardentia,3,1
ardentibus,3,1
ardentis,2,1
ardentissimo,3,1
ardentium,3,1
ardere,2,1
arderent,2,1
arderet,2,1
ardescat,2,1
ardescit,2,1
ardore,2,1
ardorem,2,1
ardoribus,3,1
ardoris,2,1
ardua,3,1
arduis,3,1
area,3,1
areae,3,1
aream,3,1
areas,3,1
aree,3,1
arefaciens,3,1
arefacta,2,1
arefactae,2,1
areis,3,1
arena,2,1
arenae,2,1
arenam,2,1
arenarum,2,1
arenosus,2,1
arentem,2,1
arentia,3,1
areolae,3,1
areolam,3,1
areolis,3,1
areopagi,3,1
areopagum,3,1
arescant,2,1
arescat,2,1
arescentibus,3,1
arescet,2,1
arescit,2,1
arescunt,2,1
areta,2,1
argentariis,3,1
argentario,3,1
argentarius,3,1
argentea,3,1
argenteae,3,1
argenteam,3,1
argenteas,3,1
argentei,3,1
argenteis,3,1
argenteo,3,1
argenteorum,2,1
argenteos,3,1
argenteum,3,1
argenteus,3,1
argenti,2,1
argento,2,1
argentum,2,1
argillam,2,1
argillosa,2,1
arguam,3,1
arguantur,2,1
arguas,3,1
arguat,3,1
arguatur,2,1
argue,3,1
arguebant,2,1
arguebat,2,1
arguendum,2,1
arguens,3,1
arguentem,2,1
arguenti,2,1
arguentur,2,1
arguere,2|3,2
argueres,3,1
argueret,3,1
arguet,3,1
arguetur,2,1
argui,3,1
arguis,3,1
arguit,3,1
arguitis,3,1
arguitur,3,1
argumentis,2,1
argumentorum,2,1
argumentum,2,1
arguo,3,1
arguunt,3,1
arguuntur,2,1
ariarathi,2,1
arida,3,1
aridae,3,1
aridam,3,1
aridis,3,1
ariditate,2,1
arido,3,1
aridorum,2,1
aridos,3,1
aridum,3,1
aries,3,1
ariete,3,1
arietem,3,1
arietes,3,1
arieti,3,1
arietibus,3,1
arietis,3,1
arietum,3,1
ariolandi,2,1
ariolos,3,1
ariolum,3,1
aristarcho,2,1
aristarchus,2,1
arius,3,1
armabit,2,1
armabitur,3,1
armamenta,2,1
armamentarium,3,1
armatam,2,1
armate,2,1
armati,2,1
armatis,2,1
armatorum,2,1
armatos,2,1
armatura,2,1
armaturae,2,1
armaturam,2,1
armatus,2,1
armauisset,2,1
armauit,2,1
armeniae,3,1
armeniorum,2,1
armenta,2,1
armentarii,3,1
armentario,3,1
armentarius,3,1
armenti,2,1
armentis,2,1
armento,2,1
armentorum,2,1
armentum,2,1
armiger,3,1
armigeri,3,1
armigerum,3,1
armilla,2,1
armillam,2,1
armillas,2,1
armorum,2,1
aromata,3,1
aromatibus,3,1
aromatum,3,1
arrabo,3,1
arrabone,2,1
arrabonem,2,1
arrepta,2,1
arreptas,2,1
arreptis,2,1
arrepto,2,1
arridens,2,1
arripe,3,1
arriperent,3,1
arripiebat,2,1
arripiens,3,1
arripientes,2,1
arripiet,3,1
arripit,3,1
arripite,3,1
arripuerit,3,1
arripui,3,1
arripuit,3,1
arrogans,3,1
arrogantem,2,1
arroganter,2,1
arrogantia,3,1
arrogantiae,3,1
arrogantiam,3,1
arsaci,3,1
arserit,3,1
artaxerxe,2,1
artaxerxem,2,1
artaxerxes,2,1
artaxerxi,2,1
artaxerxis,2,1
artemone,2,1
artibus,3,1
articuli,3,1
articulo,3,1
articulos,3,1
articulus,3,1
artifex,3,1
artificem,3,1
artifices,3,1
artificibus,3,1
artificio,3,1
artificis,3,1
artificum,3,1
artium,3,1
aruina,2,1
aruinam,2,1
arula,3,1
arundine,3,1
arundinem,3,1
arundineto,2,1
arundinis,3,1
arundo,2,1
aruspices,3,1
aruspicum,3,1
ascalone,2,1
ascalonem,2,1
ascalonis,2,1
ascendam,2,1
ascendamus,2,1
ascendant,2,1
ascendas,2,1
ascendat,2,1
ascende,2,1
ascendebant,2,1
ascendebantur,2,1
ascendebat,2,1
ascendemus,2,1
ascendens,2,1
ascendent,2,1
ascendente,2,1
ascendentem,2,1
ascendentes,2,1
ascendentibus,3,1
ascendentis,2,1
ascenderant,3,1
ascenderat,3,1
ascendere,2|3,2
ascenderent,3,1
ascenderet,3,1
ascenderint,3,1
ascenderit,3,1
ascendero,3,1
ascenderunt,2,1
ascendes,2,1
ascendet,2,1
ascendi,2,1
ascendimus,3,1
ascendisse,2,1
ascendissent,2,1
ascendisset,2,1
ascendisti,2,1
ascendit,2,1
ascendite,3,1
ascenditis,3,1
ascendo,2,1
ascendunt,2,1
ascensionem,2,1
ascensionis,2,1
ascensis,2,1
ascensorem,2,1
ascensu,2,1
ascensum,2,1
ascensura,2,1
ascensurus,2,1
ascensus,2,1
ascia,3,1
asellum,2,1
asia,3,1
asiae,3,1
asiam,3,1
asiani,2,1
asina,3,1
asinae,3,1
asinam,3,1
asinaria,3,1
asinarum,2,1
asinas,3,1
asini,3,1
asinis,3,1
asino,3,1
asinorum,2,1
asinos,3,1
asinum,3,1
asinus,3,1
aspectans,2,1
aspectu,2,1
aspectui,3,1
aspectum,2,1
aspectus,2,1
aspera,3,1
asperam,3,1
asperas,3,1
aspere,3,1
aspergantur,2,1
aspergat,2,1
aspergatur,2,1
asperge,2,1
aspergens,2,1
aspergere,2|3,2
asperges,2,1
asperget,2,1
aspergetur,2,1
aspergi,2,1
aspergit,2,1
aspergite,3,1
aspergitur,3,1
aspernabantur,2,1
aspernationem,2,1
aspernatur,2,1
asperneris,2,1
aspero,3,1
aspersa,2,1
aspersi,2,1
aspersione,2,1
aspersit,2,1
aspersus,2,1
asperum,3,1
aspexerit,3,1
aspexi,2,1
aspeximus,3,1
aspexisset,2,1
aspexisti,2,1
aspexit,2,1
aspice,3,1
aspicere,3,1
aspicerem,3,1
aspicerent,3,1
aspiceret,3,1
aspiciam,3,1
aspiciant,3,1
aspicias,3,1
aspiciat,3,1
aspiciebam,2,1
aspiciebant,2,1
aspiciebat,2,1
aspiciens,3,1
aspicient,3,1
aspicientes,2,1
aspicientibus,3,1
aspicies,3,1
aspiciet,3,1
aspicit,3,1
aspicite,3,1
aspicitis,3,1
aspiciunt,3,1
aspidem,3,1
aspidis,3,1
aspidum,3,1
aspirabit,2,1
aspirante,2,1
aspiret,2,1
asportari,2,1
asportauerat,3,1
asportauerunt,2,1
asportauit,2,1
assaturam,2,1
assecuto,2,1
assecutus,2,1
assensi,2,1
assentire,2,1
assequi,3,1
asserum,3,1
assidebat,2,1
assidentem,2,1
assidua,3,1
assiduae,3,1
assidue,3,1
assiduitas,3,1
assiduitate,2,1
assiduus,3,1
assignasti,2,1
assignauit,2,1
assimilabimus,3,1
assimilabitur,3,1
assimilari,2,1
assistebant,2,1
assistebat,2,1
assistens,2,1
assistentes,2,1
assistentibus,3,1
assistere,2|3,2
assistit,2,1
assistunt,2,1
assueti,2,1
assuetus,2,1
assumam,2,1
assumant,2,1
assumas,2,1
assume,2,1
assumens,2,1
assumentes,2,1
assumere,2|3,2
assumerent,3,1
assumes,2,1
assumet,2,1
assumis,2,1
assumit,2,1
assumitur,3,1
assumpserat,3,1
assumpserunt,2,1
assumpsi,2,1
assumpsit,2,1
assumpta,2,1
assumptio,3,1
assumptionis,2,1
assumptis,2,1
assumpto,2,1
assumptum,2,1
assumptus,2,1
assumunt,2,1
assurgere,2|3,2
assurrexisse,2,1
assyria,3,1
assyriae,3,1
assyriam,3,1
assyrii,3,1
assyriis,3,1
assyrio,3,1
assyriorum,2,1
assyrios,3,1
assyrium,3,1
assyrius,3,1
astabant,2,1
astabit,2,1
astabo,2,1
astantes,2,1
astantibus,3,1
astiterunt,2,1
astitit,3,1
astuti,2,1
astutia,3,1
astutiam,3,1
astutias,3,1
astutus,2,1
astyages,3,1
asylo,2,1
athenas,2,1
atheniensem,2,1
athenienses,2,1
atheniensibus,3,1
athenis,2,1
atramentarium,3,1
atramento,2,1
atramentum,2,1
atria,3,1
atrii,3,1
atriis,3,1
atrio,3,1
atriolum,3,1
atriorum,2,1
atrium,3,1
atrociter,3,1
attalo,3,1
attendam,2,1
attendamus,2,1
attendant,2,1
attendas,2,1
attendat,2,1
attendatis,2,1
attende,2,1
attendebat,2,1
attendens,2,1
attendentes,2,1
attendere,2|3,2
attenderis,2|3,2
attenderunt,2,1
attendi,2,1
attendit,2,1
attendite,3,1
attentae,2,1
attente,2,1
attenti,2,1
attentione,2,1
attentius,3,1
attenuati,2,1
attenuatur,2,1
attenuatus,2,1
atteratur,2,1
atterere,2|3,2
atteruntur,2,1
attestatione,2,1
attigerit,3,1
attigerunt,2,1
attigimus,3,1
attinet,3,1
attingam,2,1
attingas,2,1
attingat,2,1
attingebat,2,1
attingere,2|3,2
attingerent,3,1
attingit,2,1
attingunt,2,1
attollens,2,1
attollentes,2,1
attolles,2,1
attollite,3,1
attondent,2,1
attoniti,3,1
attonitis,3,1
attonitos,3,1
attonitus,3,1
attrahit,3,1
attraxit,2,1
attribuit,3,1
attributa,2,1
attributi,2,1
attrita,2,1
attriti,2,1
attritis,2,1
attritum,2,1
attritus,2,1
attriuerat,3,1
attriuit,2,1
attulerant,3,1
attulerat,3,1
attulerit,3,1
attulerunt,2,1
attuli,3,1
attulimus,3,1
attulissent,2,1
attulisset,2,1
attulisti,2,1
attulit,3,1
auare,2,1
auari,2,1
auaris,2,1
auaritia,3,1
auaritiae,3,1
auaritiam,3,1
auaro,2,1
auarus,2,1
auctorem,2,1
auctores,2,1
auctori,2,1
auctoribus,3,1
auctoritatis,2,1
auctorum,2,1
aucupe,3,1
aucupes,3,1
aucupio,3,1
aucupis,3,1
audaces,2,1
audaci,2,1
audacia,3,1
audaciae,3,1
audaciam,3,1
audacius,3,1
audacter,2,1
audeam,3,1
audeant,3,1
audeas,3,1
audeat,3,1
audebant,2,1
audebat,2,1
audebit,2,1
audebo,2,1
audebunt,2,1
audemus,2,1
audentes,2,1
audeo,3,1
audere,2,1
auderent,2,1
auderet,2,1
audiam,3,1
audiamus,2,1
audiant,3,1
audiantur,2,1
audias,3,1
audiat,3,1
audiatis,2,1
audiatur,2,1
audiebam,2,1
audiebant,2,1
audiebat,2,1
audiebatur,2,1
audiemus,2,1
audiendam,2,1
audiendi,2,1
audiendo,2,1
audiendum,2,1
audiens,3,1
audient,3,1
audiente,2,1
audientem,2,1
audientes,2,1
audienti,2,1
audientibus,3,1
audientium,3,1
audientur,2,1
audieram,3,1
audierant,3,1
audierat,3,1
audierimus,2|3,2
audierint,3,1
audieris,2|3,2
audierit,3,1
audieritis,2|3,2
audierunt,2,1
audies,3,1
audiet,3,1
audietis,2,1
audietur,2,1
audimus,2,1
audio,3,1
audire,2,1
audirem,2,1
audiremus,2,1
audirent,2,1
audires,2,1
audiret,2,1
audiretis,2,1
audiretur,2,1
audiri,2,1
audissem,2,1
audissemus,2,1
audissent,2,1
audisset,2,1
audissetis,2,1
audisti,2,1
audistis,2,1
audita,2,1
auditam,2,1
auditas,2,1
audite,2,1
auditio,3,1
auditione,2,1
auditionem,2,1
auditionis,2,1
auditis,2,1
audito,2,1
auditor,2,1
auditorem,2,1
auditores,2,1
auditorium,3,1
auditu,2,1
auditui,3,1
auditum,2,1
auditur,2,1
audituri,2,1
auditurum,2,1
auditurus,2,1
auditus,2,1
audiuerit,3,1
audiui,2,1
audiuimus,3,1
audiuisse,2,1
audiuistis,2,1
audiuit,2,1
audiunt,3,1
audiuntur,2,1
auellatur,2,1
auellit,2,1
auellitur,3,1
auersa,2,1
auersae,2,1
auersatur,2,1
auersatus,2,1
auersi,2,1
auersio,3,1
auersione,2,1
auersor,2,1
auersum,2,1
auersus,2,1
auertam,2,1
auertantur,2,1
auertaris,2,1
auertas,2,1
auertat,2,1
auertatur,2,1
auerte,2,1
auertebant,2,1
auertendo,2,1
auertens,2,1
auertentem,2,1
auertere,2|3,2
auerterentur,2,1
auerteret,3,1
auerteris,2|3,2
auerterit,3,1
auerterunt,2,1
auertes,2,1
auertet,2,1
auertetur,2,1
auerti,2,1
auertimus,3,1
auertis,2,1
auertissent,2,1
auertisset,2,1
auertit,2,1
auertite,3,1
auertunt,2,1
auertuntur,2,1
auete,2,1
auferam,3,1
auferant,3,1
auferas,3,1
auferat,3,1
auferatis,2,1
auferatur,2,1
auferebam,2,1
auferebant,2,1
auferebat,2,1
auferebatur,2,1
auferenda,2,1
auferendam,2,1
auferendo,2,1
auferens,3,1
auferent,3,1
auferentes,2,1
auferentur,2,1
auferes,3,1
auferet,3,1
auferetis,2,1
auferetur,2,1
aufero,3,1
auferre,2,1
auferrem,2,1
auferrent,2,1
auferres,2,1
auferret,2,1
auferretur,2,1
auferri,2,1
auferte,2,1
aufertis,2,1
aufertur,2,1
auferunt,3,1
auferuntur,2,1
aufugit,2|3,2
augeamus,2,1
augeat,3,1
augeatur,2,1
augebat,2,1
augebatur,2,1
augebit,2,1
augebo,2,1
augendam,2,1
augentem,2,1
augentur,2,1
augere,2,1
augeres,2,1
augete,2,1
augetur,2,1
augmenta,2,1
augmentum,2,1
augurandi,2,1
augurari,2,1
augures,3,1
auguria,3,1
auguriis,3,1
augurio,3,1
augurium,3,1
augurum,3,1
augustae,2,1
augusti,2,1
augusto,2,1
augustum,2,1
auia,3,1
auibus,3,1
auiditas,3,1
auiditate,2,1
auidus,3,1
auium,3,1
auocare,2,1
auolans,3,1
auolare,2,1
auolat,3,1
auolauit,2,1
auolet,3,1
auratas,2,1
aurea,3,1
aureae,3,1
auream,3,1
aureas,3,1
aurei,3,1
aureis,3,1
aureo,3,1
aureolam,3,1
aureorum,2,1
aureos,3,1
aureum,3,1
aureus,3,1
auribus,3,1
auriculae,3,1
auriculam,3,1
auriculas,3,1
auriga,2,1
aurigae,2,1
aurium,3,1
aurora,2,1
aurorae,2,1
auroram,2,1
auruginem,3,1
ausculta,2,1
auscultabunt,2,1
auscultans,2,1
auscultant,2,1
auscultantes,2,1
auscultare,2,1
auscultate,2,1
auscultaui,2,1
auscultauit,2,1
auscultes,2,1
auscultet,2,1
austeritate,2,1
austeritatem,2,1
austerius,3,1
austerus,2,1
australem,2,1
australi,2,1
australis,2,1
autumnales,2,1
autumni,2,1
autumno,2,1
auulsit,2,1
auulsos,2,1
auulsus,2,1
auunculi,3,1
auxilia,3,1
auxiliandum,2,1
auxiliante,2,1
auxiliantur,2,1
auxiliaretur,2,1
auxiliari,2,1
auxiliarii,3,1
auxiliarios,3,1
auxiliata,2,1
auxiliator,2,1
auxiliatus,2,1
auxilii,3,1
auxiliis,3,1
auxilio,3,1
auxiliorum,2,1
auxilium,3,1
auxisti,2,1
azaniae,3,1
azoto,2,1
azotum,2,1
azyma,2,1
azymis,2,1
azymorum,2,1
azymos,2,1
babylon,3,1
babylone,2,1
babylonem,2,1
babyloni,2,1
babylonia,3,1
babyloniae,3,1
babyloniam,3,1
babylonii,3,1
babyloniorum,2,1
babylonios,3,1
babylonis,2,1
bacchide,3,1
bacchidem,3,1
bacchides,3,1
bacchidi,3,1
bacchidis,3,1
baculi,3,1
baculis,3,1
baculo,3,1
baculos,3,1
baculum,3,1
baculus,3,1
bagoa,3,1
bagoae,3,1
bagoas,3,1
baiulat,3,1
baiulus,3,1
balaam,3,1
ballistas,2,1
balsamum,3,1
balteis,3,1
balteo,3,1
balteos,3,1
balteum,3,1
balteus,3,1
baptisma,2,1
baptismata,3,1
baptismate,3,1
baptismo,2,1
baptismum,2,1
baptismus,2,1
baptista,2,1
baptistae,2,1
baptistam,2,1
baptizabantur,2,1
baptizabat,2,1
baptizabimini,3,1
baptizans,2,1
baptizantur,2,1
baptizare,2,1
baptizaretur,2,1
baptizari,2,1
baptizas,2,1
baptizat,2,1
baptizata,2,1
baptizati,2,1
baptizatur,2,1
baptizatus,2,1
baptizauit,2,1
baptizentur,2,1
baptizetur,2,1
baptizo,2,1
barathrum,3,1
barbarae,3,1
barbaram,3,1
barbare,3,1
barbari,3,1
barbaris,3,1
barbaro,3,1
barbarus,3,1
baria,3,1
basilica,3,1
basilicae,3,1
basilicam,3,1
basium,3,1
bdellii,3,1
bdellium,3,1
beata,2,1
beatae,2,1
beatam,2,1
beati,2,1
beatificauit,2,1
beatior,3,1
beatissimam,3,1
beatitudine,3,1
beatitudinem,3,1
beatitudo,2,1
beatius,3,1
beato,2,1
beatos,2,1
beatum,2,1
beatus,2,1
bellabant,2,1
bellabunt,2,1
bellando,2,1
bellandum,2,1
bellantes,2,1
bellantia,3,1
bellantium,3,1
bellare,2,1
bellarent,2,1
bellator,2,1
bellatorem,2,1
bellatores,2,1
bellatoribus,3,1
bellatoris,2,1
bellatorum,2,1
bellica,3,1
bellicas,3,1
bellicis,3,1
bellicosum,2,1
belligerare,2,1
bellorum,2,1
beluae,3,1
benedicam,2|3,2
benedicamus,2,1
benedicat,2,1
benedicatur,2,1
benedicendum,2,1
benedicens,2,1
benedicentes,2,1
benedicentur,2,1
benedicere,2|3,2
benediceret,3,1
benedicet,2,1
benedicetur,2,1
benedici,2|3,2
benedicis,2|3,2
benedicit,2,1
benedicite,3,1
benedicitur,3,1
benedicta,2,1
benedictae,2,1
benedicti,2,1
benedictio,3,1
benedictione,2,1
benedictionem,2,1
benedictiones,2,1
benedictionibus,3,1
benedictionis,2,1
benedicto,2,1
benedictum,2,1
benedictus,2,1
benedixerint,3,1
benedixeris,3,1
benedixerit,3,1
benedixerunt,2,1
benedixi,2,1
benedixisset,2,1
benedixit,2,1
benefacere,3,1
benefaciendo,2,1
benefaciendum,2,1
benefacite,3,1
benefaciunt,3,1
benefactis,2,1
benefacto,2,1
benefactorum,2,1
benefeceritis,2|3,2
benefecit,2,1
beneficentiae,3,1
benefici,3,1
beneficia,3,1
beneficii,3,1
beneficiis,3,1
beneficio,3,1
beneficiorum,2,1
beneficium,3,1
beneficos,3,1
beneplaciti,3,1
beneplacito,3,1
beneplacitum,3,1
beneuolentia,3,1
beneuolentiae,3,1
beneuolentiam,3,1
beneuolis,3,1
beniamin,3,1
benigna,2,1
benignae,2,1
benignas,2,1
benigne,2,1
benigni,2,1
benignitas,3,1
benignitate,2,1
benignitatem,2,1
benignitatis,2,1
benignos,2,1
benignum,2,1
benignus,2,1
berenice,2,1
beroeam,2,1
beryllus,2,1
bestia,3,1
bestiae,3,1
bestiam,3,1
bestiarum,2,1
bestias,3,1
bestiis,3,1
bibamus,2,1
bibatis,2,1
bibebant,2,1
bibebat,2,1
bibemus,2,1
bibendi,2,1
bibendum,2,1
bibentes,2,1
bibentibus,3,1
biberant,3,1
biberat,3,1
bibere,2|3,2
biberent,3,1
biberes,3,1
biberet,3,1
biberim,3,1
biberint,3,1
biberit,3,1
biberunt,2,1
bibetis,2,1
bibimus,3,1
bibisset,2,1
bibisti,2,1
bibistis,2,1
bibite,3,1
bibitis,3,1
bibitur,3,1
bibliotheca,2,1
bibliothecam,2,1
bidui,3,1
biduo,3,1
biduum,3,1
biennii,3,1
biennio,3,1
biennium,3,1
bilibres,2,1
bilibris,2,1
bilingues,2,1
bilinguis,2,1
bimatu,2,1
binarum,2,1
bithyniae,3,1
bithyniam,3,1
bitumen,2,1
bitumine,3,1
bituminis,3,1
biuio,3,1
blandiar,3,1
blandiatur,2,1
blandiebantur,2,1
blandiebatur,2,1
blandientur,2,1
blandimenta,2,1
blandimento,2,1
blandire,2,1
blandiri,2,1
blanditi,2,1
blanditiae,3,1
blanditiis,3,1
blanditur,2,1
blandiuntur,2,1
blasphemabitur,3,1
blasphemandum,2,1
blasphemant,2,1
blasphemantes,2,1
blasphemare,2,1
blasphemaris,2,1
blasphemat,2,1
blasphematur,2,1
blasphemauerint,3,1
blasphemauerit,3,1
blasphemauerunt,2,1
blasphemetur,2,1
blasphemi,2,1
blasphemia,3,1
blasphemiae,3,1
blasphemiam,3,1
blasphemias,3,1
blasphemiis,3,1
blasphemus,2,1
bonarum,2,1
bonitas,3,1
bonitate,2,1
bonitatem,2,1
bonitatis,2,1
bonorum,2,1
boream,3,1
brachia,3,1
brachii,3,1
brachiis,3,1
brachio,3,1
brachiorum,2,1
brachium,3,1
branchiam,3,1
bratteas,3,1
breuiandi,2,1
breuiare,2,1
breuiatum,2,1
breuitatem,2,1
breuitati,2,1
breuiter,3,1
breuius,3,1
bubali,3,1
bubalorum,2,1
bubonem,2,1
bubulae,3,1
buccellam,2,1
buccellas,2,1
buccina,3,1
buccinae,3,1
buccinis,3,1
bucina,3,1
bucinae,3,1
bucinam,3,1
bucinarum,2,1
bucinis,3,1
bulliunt,3,1
butyri,3,1
butyro,3,1
butyrum,3,1
byssina,3,1
byssino,3,1
byssinum,3,1
cacabis,2|3,2
cacumen,2,1
cacumina,3,1
cacumine,3,1
cacuminibus,3,1
cacuminum,3,1
cadamus,2,1
cadauer,2,1
cadauera,3,1
cadauere,3,1
cadaueribus,3,1
cadaueris,3,1
cadauerum,3,1
cadebant,2,1
cadebat,2,1
cadentem,2,1
cadentes,2,1
cadere,2|3,2
caderem,3,1
caderent,3,1
caderet,3,1
cadite,3,1
caecatum,2,1
caecitas,3,1
caecitate,2,1
caecitatem,2,1
caecitatis,2,1
caecorum,2,1
caedamus,2,1
caedebant,2,1
caedebat,2,1
caedemus,2,1
caedenda,2,1
caedendos,2,1
caedentem,2,1
caedentes,2,1
caedentibus,3,1
caedere,2|3,2
caederent,3,1
caederentur,2,1
caedetur,2,1
caedimur,3,1
caedite,3,1
caeditur,3,1
caeduntur,2,1
caelare,2,1
caelata,2,1
caelatae,2,1
caelatas,2,1
caelati,2,1
caelatoris,2,1
caelatura,2,1
caelaturae,2,1
caelaturis,2,1
caelauit,2,1
caeleste,2,1
caelestem,2,1
caelestes,2,1
caelesti,2,1
caelestia,3,1
caelestibus,3,1
caelestis,2,1
caelestium,3,1
caelorum,2,1
caementa,2,1
caementariis,3,1
caemento,2,1
caementum,2,1
caesare,3,1
caesarea,3,1
caesareae,3,1
caesaream,3,1
caesarem,3,1
caesari,3,1
caesarie,3,1
caesariem,3,1
caesaries,3,1
caesaris,3,1
caesores,2,1
caesorum,2,1
caium,3,1
caius,3,1
calami,3,1
calamis,3,1
calamitas,2|3,2
calamitate,2,1
calamitatem,2,1
calamitates,2,1
calamitatibus,3,1
calamitatis,2,1
calamo,3,1
calamorum,2,1
calamos,3,1
calamum,3,1
calamus,2|3,2
calathi,3,1
calathus,3,1
calcabatur,2,1
calcabis,2,1
calcabit,2,1
calcabunt,2,1
calcanea,3,1
calcaneo,3,1
calcaneum,3,1
calcantes,2,1
calcantibus,3,1
calcantis,2,1
calcare,2,1
calcatis,2,1
calcator,2,1
calcatus,2,1
calcauerit,3,1
calcauit,2,1
calceamenta,2,1
calceamentorum,2,1
calceamentum,2,1
calceati,2,1
calceatos,2,1
calceis,3,1
calcitrare,2,1
calculo,3,1
calculum,3,1
calculus,3,1
calefaciat,3,1
calefacies,3,1
calefacta,2,1
calefacti,2,1
calefactum,2,1
calefactus,2,1
calendae,2,1
calendas,2,1
calendis,2,1
calice,3,1
calicem,3,1
calices,3,1
calicibus,3,1
calicis,3,1
calicum,3,1
calida,3,1
calidam,3,1
calidas,3,1
calidi,3,1
calido,3,1
calidos,3,1
calidus,3,1
caliga,2|3,2
caligabunt,2,1
caligae,3,1
caligas,2|3,2
caligine,3,1
caliginem,3,1
caliginis,3,1
caliginosis,2,1
caliginoso,2,1
caliginosum,2,1
caligo,2,1
callida,3,1
callide,3,1
callidi,3,1
callidior,3,1
callidus,3,1
callisthenem,3,1
calore,2,1
calorem,2,1
caluariae,3,1
caluariam,3,1
caluitio,3,1
caluitium,3,1
calumnia,3,1
calumniabaris,2,1
calumniam,3,1
calumniantibus,3,1
calumniantis,2,1
calumniantur,2,1
calumniari,2,1
calumnias,3,1
calumniatorem,2,1
calumniatoris,2,1
calumniatur,2,1
calumniatus,2,1
calumnientur,2,1
calumniis,3,1
cameli,2,1
camelis,2,1
camelo,2,1
camelorum,2,1
camelos,2,1
camelum,2,1
camelus,2,1
cameram,3,1
camini,2,1
camino,2,1
caminum,2,1
caminus,2,1
campestrem,2,1
campestres,2,1
campestri,2,1
campestria,3,1
campestribus,3,1
campestris,2,1
camporum,2,1
canalem,2,1
canales,2,1
canalibus,3,1
cancellarius,3,1
cancellis,2,1
cancellos,2,1
candacis,3,1
candelabra,2,1
candelabri,2,1
candelabris,2,1
candelabro,2,1
candelabrorum,2,1
candelabrum,2,1
candentes,2,1
candentis,2,1
candida,3,1
candidam,3,1
candidi,3,1
candidiores,2,1
candido,3,1
candidum,3,1
candidus,3,1
candorem,2,1
candoris,2,1
canebant,2,1
canebat,2,1
canendum,2,1
canentem,2,1
canentes,2,1
canentium,3,1
canere,2|3,2
canerent,2|3,2
caneret,2|3,2
canibus,3,1
canistra,2,1
canistro,2,1
canistrum,2,1
canite,3,1
canitie,3,1
canitiei,3,1
canitiem,3,1
canities,3,1
canitis,3,1
canitur,3,1
cantabant,2,1
cantabimus,3,1
cantabit,2,1
cantabitur,3,1
cantabo,2,1
cantabunt,2,1
cantando,2,1
cantandum,2,1
cantantes,2,1
cantantis,2,1
cantantium,3,1
cantari,2,1
cantate,2,1
cantatio,3,1
cantatrices,2,1
cantauerunt,2,1
cantauimus,3,1
cantauit,2,1
cantemus,2,1
cantica,3,1
cantici,3,1
canticis,3,1
cantico,3,1
canticorum,2,1
canticum,3,1
cantilenis,2,1
cantionum,2,1
cantores,2,1
cantoribus,3,1
cantorum,2,1
cantrices,2,1
capacissima,3,1
capacissimus,3,1
capere,3,1
caperent,3,1
caperentur,2,1
caperet,3,1
caperetur,2,1
capiam,3,1
capiantur,2,1
capiaris,2,1
capias,3,1
capiat,3,1
capiatur,2,1
capiebant,2,1
capiebat,2,1
capiemus,2,1
capienda,2,1
capiendam,2,1
capiendas,2,1
capiendos,2,1
capiendum,2,1
capiens,3,1
capient,3,1
capientes,2,1
capientibus,3,1
capientur,2,1
capieris,2,1
capies,3,1
capiet,3,1
capietis,2,1
capietur,2,1
capillatum,2,1
capilli,2,1
capillis,2,1
capillo,2,1
capillorum,2,1
capillos,2,1
capillum,2,1
capillus,2,1
capita,2|3,2
capite,2|3,2
capitella,2,1
capitellum,2,1
capiti,2|3,2
capitibus,3,1
capitio,3,1
capitis,2|3,2
capitium,3,1
capito,2|3,2
capitulo,3,1
capitulum,3,1
capitum,2|3,2
capiunt,3,1
capiuntur,2,1
cappadocia,3,1
cappadociae,3,1
cappadociam,3,1
capparis,3,1
caprarum,2,1
caprea,3,1
capreae,3,1
capream,3,1
caprearum,2,1
capreas,3,1
capreis,3,1
caprinis,2,1
capsella,2,1
capsellam,2,1
captabat,2,1
captio,3,1
captionem,2,1
captiua,2,1
captiuae,2,1
captiuam,2,1
captiuare,2,1
captiuas,2,1
captiui,2,1
captiuis,2,1
captiuitas,3,1
captiuitate,2,1
captiuitatem,2,1
captiuitatis,2,1
captiuorum,2,1
captiuos,2,1
captiuum,2,1
captiuus,2,1
captura,2,1
capturam,2,1
capturum,2,1
capturus,2,1
capulum,3,1
capulus,3,1
carbasina,2,1
carbones,2,1
carbonibus,3,1
carbonum,2,1
carbunculi,3,1
carbunculo,3,1
carbunculos,3,1
carbunculum,3,1
carbunculus,3,1
carcere,3,1
carcerem,3,1
carceres,3,1
carceribus,3,1
carceris,3,1
carcerum,3,1
cardine,3,1
cardinem,3,1
cardines,3,1
cardinum,3,1
cardui,3,1
carduum,3,1
careat,3,1
carebit,2,1
caree,3,1
carentem,2,1
carenti,2,1
carentis,2,1
carere,2|3,2
cariam,3,1
caricarum,2,1
carinae,2,1
carior,3,1
carissima,3,1
carissimae,3,1
carissimam,3,1
carissime,3,1
carissimi,3,1
carissimis,3,1
carissimo,3,1
carissimos,3,1
carissimum,3,1
carissimus,3,1
caritas,3,1
caritate,2,1
caritatem,2,1
caritati,2,1
caritatis,2,1
carmeli,2,1
carmelo,2,1
carmelum,2,1
carmelus,2,1
carmina,3,1
carmine,3,1
carminibus,3,1
carminis,3,1
carminum,3,1
carnalem,2,1
carnales,2,1
carnali,2,1
carnalia,3,1
carnalibus,3,1
carnalis,2,1
carneum,3,1
carnibus,3,1
carnifex,3,1
carnificem,3,1
carnium,3,1
carpatur,2,1
carpebant,2,1
carpenda,2,1
carpenta,2,1
carpentario,3,1
carpentarius,3,1
carpere,2|3,2
carragine,3,1
carraginem,3,1
carrucis,2,1
cartilago,2,1
caruit,3,1
casei,3,1
caseo,3,1
caseum,3,1
casia,3,1
casiae,3,1
casibus,3,1
cassia,3,1
cassiam,3,1
castella,2,1
castellis,2,1
castello,2,1
castellum,2,1
castigabant,2,1
castigabo,2,1
castigans,2,1
castigat,2,1
castigati,2,1
castigatio,3,1
castigatione,2,1
castigationes,2,1
castigationibus,3,1
castigauit,2,1
castigo,2,1
castitas,3,1
castitate,2,1
castitatem,2,1
castitati,2,1
castorum,2|3,2
castrametati,2,1
castrametatus,2,1
castrorum,2,1
casui,3,1
casula,3,1
casulam,3,1
casulis,3,1
casurum,2,1
casurus,2,1
cataractae,2,1
cataractas,2,1
catelli,2,1
catellis,2,1
catena,2,1
catenae,2,1
catenam,2,1
catenarum,2,1
catenas,2,1
catenis,2,1
caterua,2,1
cateruae,2,1
cateruam,2,1
cathedra,3,1
cathedram,3,1
cathedras,3,1
cathedris,3,1
catini,2,1
catino,2,1
catuli,3,1
catulis,3,1
catulorum,2,1
catulos,3,1
catulum,3,1
catulus,3,1
caudarum,2,1
caueam,3,1
caueant,3,1
cauebit,2,1
cauendum,2,1
cauerant,3,1
cauere,2,1
cauerna,2,1
cauernam,2,1
cauernas,2,1
cauernis,2,1
cauete,2,1
caumate,3,1
causabitur,3,1
causati,2,1
causeris,2,1
cautionem,2,1
ceciderant,3,1
ceciderat,3,1
ceciderint,3,1
ceciderit,3,1
ceciderunt,2,1
cecidi,2|3,2
cecidimus,3,1
cecidisse,2,1
cecidissent,2,1
cecidisset,2,1
cecidisti,2,1
cecidit,2|3,2
cecinerit,3,1
cecinerunt,2,1
cecinimus,3,1
cecinit,3,1
cedebat,2,1
cedere,2|3,2
cedrina,3,1
cedrinis,3,1
cedrino,3,1
celabat,2,1
celabit,2,1
celabo,2,1
celamus,2,1
celandus,2,1
celare,2,1
celari,2,1
celauerit,3,1
celauerunt,2,1
celaui,2,1
celauit,2,1
celeberrimas,3,1
celeberrimum,3,1
celeberrimus,3,1
celebra,3,1
celebrabatur,2,1
celebrabit,2,1
celebrabitis,3,1
celebrabitur,3,1
celebrandam,2,1
celebrandum,2,1
celebrante,2,1
celebrantes,2,1
celebrantis,2,1
celebrantur,2,1
celebrare,2,1
celebrarent,2,1
celebrarentur,2,1
celebraret,2,1
celebraretur,2,1
celebrari,2,1
celebrassent,2,1
celebrasset,2,1
celebrata,2,1
celebrate,2,1
celebratis,2,1
celebratum,2,1
celebratur,2,1
celebrauerunt,2,1
celebrauit,2,1
celebre,3,1
celebrem,3,1
celebremus,2,1
celebrent,3,1
celebretur,2,1
celebri,3,1
celebrior,3,1
celebritas,3,1
celebritate,2,1
celebritatem,2,1
celerem,3,1
celeres,3,1
celeritate,2,1
celeriter,3,1
celerius,3,1
celerrime,3,1
celeuma,3,1
cellaria,3,1
cellario,3,1
cellarium,3,1
cellulas,3,1
cellulis,3,1
cenabo,2,1
cenacula,3,1
cenaculi,3,1
cenaculis,3,1
cenaculo,3,1
cenaculorum,2,1
cenaculum,3,1
cenandum,2,1
cenantibus,3,1
cenatum,2,1
cenauit,2,1
cenchreis,3,1
centena,2,1
centenario,3,1
centenarius,3,1
centeni,2,1
centenos,2,1
centesimam,3,1
centesimi,3,1
centesimo,3,1
centesimum,3,1
centies,3,1
centuplum,3,1
centuriis,3,1
centurio,3,1
centurione,2,1
centuriones,2,1
centurioni,2,1
centurionibus,3,1
centurionis,2,1
ceperant,3,1
ceperat,3,1
ceperit,3,1
ceperitis,2|3,2
ceperunt,2,1
cepimus,3,1
cepissent,2,1
cepisset,2,1
cepisti,2,1
cepistis,2,1
cerebrum,3,1
cernentes,2,1
cernentibus,3,1
cernentis,2,1
cernerent,3,1
cerneret,3,1
cernitis,3,1
certabat,2,1
certabit,2,1
certamen,2,1
certamina,3,1
certamine,3,1
certamini,3,1
certaminibus,3,1
certaminis,3,1
certaminum,3,1
certamus,2,1
certando,2,1
certare,2,1
certatim,2,1
certauerant,3,1
certauerit,3,1
certauerunt,2,1
certissimam,3,1
certissime,3,1
certius,3,1
ceruarum,2,1
ceruical,2,1
ceruicalia,3,1
ceruice,2,1
ceruicem,2,1
ceruices,2,1
ceruicibus,3,1
ceruicis,2,1
ceruicum,2,1
ceruorum,2,1
cessabant,2,1
cessabat,2,1
cessabis,2,1
cessabit,2,1
cessabunt,2,1
cessamus,2,1
cessantibus,3,1
cessare,2,1
cessarent,2,1
cessaret,2,1
cessarit,2,1
cessassent,2,1
cessasset,2,1
cessate,2,1
cessatum,2,1
cessaturum,2,1
cessauerat,3,1
cessauerit,3,1
cessauerunt,2,1
cessaui,2,1
cessauimus,3,1
cessauit,2,1
cesseris,2|3,2
cesserunt,2,1
cessimus,3,1
cessionis,2,1
cessisset,2,1
cetera,3,1
ceterae,3,1
ceteram,3,1
ceterarum,2,1
ceteras,3,1
ceteri,3,1
ceteris,3,1
cetero,3,1
ceterorum,2,1
ceteros,3,1
ceterum,3,1
cetorum,2,1
chaerea,3,1
chaeream,3,1
chaereas,3,1
chalcedonius,3,1
chaldaea,2,1
chaldaeae,2,1
chaldaeam,2,1
chaldaei,2,1
chaldaeis,2,1
chaldaeo,2,1
chaldaeorum,2,1
chaldaeos,2,1
chaldaeus,2,1
chanaan,3,1
charismata,3,1
chirographo,3,1
chirographum,3,1
chlamyde,3,1
chlamydem,3,1
chlamydis,3,1
cholera,3,1
choleram,3,1
chordarum,2,1
chorea,3,1
christiani,2,1
christianum,2,1
christianus,2,1
chronicorum,2,1
chrysolithi,3,1
cibaria,3,1
cibariis,3,1
ciborum,2,1
cicatrice,2,1
cicatricem,2,1
cicatrices,2,1
cicatricis,2,1
cicatrix,2,1
ciconia,3,1
ciconiae,3,1
cidarim,3,1
cilicia,3,1
ciliciae,3,1
ciliciam,3,1
ciliciis,3,1
cilicinus,2,1
cilicio,3,1
cilicium,3,1
cincinni,2,1
cincinnis,2,1
cincinnos,2,1
cinere,3,1
cinerem,3,1
cineres,3,1
cineri,3,1
cineribus,3,1
cineris,3,1
cinerum,3,1
cingebant,2,1
cingebat,2,1
cingulo,3,1
cingulum,3,1
cinnamomi,2,1
cinnamomo,2,1
cinnamomum,2,1
cinxerant,3,1
cinxerit,3,1
circino,3,1
circiter,3,1
circuibant,2,1
circuibat,2,1
circuiens,3,1
circuierunt,2,1
circuire,2,1
circuit,3,1
circuitis,2|3,2
circuitu,3,1
circuitum,3,1
circuitus,3,1
circuiuit,2,1
circuli,3,1
circulis,3,1
circulo,3,1
circulos,3,1
circulum,3,1
circulus,3,1
circumacti,2,1
circumagam,3,1
circumamictos,2,1
circumcide,2,1
circumcidere,2|3,2
circumcideretur,2,1
circumcidet,2,1
circumcidetur,2,1
circumcidi,2,1
circumcidisse,2,1
circumcidit,2,1
circumcidite,3,1
circumciduntur,2,1
circumcisa,2,1
circumcisi,2,1
circumcisio,3,1
circumcisione,2,1
circumcisionem,2,1
circumcisionis,2,1
circumcisis,2,1
circumcisum,2,1
circumcisus,2,1
circumda,2,1
circumdabant,3,1
circumdabantur,2,1
circumdabat,3,1
circumdabit,3,1
circumdabo,3,1
circumdans,2,1
circumdant,2,1
circumdantes,2,1
circumdaretur,2,1
circumdari,3,1
circumdat,2,1
circumdata,3,1
circumdatae,3,1
circumdate,3,1
circumdati,3,1
circumdatos,3,1
circumdatus,3,1
circumdederant,3,1
circumdederat,3,1
circumdederis,2|3,2
circumdederunt,2,1
circumdedi,2|3,2
circumdedisti,2,1
circumdedit,2|3,2
circumducendi,2,1
circumducens,2,1
circumducere,2|3,2
circumduci,2,1
circumduxerunt,2,1
circumduxit,2,1
circumeant,3,1
circumegit,2,1
circumeunt,3,1
circumeuntes,2,1
circumeuntibus,3,1
circumfer,2,1
circumferentes,2,1
circumferre,2,1
circumferretur,2,1
circumfertur,2,1
circumferuntur,2,1
circumfusa,2,1
circumfusum,2,1
circumfusus,2,1
circumibant,2,1
circumibat,2,1
circumiens,3,1
circumierunt,2,1
circumire,2,1
circumirent,2,1
circumit,3,1
circumligata,2,1
circumligatum,2,1
circumplexi,2,1
circumplexus,2,1
circumponentes,2,1
circumpositae,3,1
circumposuit,3,1
circumsaepsit,2,1
circumsaeptam,2,1
circumsedebant,2,1
circumsedentibus,3,1
circumseptum,2,1
circumspectans,2,1
circumspectis,2,1
circumspexi,2,1
circumspexisset,2,1
circumspice,3,1
circumspicere,3,1
circumspicias,3,1
circumspiciebat,2,1
circumspiciens,3,1
circumspicientes,2,1
circumspicit,3,1
circumstabant,2,1
circumstans,2,1
circumstante,2,1
circumstantes,2,1
circumstantiae,3,1
circumstantibus,3,1
circumstarent,2,1
circumstat,2,1
circumsteterunt,2,1
circumuenerat,3,1
circumuenerunt,2,1
circumueniat,3,1
circumueniens,3,1
circumuenimus,2|3,2
circumuenit,2|3,2
circumuentus,2,1
cisterna,2,1
cisternae,2,1
cisternam,2,1
cisternarum,2,1
cisternas,2,1
cisternis,2,1
citata,2,1
citate,2,1
citato,2,1
citatum,2,1
citatus,2,1
cithara,3,1
citharae,3,1
citharam,3,1
cithararum,2,1
citharas,3,1
citharis,3,1
citharizantium,3,1
citharoedorum,2,1
citius,3,1
ciuibus,3,1
ciuilitatem,2,1
ciuitas,3,1
ciuitate,2,1
ciuitatem,2,1
ciuitates,2,1
ciuitati,2,1
ciuitatibus,3,1
ciuitatis,2,1
ciuitatum,2,1
ciuium,3,1
clamabam,2,1
clamabant,2,1
clamabat,2,1
clamabis,2,1
clamabit,2,1
clamabo,2,1
clamabunt,2,1
clamamus,2,1
clamante,2,1
clamantem,2,1
clamantes,2,1
clamantia,3,1
clamantibus,3,1
clamantis,2,1
clamantium,3,1
clamare,2,1
clamarem,2,1
clamarent,2,1
clamaret,2,1
clamari,2,1
clamasset,2,1
clamate,2,1
clamauerat,3,1
clamauerit,3,1
clamauerunt,2,1
clamaui,2,1
clamauimus,3,1
clamauit,2,1
clamitat,3,1
clamito,3,1
clamore,2,1
clamorem,2,1
clamores,2,1
clamoribus,3,1
clamoris,2,1
clamosa,2,1
clangere,2|3,2
clangore,2,1
clangorem,2,1
clarifica,3,1
clarificatus,2,1
clarificaui,2,1
clarissimus,3,1
claritas,3,1
claritate,2,1
claritatem,2,1
claritatis,2,1
clarius,3,1
claruit,3,1
classibus,3,1
claudamus,2,1
claudantur,2,1
claudebatur,2,1
claudendi,2,1
claudentur,2,1
claudere,2|3,2
clauderem,2|3,2
clauderetur,2,1
claudetur,2,1
claudia,3,1
claudicabat,2,1
claudicans,3,1
claudicantem,2,1
claudio,3,1
claudite,3,1
clauditis,3,1
claudius,3,1
claudorum,2,1
clauorum,2,1
clauserat,3,1
clauserit,3,1
clauserunt,2,1
clausisset,2,1
clemente,2,1
clementer,2,1
clementes,2,1
clementia,3,1
clementiae,3,1
clementiam,3,1
clementibus,3,1
clementis,2,1
clementissima,3,1
cleopatra,3,1
cleopatram,3,1
clibani,3,1
clibano,3,1
clibanum,3,1
clibanus,3,1
clipei,3,1
clipeis,3,1
clipeo,3,1
clipeorum,2,1
clipeos,3,1
clipeum,3,1
clipeus,3,1
clypei,3,1
clypeis,3,1
clypeo,3,1
clypeos,3,1
clypeum,3,1
clypeus,3,1
coaceruata,2,1
coacti,2,1
coacto,2,1
coactus,2,1
coaequalis,2,1
coaequasti,2,1
coaequauit,2,1
coagitatam,2,1
coagulatum,2,1
coagulatus,2,1
coangustatum,2,1
coartabitur,3,1
coccinea,3,1
coccineam,3,1
coccineum,3,1
coccino,3,1
coccinum,3,1
cochleam,3,1
coctio,3,1
coctione,2,1
cocyti,2,1
codice,3,1
coegerunt,2,1
coegistis,2,1
coelesyriae,3,1
coemptionem,2,1
coenacula,3,1
coenaculo,3,1
coenaculum,3,1
coeperant,3,1
coeperat,3,1
coeperimus,2|3,2
coeperint,3,1
coeperis,3,1
coeperit,3,1
coepero,3,1
coeperunt,2,1
coepimus,3,1
coepissem,2,1
coepissent,2,1
coepisset,2,1
coepisti,2,1
coepistis,2,1
coerceat,3,1
coercitus,3,1
coetibus,3,1
coeuntes,2,1
cogebant,2,1
cogebantur,2,1
cogebat,2,1
cogente,2,1
cogentes,2,1
cogentibus,3,1
cogerent,3,1
cogeres,3,1
cogeret,3,1
cogetur,2,1
cogita,3,1
cogitabam,2,1
cogitabant,2,1
cogitabat,2,1
cogitabis,2,1
cogitabit,2,1
cogitabo,2,1
cogitando,2,1
cogitans,3,1
cogitant,3,1
cogitante,2,1
cogitantem,2,1
cogitantes,2,1
cogitantibus,3,1
cogitare,2,1
cogitarem,2,1
cogitaremus,2,1
cogitarent,2,1
cogitas,3,1
cogitasset,2,1
cogitasti,2,1
cogitastis,2,1
cogitat,3,1
cogitate,2,1
cogitatio,3,1
cogitatione,2,1
cogitationem,2,1
cogitationes,2,1
cogitationi,2,1
cogitationibus,3,1
cogitationis,2,1
cogitationum,2,1
cogitatis,2,1
cogitato,2,1
cogitatu,2,1
cogitatum,2,1
cogitatus,2,1
cogitaueram,3,1
cogitauerat,3,1
cogitauerit,3,1
cogitauerunt,2,1
cogitaui,2,1
cogitauit,2,1
cogitemus,2,1
cogitet,3,1
cogitetis,2,1
cogito,3,1
cognata,2,1
cognati,2,1
cognatio,3,1
cognatione,2,1
cognationem,2,1
cognationes,2,1
cognationi,2,1
cognationibus,3,1
cognationis,2,1
cognationum,2,1
cognatis,2,1
cognato,2,1
cognatos,2,1
cognatum,2,1
cognatus,2,1
cognita,3,1
cogniti,3,1
cognitio,3,1
cognitione,2,1
cognitionem,2,1
cognitis,3,1
cognito,3,1
cognitor,3,1
cognitum,3,1
cognituri,2,1
cognitus,3,1
cognomen,2,1
cognomento,2,1
cognominabatur,2,1
cognominatur,2,1
cognominatus,2,1
cognominauit,2,1
cognomine,3,1
cognoscam,2,1
cognoscamus,2,1
cognoscant,2,1
cognoscas,2,1
cognoscat,2,1
cognoscatis,2,1
cognoscatur,2,1
cognosce,2,1
cognoscebam,2,1
cognoscebant,2,1
cognoscebat,2,1
cognoscemus,2,1
cognoscendam,2,1
cognoscendum,2,1
cognoscens,2,1
cognoscent,2,1
cognoscentem,2,1
cognoscentes,2,1
cognoscentur,2,1
cognoscere,2|3,2
cognoscerem,3,1
cognoscerent,3,1
cognosceres,3,1
cognosceret,3,1
cognosces,2,1
cognoscet,2,1
cognoscetis,2,1
cognoscetur,2,1
cognosci,2,1
cognoscimus,3,1
cognoscis,2,1
cognoscit,2,1
cognoscite,3,1
cognoscitis,3,1
cognoscitur,3,1
cognosco,2,1
cognoscunt,2,1
cognoscuntur,2,1
cognouerant,3,1
cognouerat,3,1
cognoueris,3,1
cognouerit,3,1
cognoueritis,2|3,2
cognouero,3,1
cognouerunt,2,1
cognoui,2,1
cognouimus,3,1
cognouissem,2,1
cognouissent,2,1
cognouisses,2,1
cognouisset,2,1
cognouisti,2,1
cognouistis,2,1
cognouit,2,1
cohaerebant,2,1
cohaerebunt,2,1
cohaerentem,2,1
cohaerentes,2,1
cohaerentia,3,1
coheredes,2,1
coheredibus,3,1
coheres,2,1
cohibebant,2,1
cohibere,2,1
cohibetur,2,1
cohibita,3,1
cohibuit,3,1
cohortantes,2,1
cohortem,2,1
cohortes,2,1
cohortis,2,1
cohortium,3,1
coierit,3,1
coinquinant,3,1
coinquinare,2,1
coinquinari,2,1
coinquinat,3,1
coinquinata,2,1
coinquinati,2,1
coinquinatum,2,1
coire,2,1
coiret,2,1
coitu,3,1
coitum,3,1
coitus,3,1
colamus,2,1
colaphis,3,1
colatis,2,1
colebant,2,1
colebantur,2,1
colebat,2,1
colendi,2,1
colendum,2,1
colentes,2,1
colentibus,3,1
colentis,2,1
colentium,3,1
colere,2|3,2
colerent,3,1
coliae,3,1
colimus,3,1
colite,3,1
colitis,3,1
colitur,3,1
collactaneus,3,1
collapsus,2,1
collata,2,1
collatione,2,1
collationem,2,1
collationum,2,1
collatus,2,1
collecta,2,1
collectae,2,1
collectam,2,1
collecti,2,1
collectio,3,1
collectionem,2,1
collectiones,2,1
collectis,2,1
collecto,2,1
collectos,2,1
collectus,2,1
collega,2,1
collegam,2,1
collegerat,3,1
collegerint,3,1
collegeris,3,1
collegerunt,2,1
collegimus,3,1
collegissent,2,1
collegisset,2,1
collegisti,2,1
collegit,2,1
collibus,3,1
collident,2,1
colliduntur,2,1
colligam,3,1
colligant,3,1
colligantur,2,1
colligare,2,1
colligas,3,1
colligat,3,1
colligata,2,1
colligati,2,1
colligatio,3,1
colligatis,2,1
colligatum,2,1
colligauit,2,1
colligebant,2,1
colligebat,2,1
colligendas,2,1
colligendi,2,1
colligendis,2,1
colligendum,2,1
colligens,3,1
colligent,3,1
colligentem,2,1
colligentes,2,1
colligentur,2,1
colligere,2|3,2
colligerent,3,1
colligeret,3,1
colliges,3,1
colliget,3,1
colligetur,2,1
colligi,3,1
colligimus,3,1
colligit,3,1
colligite,3,1
colligitur,3,1
colligo,3,1
colligunt,3,1
colliguntur,2,1
collisae,2,1
collisi,2,1
collisione,2,1
collisionem,2,1
collium,3,1
collocabo,2,1
collocabuntur,2,1
collocant,3,1
collocat,3,1
collocata,2,1
collocate,2,1
collocatis,2,1
collocatum,2,1
collocauerunt,2,1
collocauit,2,1
collocet,3,1
collocutus,2,1
colloquebantur,2,1
colloquentes,2,1
colloquere,2|3,2
colloqui,3,1
colloquia,3,1
colloquium,3,1
collyrio,3,1
collyrium,3,1
coloni,2,1
colonia,3,1
coloniam,3,1
colonis,2,1
colono,2,1
colonos,2,1
colonus,2,1
colore,2,1
colorem,2,1
colores,2,1
coloribus,3,1
coloris,2,1
colorum,2,1
colossenses,2,1
colossis,2,1
coluber,3,1
colubri,3,1
colubros,3,1
colubrum,3,1
coluerunt,2,1
coluimus,3,1
coluit,3,1
columba,2,1
columbae,2,1
columbam,2,1
columbarum,2,1
columbas,2,1
columellas,2,1
columna,2,1
columnae,2,1
columnam,2,1
columnarum,2,1
columnas,2,1
columnatum,2,1
columnis,2,1
comburam,2,1
comburantur,2,1
comburendos,2,1
comburendum,2,1
comburens,2,1
comburentes,2,1
comburerentur,2,1
combureret,3,1
combureretur,2,1
comburet,2,1
comburetur,2,1
comburi,2,1
comburit,2,1
comburuntur,2,1
combusserit,3,1
combusserunt,2,1
combussit,2,1
combusta,2,1
combustae,2,1
combusti,2,1
combustos,2,1
combustum,2,1
comedam,3,1
comedamus,2,1
comedant,3,1
comedas,3,1
comedat,3,1
comedatis,2,1
comede,3,1
comedebant,2,1
comedebat,2,1
comedemus,2,1
comedendi,2,1
comedendum,2,1
comedens,3,1
comedent,3,1
comedente,2,1
comedentes,2,1
comederant,3,1
comederat,3,1
comedere,2|3,2
comederemus,2,1
comederent,3,1
comederes,3,1
comederet,3,1
comederetis,2,1
comederint,3,1
comederis,2|3,2
comederit,3,1
comederitis,2|3,2
comederunt,2,1
comedes,3,1
comedet,3,1
comedetis,2,1
comedi,2|3,2
comedimus,3,1
comedis,3,1
comedissent,2,1
comedisset,2,1
comedisti,2,1
comedit,2|3,2
comedite,3,1
comeditis,3,1
comeditur,3,1
comedunt,3,1
comeduntur,2,1
cominus,3,1
comissationes,2,1
comissationibus,3,1
comissationis,2,1
comissatores,2,1
comitabantur,2,1
comitabatur,2,1
comitante,2,1
comitari,2,1
comitati,2,1
comitatu,2,1
comitatur,2,1
comitatus,2,1
comite,3,1
comites,3,1
comitetur,2,1
comitibus,3,1
comitum,3,1
commaculans,3,1
commeant,3,1
commeatus,2,1
commemorabitur,3,1
commemorandum,2,1
commemorans,3,1
commemoratae,2,1
commemorati,2,1
commemoratio,3,1
commemorationem,2,1
commemoratus,2,1
commenda,2,1
commendabam,2,1
commendabat,2,1
commendabit,2,1
commendamus,2,1
commendant,2,1
commendantes,2,1
commendare,2,1
commendari,2,1
commendasse,2,1
commendasset,2,1
commendat,2,1
commendata,2,1
commendati,2,1
commendaticiis,3,1
commendatus,2,1
commendauerat,3,1
commendauerit,3,1
commendaui,2,1
commendauit,2,1
commendent,2,1
commendo,2,1
commentariis,3,1
commentarius,3,1
commercio,3,1
commerui,3,1
commeruit,3,1
commilitonem,2,1
commilitoni,2,1
comminabatur,2,1
comminans,3,1
comminantes,2,1
comminatione,2,1
comminationem,2,1
comminatus,2,1
comminuam,3,1
comminuet,3,1
comminui,3,1
comminuisset,2,1
comminuit,3,1
comminuitur,3,1
comminus,3,1
comminuta,2,1
comminuti,2,1
comminutus,2,1
commisce,2,1
commisceamini,3,1
commiscens,2,1
commiscent,2,1
commiscere,2,1
commisceri,2,1
commiscetur,2,1
commiscuerunt,2,1
commiscuit,3,1
commiserat,3,1
commiserimus,2|3,2
commiserint,3,1
commiserit,3,1
commiserunt,2,1
commisi,2,1
commisimus,3,1
commisit,2,1
commissio,3,1
commissis,2,1
commissum,2,1
commissura,2,1
commissuram,2,1
commissuras,2,1
commissurus,2,1
committant,2,1
committe,2,1
committebam,2,1
committebant,2,1
committere,2|3,2
committerent,3,1
committit,2,1
committitis,3,1
committunt,2,1
commixta,2,1
commixtae,2,1
commixti,2,1
commixtione,2,1
commixtis,2,1
commixtum,2,1
commoda,3,1
commodare,2,1
commodarent,2,1
commodasti,2,1
commodat,3,1
commodatus,2,1
commodauerit,3,1
commodaui,2,1
commodauimus,3,1
commodius,3,1
commodum,3,1
commone,3,1
commonebo,2,1
commonens,3,1
commonere,2,1
commonitione,2,1
commonitionem,2,1
commonuisti,2,1
commorabatur,2,1
commorabitur,3,1
commorans,3,1
commorante,2,1
commorantem,2,1
commorantes,2,1
commorantium,3,1
commorantur,2,1
commoraretur,2,1
commorari,2,1
commorata,2,1
commorati,2,1
commoratio,3,1
commoratione,2,1
commoratur,2,1
commoratus,2,1
commoremur,2,1
commoretur,2,1
commori,3,1
commortui,3,1
commota,2,1
commotae,2,1
commoti,2,1
commotio,3,1
commotione,2,1
commotionem,2,1
commotionis,2,1
commotis,2,1
commotum,2,1
commotus,2,1
commoueantur,2,1
commouear,3,1
commoueat,3,1
commoueatur,2,1
commouebantur,2,1
commouebit,2,1
commouebitur,3,1
commouebo,2,1
commouebor,2,1
commouebuntur,2,1
commouendum,2,1
commouentes,2,1
commouentur,2,1
commouere,2,1
commoueri,2,1
commouerit,3,1
commouerunt,2,1
commouet,3,1
commoui,2,1
commouisti,2,1
commouit,2,1
commune,2,1
communem,2,1
communes,2,1
communi,2,1
communia,3,1
communibus,3,1
communica,3,1
communicabit,2,1
communicabo,2,1
communicans,3,1
communicant,3,1
communicantes,2,1
communicare,2,1
communicat,3,1
communicatio,3,1
communicatione,2,1
communicationem,2,1
communicationis,2,1
communicatis,2,1
communicauerunt,2,1
communicauit,2,1
communices,3,1
communicet,3,1
communico,3,1
communio,3,1
communione,2,1
communionem,2,1
communionis,2,1
communiter,3,1
commutabimus,3,1
commutabitur,3,1
commutans,2,1
commutare,2,1
commutata,2,1
commutati,2,1
commutatio,3,1
commutatione,2,1
commutationem,2,1
commutationes,2,1
commutationibus,3,1
commutationis,2,1
commutatur,2,1
commutatus,2,1
commutes,2,1
commutetur,2,1
commuto,2,1
compacta,2,1
compactum,2,1
compagem,2,1
compages,2,1
compaginem,3,1
compaginis,3,1
compago,2,1
comparabimus,3,1
comparabis,2,1
comparabitur,3,1
comparabo,2,1
comparamus,2,1
comparanda,2,1
comparantes,2,1
comparantur,2,1
comparare,2,1
comparari,2,1
comparasti,2,1
comparastis,2,1
comparata,2,1
comparate,2,1
comparati,2,1
comparatio,3,1
comparatione,2,1
comparationem,2,1
comparationibus,3,1
comparatis,2,1
comparatus,2|3,2
comparauerunt,2,1
comparaui,2,1
comparauimus,3,1
comparauit,2,1
comparemus,2,1
comparet,2|3,2
comparetur,2,1
comparis,2|3,2
comparuit,3,1
compati,3,1
compatientes,2,1
compedem,3,1
compedes,3,1
compedibus,3,1
compegit,2,1
compellam,2,1
compellar,2,1
compelle,2,1
compellebatur,2,1
compellente,2,1
compelleret,3,1
compelleris,2|3,2
compellet,2,1
compelletur,2,1
compelli,2,1
compello,2,1
compendii,3,1
comperi,3,1
comperio,3,1
comperisset,2,1
comperit,3,1
comperto,2,1
compescens,2,1
compescuit,3,1
competit,3,1
compingantur,2,1
compingite,3,1
compitis,3,1
compitorum,2,1
complacent,2|3,2
complacere,2,1
complacet,2|3,2
complacui,3,1
complacuit,3,1
complanata,2,1
complanauit,2,1
compleant,3,1
compleantur,2,1
compleas,3,1
compleat,3,1
compleatis,2,1
compleatur,2,1
complebant,2,1
complebantur,2,1
complebis,2,1
complebit,2,1
complebo,2,1
complebunt,2,1
complectens,2,1
complectuntur,2,1
complentes,2,1
complentur,2,1
compleo,3,1
complerentur,2,1
compleret,2,1
compleretur,2,1
complessent,2,1
complesset,2,1
complesti,2,1
completa,2,1
completae,2,1
completam,2,1
complete,2,1
completi,2,1
completis,2,1
completum,2,1
completus,2,1
compleuerat,3,1
compleuerint,3,1
compleueris,3,1
compleuerit,3,1
compleuerunt,2,1
compleuit,2,1
complexus,2,1
complicat,3,1
complodere,2|3,2
complosis,2,1
complura,2,1
compluribus,3,1
componam,2,1
componamus,2,1
compone,2,1
componendum,2,1
componens,2,1
componentes,2,1
componere,2|3,2
componet,2,1
componetur,2,1
componis,2,1
componunt,2,1
comportabant,2,1
comportabis,2,1
comportant,2,1
composita,3,1
compositae,3,1
compositam,3,1
compositi,3,1
compositio,3,1
compositione,2,1
compositionem,2,1
compositioni,2,1
compositionis,2,1
compositis,3,1
composito,3,1
compositum,3,1
compositus,3,1
composuerit,3,1
composuerunt,2,1
composuit,3,1
comprehendam,2,1
comprehendant,2,1
comprehendantur,2,1
comprehendat,2,1
comprehende,2,1
comprehendentes,2,1
comprehendere,2|3,2
comprehenderent,3,1
comprehenderet,3,1
comprehenderetur,2,1
comprehenderis,2|3,2
comprehenderit,3,1
comprehenderunt,2,1
comprehendes,2,1
comprehendet,2,1
comprehendetur,2,1
comprehendisse,2,1
comprehendissent,2,1
comprehendit,2,1
comprehendite,3,1
comprehendunt,2,1
comprehenduntur,2,1
comprehensa,2,1
comprehensae,2,1
comprehensi,2,1
comprehensione,2,1
comprehensos,2,1
comprehensum,2,1
comprehensus,2,1
compressa,2,1
compresserit,3,1
compresserunt,2,1
compressit,2,1
comprimam,3,1
comprimebant,2,1
comprimebatur,2,1
comprimens,3,1
comprimentem,2,1
comprimerent,3,1
comprimit,3,1
comprimunt,3,1
comprobabit,2,1
comprobans,3,1
comprobatum,2,1
comprobatur,2,1
comprobent,3,1
compugnantium,3,1
compulerunt,2,1
compulit,3,1
compulsi,2,1
compulsis,2,1
compulsus,2,1
compuncti,2,1
compunctionis,2,1
computabam,2,1
computabant,2,1
computabitur,3,1
computabuntur,2,1
computant,3,1
computantur,2,1
computare,2,1
computaremus,2,1
computat,3,1
computata,2,1
computatae,2,1
computati,2,1
computatione,2,1
computatis,2,1
computatur,2,1
computatus,2,1
computaueris,3,1
computet,3,1
computetur,2,1
computruit,3,1
conabatur,2,1
conarentur,2,1
conari,2,1
conata,2,1
conati,2,1
conatu,2,1
conatum,2,1
conatur,2,1
conatus,2,1
concaluit,3,1
concedam,2,1
concedamus,2,1
concedas,2,1
concedatur,2,1
concede,2,1
concedendum,2,1
concedente,2,1
concedentes,2,1
concedere,2|3,2
concederet,3,1
concederetur,2,1
concedi,2,1
concedimus,3,1
concedit,2,1
conceditur,3,1
concentum,2,1
concentus,2,1
conceperit,3,1
conceperunt,2,1
concepi,2,1
concepimus,3,1
concepisse,2,1
concepisset,2,1
concepisti,2,1
concepit,2,1
concepta,2,1
concepti,2,1
conceptionem,2,1
conceptiones,2,1
concepto,2,1
conceptu,2,1
conceptum,2,1
conceptus,2,1
concertatio,3,1
concertauerunt,2,1
concessa,2,1
concesserat,3,1
concessi,2,1
concessimus,3,1
concessio,3,1
concessisti,2,1
concessit,2,1
concidam,2|3,2
concidat,2|3,2
concidebant,2,1
concidendi,2,1
concidens,2|3,2
concident,2|3,2
conciderant,3,1
concidere,2|3,2
conciderent,3,1
concideris,2|3,2
conciderunt,2,1
concides,2|3,2
concidet,2|3,2
concidi,2|3,2
concidisset,2,1
concidisti,2,1
concidit,2|3,2
concidite,3,1
conciliare,2,1
concilii,3,1
conciliis,3,1
concilio,3,1
concilium,3,1
concinebant,2,1
concinentibus,3,1
concinite,3,1
concinnabat,2,1
concinnanda,2,1
concinnant,2,1
concinnat,2,1
concinnauit,2,1
concinnum,2,1
concio,3,1
concionem,2,1
concipere,3,1
conciperent,3,1
conciperet,3,1
conciperetur,2,1
concipiens,3,1
concipiet,3,1
concipit,3,1
concisam,2,1
concisas,2,1
concise,2,1
concisi,2,1
concisione,2,1
concisus,2,1
concitabant,2,1
concitabantur,2,1
concitabit,2,1
concitant,3,1
concitantem,2,1
concitantur,2,1
concitasti,2,1
concitat,3,1
concitata,2,1
concitatae,2,1
concitati,2,1
concitatur,2,1
concitatus,2,1
concitauerit,3,1
concitauerunt,2,1
concitauit,2,1
concitetur,2,1
conciti,3,1
concito,3,1
conciues,2,1
conclamabant,2,1
conclamat,2,1
conclamate,2,1
conclamauit,2,1
conclaue,2,1
conclaui,2,1
concludens,2,1
concluderent,3,1
concludi,2,1
concludit,2,1
concluditur,3,1
conclusae,2,1
concluserat,3,1
concluseris,3,1
concluserit,3,1
concluserunt,2,1
conclusi,2,1
conclusione,2,1
conclusionem,2,1
conclusis,2,1
conclusisset,2,1
conclusisti,2,1
conclusit,2,1
conclusus,2,1
concordant,2,1
concordia,3,1
concordiam,3,1
concremabunt,2,1
concremare,2,1
concremata,2,1
concrematae,2,1
concrepantes,2,1
concrepare,2,1
concrescat,2,1
concrescit,2,1
concrescunt,2,1
concretum,2,1
concreuerit,3,1
concubina,2,1
concubinae,2,1
concubinam,2,1
concubinarum,2,1
concubinas,2,1
concubinis,2,1
concubitores,2,1
concubitu,3,1
concubitum,3,1
concubitus,3,1
concubuerit,3,1
concubuisti,2,1
concubuit,3,1
conculca,2,1
conculcabo,2,1
conculcans,2,1
conculcari,2,1
conculcata,2,1
conculcatam,2,1
conculcationem,2,1
conculcatum,2,1
conculcauerunt,2,1
conculcauit,2,1
conculcet,2,1
concumbere,2|3,2
concumberet,3,1
concupierat,3,1
concupiscas,2,1
concupiscat,2,1
concupiscatis,2,1
concupiscendum,2,1
concupiscens,2,1
concupiscentia,3,1
concupiscentiae,3,1
concupiscentiam,3,1
concupiscentias,3,1
concupiscentiis,3,1
concupiscere,2|3,2
concupisceret,3,1
concupisces,2,1
concupiscet,2,1
concupiscit,2,1
concupiscite,3,1
concupiscitis,3,1
concupiscunt,2,1
concupiui,2,1
concupiuit,2,1
concurrebat,2,1
concurrens,2,1
concurrent,2,1
concurrente,2,1
concurrentem,2,1
concurrentes,2,1
concurrentibus,3,1
concurrere,2|3,2
concurrerunt,2,1
concurrit,2,1
concurrite,3,1
concurritis,3,1
concursio,3,1
concursu,2,1
concursum,2,1
concursus,2,1
concussa,2,1
concussae,2,1
concussi,2,1
concussione,2,1
concussit,2,1
concussum,2,1
concuti,3,1
concutiens,3,1
concutiet,3,1
concutit,3,1
concutitur,3,1
concutiuntur,2,1
condantur,2,1
condatur,2,1
condecet,3,1
condemnabimini,3,1
condemnabis,2,1
condemnabit,2,1
condemnabitur,3,1
condemnabo,2,1
condemnabunt,2,1
condemnans,2,1
condemnant,2,1
condemnare,2,1
condemnas,2,1
condemnassent,2,1
condemnassetis,2,1
condemnasti,2,1
condemnastis,2,1
condemnat,2,1
condemnata,2,1
condemnati,2,1
condemnationem,2,1
condemnationis,2,1
condemnatus,2,1
condemnauerit,3,1
condemnauerunt,2,1
condemnauit,2,1
condemnemus,2,1
condemnet,2,1
condemno,2,1
condensa,2,1
condensae,2,1
condensam,2,1
condensis,2,1
condentur,2,1
condere,2|3,2
conderentur,2,1
conderet,3,1
condicione,2,1
condicionibus,3,1
condictum,2,1
condiderunt,2,1
condidit,3,1
condientes,2,1
condies,3,1
condignae,2,1
condignam,2,1
condiscipulos,3,1
condita,2|3,2
conditae,2|3,2
conditas,2|3,2
condite,2|3,2
conditio,3,1
conditione,2,1
conditionis,2,1
condito,2|3,2
conditor,2|3,2
conditores,2,1
conditorum,2,1
conditum,2|3,2
conditus,2|3,2
condixerant,3,1
condixerit,3,1
condixi,2,1
condolere,2,1
conducam,2,1
conducat,2,1
conducebant,2,1
conducebat,2,1
conducere,2|3,2
conducerent,3,1
conducit,2,1
conducta,2,1
conducto,2,1
conductum,2,1
conducunt,2,1
conduntur,2,1
conduxerint,3,1
conduxerunt,2,1
conduxi,2,1
conduxissent,2,1
conduxisti,2,1
conduxit,2,1
conectatur,2,1
conentur,2,1
coneris,2,1
conexum,2,1
confecisti,2,1
confecta,2,1
confectam,2,1
confecto,2,1
confectum,2,1
confectus,2,1
conferatur,2,1
conferebant,2,1
conferens,3,1
conferentes,2,1
conferet,3,1
conferetis,2,1
conferetur,2,1
conferre,2,1
conferretur,2,1
confertam,2,1
conferti,2,1
confertis,2,1
conferunt,3,1
confessa,2,1
confessi,2,1
confessio,3,1
confessione,2,1
confessionem,2,1
confessionibus,3,1
confessionis,2,1
confessos,2,1
confessus,2,1
confestim,2,1
conficere,3,1
confici,3,1
conficiant,3,1
conficiat,3,1
conficiatur,2,1
conficiebant,2,1
conficiendos,2,1
conficiens,3,1
conficiet,3,1
confide,2,1
confidebant,2,1
confidebas,2,1
confidebat,2,1
confidens,2,1
confidentem,2,1
confidenter,2,1
confidentes,2,1
confidentia,3,1
confidentiam,3,1
confidere,2|3,2
confideret,3,1
confidet,2,1
confidimus,3,1
confidis,2,1
confidit,2,1
confidite,3,1
confiditis,3,1
confido,2,1
confidunt,2,1
configatur,2,1
confige,2,1
configere,2|3,2
configerent,3,1
configitur,3,1
confines,2,1
confinia,3,1
confinio,3,1
confinium,3,1
confinxit,2,1
confirma,2,1
confirmabantur,2,1
confirmabatur,2,1
confirmabis,2,1
confirmabit,2,1
confirmanda,2,1
confirmandam,2,1
confirmandas,2,1
confirmandos,2,1
confirmans,2,1
confirmant,2,1
confirmantes,2,1
confirmantur,2,1
confirmare,2,1
confirmaret,2,1
confirmasset,2,1
confirmasti,2,1
confirmat,2,1
confirmata,2,1
confirmate,2,1
confirmati,2,1
confirmatio,3,1
confirmatione,2,1
confirmationem,2,1
confirmato,2,1
confirmatos,2,1
confirmatum,2,1
confirmatur,2,1
confirmatus,2,1
confirmauerunt,2,1
confirmaui,2,1
confirmauit,2,1
confirmentur,2,1
confirmes,2,1
confirmet,2,1
confirmetis,2,1
confirmetur,2,1
confirmo,2,1
confisa,2,1
confisi,2,1
confisus,2,1
confiteamur,2,1
confiteantur,2,1
confitearis,2,1
confiteatur,2,1
confitebantur,2,1
confitebatur,2,1
confiteberis,3,1
confitebimur,3,1
confitebitur,3,1
confitebor,2,1
confitebuntur,2,1
confitemini,3,1
confitemur,2,1
confitendum,2,1
confitentem,2,1
confitentes,2,1
confitentium,3,1
confitentur,2,1
confiteor,3,1
confitere,2,1
confiterentur,2,1
confiterer,2,1
confiteretur,2,1
confiteri,2,1
confitetur,2,1
confixerunt,2,1
confixi,2,1
confixus,2,1
conflata,2,1
conflatile,3,1
conflatio,3,1
conflatur,2,1
conflatus,2,1
conflauerunt,2,1
conflauit,2,1
conflictu,2,1
confligere,2|3,2
confluebant,2,1
confluxerat,3,1
confodere,2|3,2
confodit,2|3,2
conformari,2,1
conforme,2,1
conformes,2,1
confortamini,3,1
confortans,2,1
confortare,2,1
confortat,2,1
confortata,2,1
confortati,2,1
confortatus,2,1
confortauit,2,1
confortetur,2,1
confracta,2,1
confractae,2,1
confracti,2,1
confractis,2,1
confracto,2,1
confractum,2,1
confractus,2,1
confregi,2,1
confregisti,2,1
confregit,2,1
confricantes,2,1
confringam,2,1
confringatur,2,1
confringe,2,1
confringent,2,1
confringentur,2,1
confringes,2,1
confringet,2,1
confringetur,2,1
confringit,2,1
confringite,3,1
confudisset,2,1
confudisti,2,1
confudit,2,1
confugerant,3,1
confugerat,3,1
confugere,2|3,2
confugerint,3,1
confugerit,3,1
confugerunt,2,1
confugi,2|3,2
confugiam,3,1
confugiat,3,1
confugiendum,2,1
confugiens,3,1
confugies,3,1
confugiet,3,1
confugii,3,1
confugimus,3,1
confugissent,2,1
confugisti,2,1
confugit,2|3,2
confugiunt,3,1
confundam,2,1
confundamus,2,1
confundantur,2,1
confundar,2,1
confundaris,2,1
confundas,2,1
confundat,2,1
confundatur,2,1
confunde,2,1
confundens,2,1
confundentur,2,1
confundere,2|3,2
confunderis,2|3,2
confundet,2,1
confundetur,2,1
confundit,2,1
confunditur,3,1
confundor,2,1
confunduntur,2,1
confusa,2,1
confusi,2,1
confusio,3,1
confusione,2,1
confusionem,2,1
confusioni,2,1
confusionis,2,1
confusum,2,1
confusus,2,1
congaudet,2,1
congere,3,1
congerebant,2,1
congerie,3,1
congeriem,3,1
congeries,3,1
congeritur,3,1
congesseris,3,1
congessi,2,1
congessit,2,1
congesto,2,1
conglobati,2,1
conglobatos,2,1
conglobatus,2,1
conglutinat,3,1
conglutinata,2,1
conglutinatus,2,1
congratulamini,3,1
congratulantes,2,1
congratulor,3,1
congredietur,2,1
congreditur,3,1
congrega,3,1
congregabat,2,1
congregabit,2,1
congregabo,2,1
congregabuntur,2,1
congregamini,3,1
congregandi,2,1
congregans,3,1
congregant,3,1
congregantes,2,1
congregantur,2,1
congregare,2,1
congregarentur,2,1
congregaret,2,1
congregari,2,1
congregasset,2,1
congregasti,2,1
congregat,3,1
congregata,2,1
congregatae,2,1
congregate,2,1
congregati,2,1
congregatio,3,1
congregatione,2,1
congregationem,2,1
congregationes,2,1
congregationi,2,1
congregationis,2,1
congregatis,2,1
congregato,2,1
congregatos,2,1
congregatur,2,1
congregatus,2,1
congregauerant,3,1
congregauerunt,2,1
congregaui,2,1
congregauit,2,1
congregem,3,1
congregentur,2,1
congreget,3,1
congregetur,2,1
congressi,2,1
congressione,2,1
congressis,2,1
congressuri,2,1
congressus,2,1
congruam,3,1
congruebant,2,1
congruenter,2,1
congruit,3,1
congruum,3,1
conicere,3,1
conicit,3,1
coniectores,2,1
coniectoribus,3,1
coniectoris,2,1
coniecturam,2,1
coniicere,3,1
coniugali,2,1
coniuge,3,1
coniugem,3,1
coniuges,3,1
coniugia,3,1
coniugibus,3,1
coniugii,3,1
coniugio,3,1
coniugis,3,1
coniugium,3,1
coniugum,3,1
coniuncta,2,1
coniunctae,2,1
coniuncti,2,1
coniunctione,2,1
coniunctiones,2,1
coniunctus,2,1
coniungantur,2,1
coniungat,2,1
coniungere,2|3,2
coniungeretur,2,1
coniungetur,2,1
coniungi,2,1
coniungitur,3,1
coniungunt,2,1
coniunxerant,3,1
coniunxit,2,1
coniurassent,2,1
coniuratio,3,1
coniuratione,2,1
coniurationem,2,1
coniurauerant,3,1
coniurauerunt,2,1
coniurauit,2,1
connexum,2,1
connubia,3,1
connubium,3,1
conquassata,2,1
conquerentes,2,1
conquerentibus,3,1
conquiescam,2,1
conquiescent,2,1
conquiescet,2,1
conquiescit,2,1
conquieuit,2,1
conquiram,2,1
conquirere,2|3,2
conquirerent,3,1
conquiritis,3,1
conquisitio,3,1
conquisitione,2,1
consaepta,2,1
consanguineis,3,1
consanguineum,3,1
consanguineus,3,1
conscendam,2,1
conscendant,2,1
conscendens,2,1
conscendere,2|3,2
conscenderit,3,1
conscenderunt,2,1
conscendite,3,1
conscendunt,2,1
conscia,3,1
conscientia,3,1
conscientiae,3,1
conscientiam,3,1
conscientiis,3,1
conscissa,2,1
conscium,3,1
conscius,3,1
conscribere,2|3,2
conscribi,2,1
conscripsit,2,1
conscripta,2,1
conscripti,2,1
conscriptiones,2,1
conscriptionibus,3,1
conscriptum,2,1
consecrabant,2,1
consecrabis,2,1
consecrabo,2,1
consecrantur,2,1
consecrare,2,1
consecraret,2,1
consecrarunt,2,1
consecrat,3,1
consecrata,2,1
consecratae,2,1
consecratam,2,1
consecrati,2,1
consecratio,3,1
consecratione,2,1
consecrationem,2,1
consecrationis,2,1
consecratis,2,1
consecratum,2,1
consecratur,2,1
consecratus,2,1
consecrauerant,3,1
consecrauerat,3,1
consecrauerit,3,1
consecrauerunt,2,1
consecraui,2,1
consecrauit,2,1
consecrentur,2,1
consecretur,2,1
consecuta,2,1
consecutam,2,1
consecuti,2,1
consecutura,2,1
consecuturus,2,1
consecutus,2,1
consederant,3,1
consedere,2,1
consederunt,2,1
consedit,2,1
consenescunt,2,1
consenserat,3,1
consenserint,3,1
consenserunt,2,1
consensi,2,1
consensisse,2,1
consensit,2,1
consensu,2,1
consensurum,2,1
consensus,2,1
consentias,3,1
consentiat,3,1
consentiebant,2,1
consentiendum,2,1
consentiens,3,1
consentientes,2,1
consentimus,2,1
consentio,3,1
consentit,2,1
consentiunt,3,1
consenui,3,1
consepulti,2,1
consequamur,2,1
consequantur,2,1
consequaris,2,1
consequebantur,2,1
consequemur,2,1
consequens,3,1
consequente,2,1
consequenter,2,1
consequentur,2,1
consequeretur,2,1
consequeris,2|3,2
consequetur,2,1
consequi,3,1
consequitur,3,1
conseretur,2,1
conserua,2,1
conseruabat,2,1
conseruabis,2,1
conseruabit,2,1
conseruantur,2,1
conseruare,2,1
conseruarentur,2,1
conseruaret,2,1
conseruaretur,2,1
conseruasti,2,1
conseruat,2,1
conseruata,2,1
conseruatae,2,1
conseruatam,2,1
conseruate,2,1
conseruati,2,1
conseruatio,3,1
conseruatis,2,1
conseruaueritis,2|3,2
conseruauerunt,2,1
conseruaui,2,1
conseruauit,2,1
conseruent,2,1
conserues,2,1
conseruet,2,1
conserui,2|3,2
conseruis,2,1
conseruo,2,1
conseruos,2,1
conseruus,2,1
conside,2,1
considera,3,1
considerabam,2,1
considerabant,2,1
considerabat,2,1
considerabis,2,1
considerabit,2,1
considerabo,2,1
considerandam,2,1
considerans,3,1
considerant,3,1
considerantes,2,1
consideranti,2,1
considerare,2,1
considerarem,2,1
consideraret,2,1
consideras,3,1
considerat,3,1
considerata,2,1
consideratam,2,1
considerate,2,1
consideratis,2,1
considerato,2,1
consideratores,2,1
considerauerit,3,1
considerauerunt,2,1
consideraui,2,1
considerauit,2,1
considere,2|3,2
consideremus,2,1
considerent,3,1
consideres,3,1
consideret,3,1
considero,3,1
considunt,2,1
consignata,2,1
consilia,3,1
consiliari,2,1
consiliarii,3,1
consiliariis,3,1
consiliario,3,1
consiliariorum,2,1
consiliarios,3,1
consiliarium,3,1
consiliarius,3,1
consiliati,2,1
consiliator,2,1
consiliatores,2,1
consiliatus,2,1
consilii,3,1
consiliis,3,1
consilio,3,1
consiliorum,2,1
consilium,3,1
consimilem,3,1
consimiles,3,1
consimili,3,1
consistam,2,1
consistant,2,1
consistas,2,1
consistat,2,1
consiste,2,1
consistens,2,1
consistent,2,1
consistentes,2,1
consistere,2|3,2
consisteret,3,1
consistet,2,1
consistit,2,1
consistite,3,1
consistorio,3,1
consistunt,2,1
consita,3,1
consitae,3,1
consito,3,1
consitum,3,1
consobrinam,2,1
consobrini,2,1
consobrino,2,1
consobrinum,2,1
consobrinus,2,1
consolabantur,2,1
consolabatur,2,1
consolaberis,3,1
consolabitur,3,1
consolabor,2,1
consolabuntur,2,1
consolamini,3,1
consolamur,2,1
consolandum,2,1
consolans,2,1
consolantes,2,1
consolantur,2,1
consolare,2,1
consolarentur,2,1
consolarer,2,1
consolaretur,2,1
consolari,2,1
consolata,2,1
consolati,2,1
consolatio,3,1
consolatione,2,1
consolationem,2,1
consolationes,2,1
consolationis,2,1
consolator,2,1
consolatorem,2,1
consolatores,2,1
consolatoria,3,1
consolatur,2,1
consolatus,2,1
consolentur,2,1
consoleris,2,1
consoletur,2,1
consona,3,1
consortem,2,1
consortes,2,1
consortia,3,1
consortibus,3,1
consortio,3,1
consortium,3,1
conspectis,2,1
conspecto,2,1
conspectu,2,1
conspectui,3,1
conspectum,2,1
conspectus,2,1
conspergunt,2,1
conspersa,2,1
conspersae,2,1
conspersam,2,1
conspersi,2,1
conspersos,2,1
conspersum,2,1
conspexerit,3,1
conspexit,2,1
conspicere,2|3,2
conspicias,3,1
conspiciens,3,1
conspicis,3,1
conspicit,3,1
conspicitur,3,1
conspiciuntur,2,1
conspirauerant,3,1
conspirauerunt,2,1
conspirauit,2,1
constabat,2,1
constabit,2,1
constanter,2,1
constantes,2,1
constantia,3,1
constantiam,3,1
consternata,2,1
consternatae,2,1
consternatus,2,1
constiterant,3,1
constiterunt,2,1
constituam,3,1
constituamus,2,1
constituantur,2,1
constituas,3,1
constituat,3,1
constitue,3,1
constituebant,2,1
constituebat,2,1
constituemus,2,1
constituendum,2,1
constituens,3,1
constituent,3,1
constituentur,2,1
constituerant,3,1
constituerat,3,1
constituere,2|3,2
constituerem,3,1
constituerent,3,1
constitueret,3,1
constituerim,3,1
constitueris,2|3,2
constituerit,3,1
constituerunt,2,1
constitues,3,1
constituet,3,1
constitui,3,1
constituimus,3,1
constituissent,2,1
constituisses,2,1
constituisset,2,1
constituisti,2,1
constituistis,2,1
constituit,3,1
constituite,3,1
constituitis,3,1
constituitur,3,1
constituo,3,1
constituta,2,1
constitutae,2,1
constitutam,2,1
constitutas,2,1
constituti,2,1
constitutio,3,1
constitutione,2,1
constitutionem,2,1
constitutis,2,1
constituto,2,1
constitutum,2,1
constitutus,2,1
constituunt,3,1
constrauit,2,1
constricti,2,1
constringat,2,1
constringatur,2,1
constringe,2,1
constringebatur,2,1
constringendum,2,1
constringes,2,1
constringetur,2,1
constringitur,3,1
constrinxerit,3,1
constrinxit,2,1
construatur,2,1
constructa,2,1
constructum,2,1
construxerunt,2,1
construxit,2,1
consuerant,2|3,2
consuerunt,2,1
consueta,2,1
consuetudine,3,1
consuetudinem,3,1
consuetudines,3,1
consuetudinis,3,1
consuetudo,2,1
consuetum,2,1
consueuerant,3,1
consueueras,3,1
consueuerat,3,1
consueuerunt,2,1
consueuisti,2,1
consueuit,2,1
consulam,3,1
consulat,3,1
consulatur,2,1
consule,3,1
consulebant,2,1
consulendo,2,1
consulendum,2,1
consulens,3,1
consulentes,2,1
consulere,2|3,2
consuleret,3,1
consulet,3,1
consulibus,3,1
consulit,3,1
consulite,3,1
consuluerit,3,1
consuluerunt,2,1
consuluisti,2,1
consuluit,3,1
consumam,2,1
consumant,2,1
consumantur,2,1
consumas,2,1
consumat,2,1
consumatur,2,1
consume,2,1
consumebant,2,1
consumendum,2,1
consumendus,2,1
consumens,2,1
consumentur,2,1
consumere,2|3,2
consumerem,3,1
consumerentur,2,1
consumeret,3,1
consumeretur,2,1
consumeris,2|3,2
consumet,2,1
consumetur,2,1
consumi,2,1
consumit,2,1
consumitur,3,1
consumma,2,1
consummabis,2,1
consummabitur,3,1
consummandam,2,1
consummans,2,1
consummare,2,1
consummarentur,2,1
consummaret,2,1
consummaretur,2,1
consummari,2,1
consummasset,2,1
consummata,2,1
consummatae,2,1
consummatam,2,1
consummati,2,1
consummatio,3,1
consummatione,2,1
consummationem,2,1
consummationis,2,1
consummatis,2,1
consummatum,2,1
consummatus,2,1
consummauerit,3,1
consummauerunt,2,1
consummaui,2,1
consummauimus,3,1
consummauit,2,1
consummentur,2,1
consummet,2,1
consummetur,2,1
consumpserant,3,1
consumpserat,3,1
consumpseris,3,1
consumpserunt,2,1
consumpsi,2,1
consumpsimus,3,1
consumpsit,2,1
consumpta,2,1
consumptae,2,1
consumptam,2,1
consumptas,2,1
consumpti,2,1
consumptione,2,1
consumptis,2,1
consumptos,2,1
consumptum,2,1
consumptus,2,1
consurgamus,2,1
consurgant,2,1
consurgat,2,1
consurge,2,1
consurgebat,2,1
consurgens,2,1
consurgent,2,1
consurgentes,2,1
consurgere,2|3,2
consurgerent,3,1
consurgeret,3,1
consurget,2,1
consurgit,2,1
consurgite,3,1
consurgitis,3,1
consurgunt,2,1
consurrexerit,3,1
consurrexerunt,2,1
consurrexissent,2,1
consurrexistis,2,1
consurrexit,2,1
consuunt,3,1
contabuit,3,1
contagione,2,1
contaminabatur,2,1
contaminabit,2,1
contaminare,2,1
contaminarentur,2,1
contaminaretur,2,1
contaminari,2,1
contaminarit,2,1
contaminat,3,1
contaminata,2,1
contaminatae,2,1
contaminati,2,1
contaminatis,2,1
contaminatum,2,1
contaminatus,2,1
contaminauerit,3,1
contaminauerunt,2,1
contaminauit,2,1
contaminent,3,1
contectam,2,1
contectum,2,1
contemnam,2,1
contemnant,2,1
contemnas,2,1
contemnat,2,1
contemnatur,2,1
contemnebant,2,1
contemnendae,2,1
contemnendum,2,1
contemnens,2,1
contemnent,2,1
contemnentes,2,1
contemnenti,2,1
contemnere,2|3,2
contemneret,3,1
contemnes,2,1
contemnet,2,1
contemni,2,1
contemnis,2,1
contemnit,2,1
contemnitis,3,1
contemnitur,3,1
contemnunt,2,1
contemplabatur,2,1
contemplabitur,3,1
contemplabor,2,1
contemplamini,3,1
contemplandam,2,1
contemplantes,2,1
contemplantibus,3,1
contemplantur,2,1
contemplare,2,1
contemplari,2,1
contemplata,2,1
contemplati,2,1
contemplatione,2,1
contemplatur,2,1
contemplatus,2,1
contempletur,2,1
contemplor,2,1
contempserint,3,1
contempseris,3,1
contempserit,3,1
contempserunt,2,1
contempsi,2,1
contempsisset,2,1
contempsisti,2,1
contempsit,2,1
contempta,2,1
contemptam,2,1
contempti,2,1
contemptibile,3,1
contemptibilem,3,1
contemptibiles,3,1
contemptibilia,3,1
contemptibilis,3,1
contemptio,3,1
contemptionem,2,1
contempto,2,1
contemptores,2,1
contemptu,2,1
contemptui,3,1
contemptum,2,1
contemptus,2,1
contendam,2,1
contendamus,2,1
contendas,2,1
contendat,2,1
contende,2,1
contendebant,2,1
contendebat,2,1
contendens,2,1
contendentes,2,1
contendere,2|3,2
contenderent,3,1
contenderit,3,1
contenderunt,2,1
contendet,2,1
contendi,2,1
contendimus,3,1
contendis,2,1
contendit,2,1
contendite,3,1
contenta,2,1
contenti,2,1
contentio,3,1
contentione,2,1
contentionem,2,1
contentiones,2,1
contentionibus,3,1
contentionis,2,1
contentiosa,2,1
contentiosus,2,1
contentus,2,1
conteram,3,1
conteramur,2,1
conterantur,2,1
conteras,3,1
conterat,3,1
conteratur,2,1
contere,3,1
conterebam,2,1
conterens,3,1
conterent,3,1
conterentur,2,1
conterere,2|3,2
contereret,3,1
conteres,3,1
conteret,3,1
conteretur,2,1
conteri,3,1
conteris,3,1
conterit,3,1
conteritur,3,1
conterriti,3,1
conterritus,3,1
conterunt,3,1
contestabatur,2,1
contestabor,2,1
contestans,2,1
contestati,2,1
contestatur,2,1
contestatus,2,1
contestor,2,1
contexerunt,2,1
contexit,2,1
contexta,2,1
contextum,2,1
contextus,2,1
conticescat,2,1
conticuerunt,2,1
conticuit,3,1
contigerant,3,1
contigerat,3,1
contigerit,3,1
contigerunt,2,1
contigisset,2,1
contigit,3,1
contignare,2,1
contignatio,3,1
contignatione,2,1
contignationem,2,1
contine,3,1
contineant,3,1
continebantur,2,1
continebat,2,1
continebatur,2,1
continebis,2,1
continebit,2,1
continebunt,2,1
continendas,2,1
continendi,2,1
continens,3,1
continent,3,1
continentem,2,1
continentes,2,1
continentia,3,1
continentiae,3,1
continentiam,3,1
continentis,2,1
continentur,2,1
continere,2,1
continerent,2,1
contineret,2,1
contineri,2,1
continet,3,1
continetis,2,1
continetur,2,1
contingat,2,1
contingebant,2,1
contingebat,2,1
contingens,2,1
contingent,2,1
contingere,2|3,2
contingeret,3,1
continget,2,1
contingi,2,1
contingit,2,1
contingunt,2,1
continuam,3,1
continuerit,3,1
continuerunt,2,1
continui,3,1
continuit,3,1
continuo,3,1
continuum,3,1
continuus,3,1
contio,3,1
contionem,2,1
contorquens,2,1
contorquere,2,1
contorum,2,1
contracta,2,1
contractio,3,1
contractum,2,1
contradicens,2,1
contradicentem,2,1
contradicentibus,3,1
contradicere,2|3,2
contradicet,2,1
contradici,2,1
contradicit,2,1
contradicitur,3,1
contradico,2,1
contradictio,3,1
contradictione,2,1
contradictionem,2,1
contradictiones,2,1
contradictionibus,3,1
contradictionis,2,1
contradicunt,2,1
contradixerit,3,1
contradixerunt,2,1
contradixit,2,1
contrahe,3,1
contrahenda,2,1
contrahentur,2,1
contrahes,3,1
contrahet,3,1
contraire,2,1
contraria,3,1
contrarii,3,1
contrario,3,1
contrariorum,2,1
contrarios,3,1
contrarium,3,1
contrarius,3,1
contraxisti,2,1
contraxit,2,1
contrectabat,2,1
contrectans,2,1
contrectaueris,3,1
contremiscunt,2,1
contremuerunt,2,1
contremuit,3,1
contristabit,2,1
contristabitur,3,1
contristare,2,1
contristari,2,1
contristat,2,1
contristata,2,1
contristatae,2,1
contristati,2,1
contristatur,2,1
contristatus,2,1
contristauerit,3,1
contristauit,2,1
contristemini,3,1
contristet,2,1
contrita,2,1
contritae,2,1
contritam,2,1
contriti,2,1
contritio,3,1
contritione,2,1
contritionem,2,1
contritiones,2,1
contritionis,2,1
contritis,2,1
contrito,2,1
contritum,2,1
contritus,2,1
contriuerit,3,1
contriuerunt,2,1
contriui,2,1
contriuisti,2,1
contriuit,2,1
controuersia,3,1
controuersiae,3,1
contubernia,3,1
contubernium,3,1
contulerunt,2,1
contuli,3,1
contulissent,2,1
contulit,3,1
contumacem,2,1
contumaces,2,1
contumaci,2,1
contumax,3,1
contumelia,3,1
contumeliae,3,1
contumeliam,3,1
contumelias,3,1
contumeliis,3,1
contumeliosi,2,1
contumeliosius,3,1
contumeliosos,2,1
contumeliosus,2,1
conturba,2,1
conturbabant,2,1
conturbabit,2,1
conturbabitur,3,1
conturbant,2,1
conturbare,2,1
conturbaret,2,1
conturbas,2,1
conturbasti,2,1
conturbat,2,1
conturbata,2,1
conturbati,2,1
conturbatio,3,1
conturbationem,2,1
conturbato,2,1
conturbatum,2,1
conturbatur,2,1
conturbatus,2,1
conturbauit,2,1
conturbent,2,1
conturbentur,2,1
conturbet,2,1
conturbo,2,1
contusum,2,1
conualescas,2,1
conualescebat,2,1
conualescente,2,1
conualle,2,1
conuallem,2,1
conualles,2,1
conuallibus,3,1
conuallis,2,1
conuallium,3,1
conualuerunt,2,1
conualui,3,1
conualuisset,2,1
conubia,3,1
conubium,3,1
conuenerant,3,1
conuenerat,3,1
conuenerint,3,1
conuenerit,3,1
conuenerunt,2,1
conueniam,3,1
conueniant,3,1
conueniat,3,1
conueniatis,2,1
conueniebant,2,1
conueniendi,2,1
conueniendo,2,1
conueniens,3,1
conuenient,3,1
conueniente,2,1
conuenientes,2,1
conuenientia,3,1
conuenientibus,3,1
conueniet,3,1
conuenire,2,1
conuenirent,2,1
conueniret,2,1
conuenisse,2,1
conuenissemus,2,1
conuenissent,2,1
conuenisset,2,1
conuenisti,2,1
conuenit,2|3,2
conuenite,2,1
conuenitis,2,1
conueniunt,3,1
conuenticula,3,1
conuentio,3,1
conuentione,2,1
conuentionem,2,1
conuentiones,2,1
conuentionibus,3,1
conuentu,2,1
conuentum,2,1
conuentus,2,1
conuersa,2,1
conuersae,2,1
conuersantibus,3,1
conuersantium,3,1
conuersantur,2,1
conuersari,2,1
conuersata,2,1
conuersati,2,1
conuersatio,3,1
conuersatione,2,1
conuersationem,2,1
conuersationis,2,1
conuersatur,2,1
conuersatus,2,1
conuersi,2,1
conuersio,3,1
conuersione,2,1
conuersionem,2,1
conuersum,2,1
conuersus,2,1
conuertam,2,1
conuertantur,2,1
conuertar,2,1
conuertat,2,1
conuertatur,2,1
conuerte,2,1
conuertebantur,2,1
conuertebatur,2,1
conuertendi,2,1
conuertendo,2,1
conuertens,2,1
conuertentem,2,1
conuertentur,2,1
conuerterat,3,1
conuertere,2|3,2
conuerterent,3,1
conuerterentur,2,1
conuerteret,3,1
conuerteretur,2,1
conuerteris,2|3,2
conuerterit,3,1
conuerterunt,2,1
conuertes,2,1
conuertet,2,1
conuertetur,2,1
conuerti,2,1
conuertimini,3,1
conuertimur,3,1
conuertissem,2,1
conuertisti,2,1
conuertistis,2,1
conuertit,2,1
conuertitur,3,1
conuerto,2,1
conuertunt,2,1
conuertuntur,2,1
conuescens,2,1
conuicia,3,1
conuicii,3,1
conuicio,3,1
conuicta,2,1
conuictus,2,1
conuincitur,3,1
conuitia,3,1
conuitio,3,1
conuiua,2,1
conuiuae,2,1
conuiuantes,2,1
conuiuarum,2,1
conuiuas,2,1
conuiuemus,2,1
conuiuia,3,1
conuiuii,3,1
conuiuiis,3,1
conuiuio,3,1
conuiuiorum,2,1
conuiuium,3,1
conuoca,3,1
conuocabo,2,1
conuocans,3,1
conuocant,3,1
conuocantes,2,1
conuocare,2,1
conuocarentur,2,1
conuocaret,2,1
conuocat,3,1
conuocata,2,1
conuocate,2,1
conuocati,2,1
conuocatis,2,1
conuocato,2,1
conuocatus,2,1
conuocauerunt,2,1
conuocauit,2,1
conuolantibus,3,1
conuoluit,2,1
conuoluta,2,1
conuolutae,2,1
conuoluuntur,2,1
conuulsa,2,1
conuulsam,2,1
cooperante,2,1
cooperantur,2,1
cooperatores,2,1
cooperiat,3,1
cooperire,2,1
cooperiret,2,1
cooperit,3,1
cooperta,2,1
cooperti,2,1
coopertum,2,1
coopertus,2,1
cooperuit,3,1
cophinis,3,1
cophino,3,1
cophinos,3,1
copia,3,1
copiae,3,1
copiam,3,1
copias,3,1
copiis,3,1
copiosa,2,1
copiosae,2,1
copiosam,2,1
copiose,2,1
copiosum,2,1
copiosus,2,1
copulabis,2,1
copulae,3,1
copulant,3,1
copulare,2,1
copulari,2,1
copulata,2,1
copulatas,2,1
copulatione,2,1
copulatis,2,1
copulatus,2,1
copulauit,2,1
copuletur,2,1
coquenda,2,1
coquente,2,1
coquerentur,2,1
coquetur,2,1
coquite,3,1
coquitur,3,1
cordati,2,1
cordatus,2,1
cordibus,3,1
cordium,3,1
coriandri,2,1
coriarii,3,1
corii,3,1
corinthi,2,1
corinthii,3,1
corinthiorum,2,1
corinthios,3,1
corinthum,2,1
corium,3,1
corneae,3,1
corneli,2,1
cornelio,3,1
cornelius,3,1
cornibus,3,1
cornua,3,1
cornuta,2,1
cornutam,2,1
cornutum,2,1
corona,2,1
coronabitur,3,1
coronae,2,1
coronam,2,1
coronas,2,1
coronat,2,1
coronata,2,1
coronatae,2,1
coronatam,2,1
coronati,2,1
coronatum,2,1
coronatur,2,1
coronauit,2,1
coronemus,2,1
coronis,2,1
corpora,3,1
corporali,2,1
corporalis,2,1
corporaliter,3,1
corpore,3,1
corpori,3,1
corporibus,3,1
corporis,3,1
corporum,3,1
correctae,2,1
correcti,2,1
correctio,3,1
correctionem,2,1
correctionis,2,1
correpti,2,1
correptio,3,1
correptione,2,1
correptionem,2,1
correptiones,2,1
correptioni,2,1
correptionis,2,1
correptum,2,1
correptus,2,1
correxit,2,1
corrideas,3,1
corrigantur,2,1
corrigas,3,1
corrigendum,2,1
corrigere,2|3,2
corrigia,3,1
corrigiam,3,1
corrigis,3,1
corrigit,3,1
corrigitur,3,1
corriguntur,2,1
corripe,3,1
corripi,3,1
corripiam,3,1
corripias,3,1
corripiat,3,1
corripiens,3,1
corripientem,2,1
corripientes,2,1
corripies,3,1
corripiet,3,1
corripis,3,1
corripit,3,1
corripite,3,1
corripitur,3,1
corripuerit,3,1
corripuit,3,1
corroborari,2,1
corroborauerunt,2,1
corroborauit,2,1
corroboret,3,1
corruant,3,1
corruat,3,1
corruens,3,1
corruent,3,1
corruentes,2,1
corruerant,3,1
corruere,2|3,2
corruerint,3,1
corruerunt,2,1
corruet,3,1
corrui,3,1
corruisse,2,1
corruissent,2,1
corruit,3,1
corrumpam,2,1
corrumpantur,2,1
corrumpas,2,1
corrumpatur,2,1
corrumpere,2|3,2
corrumpet,2,1
corrumpetur,2,1
corrumpis,2,1
corrumpit,2,1
corrumpitur,3,1
corrumpunt,2,1
corrumpuntur,2,1
corruperat,3,1
corruperunt,2,1
corrupimus,3,1
corrupit,2,1
corrupta,2,1
corruptae,2,1
corruptam,2,1
corrupti,2,1
corruptibile,3,1
corruptibilem,3,1
corruptibili,3,1
corruptibilibus,3,1
corruptibilis,3,1
corruptibilium,3,1
corruptio,3,1
corruptione,2,1
corruptionem,2,1
corruptioni,2,1
corruptionis,2,1
corrupto,2,1
corruptorum,2,1
corruptum,2,1
corruptus,2,1
corruunt,3,1
corticem,3,1
cortices,3,1
corticibus,3,1
cortina,2,1
cortinae,2,1
cortinam,2,1
cortinas,2,1
coruini,2,1
coruorum,2,1
coruscans,2,1
coruscatio,3,1
coruscationes,2,1
cotidiana,2,1
cotidiano,2,1
cotidianum,2,1
cotidie,3,1
coturnices,2,1
coturnicum,2,1
coturnix,2,1
coxerat,3,1
coxerunt,2,1
crabrones,2,1
crapula,3,1
crapulae,3,1
crapulam,3,1
crapulatus,2,1
crassitudine,3,1
crassitudo,2,1
crastina,3,1
crastino,3,1
crastinum,3,1
crastinus,3,1
crateras,2,1
craticula,3,1
craticulam,3,1
creabit,2,1
creabitur,3,1
creabuntur,2,1
crearentur,2,1
creasti,2,1
creata,2,1
creatam,2,1
create,2,1
creati,2,1
creationis,2,1
creator,2,1
creatorem,2,1
creatori,2,1
creatoris,2,1
creatum,2,1
creatura,2,1
creaturae,2,1
creaturam,2,1
creaturarum,2,1
creaturis,2,1
creatus,2,1
creaui,2,1
creauit,2,1
crebrius,3,1
credamus,2,1
credatis,2,1
credebam,2,1
credebant,2,1
credebat,2,1
credemus,2,1
credendo,2,1
credendum,2,1
credentem,2,1
credentes,2,1
credenti,2,1
credentibus,3,1
credentium,3,1
credere,2|3,2
crederent,3,1
crederentur,2,1
crederet,3,1
crederetis,2,1
crederetur,2,1
crederis,2|3,2
credetis,2,1
credibile,3,1
credibilia,3,1
crediderant,3,1
crediderint,3,1
credideris,3,1
crediderit,3,1
credideritis,2|3,2
crediderunt,2,1
credidi,3,1
credidimus,3,1
credidissent,2,1
credidisses,2,1
credidisti,2,1
credidistis,2,1
credidit,3,1
credimus,3,1
credita,3,1
creditae,3,1
creditam,3,1
credite,3,1
creditis,3,1
creditor,3,1
creditori,2,1
creditum,3,1
creditur,3,1
credituri,2,1
crediturum,2,1
creditus,3,1
credulus,3,1
cremabit,2,1
cremandum,2,1
cremantur,2,1
cremati,2,1
cremauit,2,1
cremium,3,1
crepidine,3,1
crepidinem,3,1
crepidinis,3,1
crepido,2,1
crepuerunt,2,1
crepuit,3,1
crepusculo,3,1
crepusculum,3,1
crescebant,2,1
crescebat,2,1
crescente,2,1
crescentem,2,1
crescentes,2,1
crescentis,2,1
crescere,2|3,2
crescerent,3,1
cresceret,3,1
crescite,3,1
cretenses,2,1
cretensium,3,1
creuerant,3,1
creuerat,3,1
creuerint,3,1
creuerit,3,1
creuerunt,2,1
creuisse,2,1
creuisset,2,1
creuisti,2,1
cribraret,2,1
crimina,3,1
criminatio,3,1
criminationibus,3,1
criminator,2,1
crimine,3,1
criminibus,3,1
criminis,3,1
crinibus,3,1
crinium,3,1
crispante,2,1
crispanti,2,1
croceis,3,1
crocodilus,2,1
cruciabat,2,1
cruciabatur,2,1
cruciabitur,3,1
cruciabuntur,2,1
cruciarentur,2,1
cruciaretur,2,1
cruciaris,2,1
crucias,3,1
cruciatibus,3,1
cruciatos,2,1
cruciatur,2,1
cruciatus,2,1
cruciauerunt,2,1
crucifige,2,1
crucifigeretur,2,1
crucifigi,2,1
crucifixerunt,2,1
crucifixi,2,1
crucifixissent,2,1
crucifixum,2,1
crucifixus,2,1
crucior,3,1
crudele,2,1
crudelem,2,1
crudeles,2,1
crudeli,2,1
crudelia,3,1
crudeliorem,2,1
crudelis,2,1
crudelissimi,3,1
crudelitas,3,1
crudelitate,2,1
crudelitatem,2,1
crudeliter,3,1
crudelium,3,1
crudelius,3,1
cruore,2,1
cruorem,2,1
cruribus,3,1
crustula,3,1
crystalli,2,1
crystallo,2,1
crystallum,2,1
cubantes,2,1
cubare,2,1
cubicula,3,1
cubicularii,3,1
cubiculariis,3,1
cubiculi,3,1
cubiculis,3,1
cubiculo,3,1
cubiculorum,2,1
cubiculum,3,1
cubile,2,1
cubili,2,1
cubilia,3,1
cubilibus,3,1
cubilis,2,1
cubiti,3,1
cubitis,3,1
cubito,3,1
cubitorum,2,1
cubitos,3,1
cubitum,3,1
cubitus,3,1
cucumeres,3,1
cucurrerit,3,1
cucurrerunt,2,1
cucurri,2,1
cucurrisset,2,1
cucurrit,2,1
cuicumque,2,1
cuidam,3,1
cuilibet,3,1
cuiquam,2,1
cuique,3,1
cuiuscumque,2,1
cuiusdam,2,1
cuiusquam,2,1
cuiusque,2,1
cuiusuis,2,1
culicem,3,1
culinae,2,1
culinarum,2,1
culmine,3,1
culminis,3,1
cultibus,3,1
cultioribus,3,1
cultore,2,1
cultorem,2,1
cultores,2,1
cultoribus,3,1
cultricem,2,1
cultui,3,1
cultura,2,1
culturae,2,1
culturam,2,1
cuminum,2,1
cumulantur,2,1
cumulare,2,1
cumulasti,2,1
cumulum,3,1
cunctarentur,2,1
cunctari,2,1
cunctarum,2,1
cunctatione,2,1
cunctatus,2,1
cunctorum,2,1
cunei,3,1
cuneo,3,1
cuneos,3,1
cuneum,3,1
cuneus,3,1
cuniculis,3,1
cuniculos,3,1
cuniculum,3,1
cuperent,3,1
cupiam,3,1
cupias,3,1
cupide,3,1
cupidi,3,1
cupidinis,3,1
cupiditas,3,1
cupiditate,2,1
cupiditatem,2,1
cupido,2|3,2
cupidum,3,1
cupiebant,2,1
cupiebas,2,1
cupiebat,2,1
cupiens,3,1
cupient,3,1
cupientes,2,1
cupientibus,3,1
cupientis,2,1
cupientium,3,1
cupierunt,2,1
cupimus,3,1
cupio,3,1
cupitis,2|3,2
cupiunt,3,1
cupressinis,3,1
cupressum,2,1
cupressus,2,1
curabant,2,1
curabantur,2,1
curabat,2,1
curabit,2,1
curabo,2,1
curabunt,2,1
curandi,2,1
curandum,2,1
curantes,2,1
curare,2,1
curarem,2,1
curarent,2,1
curarentur,2,1
curarer,2,1
curaret,2,1
curaretur,2,1
curari,2,1
curasset,2,1
curasti,2,1
curata,2,1
curatae,2,1
curate,2,1
curati,2,1
curatio,3,1
curationem,2,1
curationis,2,1
curationum,2,1
curatorem,2,1
curatus,2,1
curauerunt,2,1
curauimus,3,1
curauit,2,1
cureris,2,1
curiam,3,1
curiosa,2,1
curiosae,2,1
curiose,2,1
curiositate,2,1
curiosius,3,1
curiosus,2,1
curramus,2,1
currebant,2,1
currebas,2,1
currebat,2,1
currendum,2,1
currentem,2,1
currentes,2,1
currenti,2,1
currentis,2,1
currentium,3,1
currere,2|3,2
currerem,3,1
currerent,3,1
curribus,3,1
currite,3,1
currui,3,1
curruum,3,1
cursore,2,1
cursores,2,1
cursoribus,3,1
cursorum,2,1
curuabit,2,1
curuabitur,3,1
curuantur,2,1
curuatis,2,1
curuato,2,1
curuatur,2,1
curuatus,2,1
curuauit,2,1
custodem,2,1
custodes,2,1
custodi,2,1
custodia,3,1
custodiae,3,1
custodiam,3,1
custodiamus,2,1
custodiant,3,1
custodiarum,2,1
custodias,3,1
custodiat,3,1
custodiatis,2,1
custodiatur,2,1
custodibus,3,1
custodiebam,2,1
custodiebant,2,1
custodiebantur,2,1
custodiebat,2,1
custodiebatur,2,1
custodiendam,2,1
custodiendas,2,1
custodiendi,2,1
custodiendis,2,1
custodiendo,2,1
custodiendum,2,1
custodiens,3,1
custodient,3,1
custodiente,2,1
custodientem,2,1
custodientes,2,1
custodienti,2,1
custodientibus,3,1
custodientium,3,1
custodierint,3,1
custodieris,2|3,2
custodierit,3,1
custodierunt,2,1
custodies,3,1
custodiet,3,1
custodiis,3,1
custodimus,2,1
custodire,2,1
custodirent,2,1
custodirentur,2,1
custodires,2,1
custodiret,2,1
custodiri,2,1
custodis,2,1
custodisti,2,1
custodistis,2,1
custodit,2,1
custodita,2,1
custodite,2,1
custoditio,3,1
custoditur,2,1
custoditus,2,1
custodiui,2,1
custodiuit,2,1
custodiunt,3,1
custodum,2,1
cyathos,3,1
cymbala,3,1
cymbalis,3,1
cymbalo,3,1
cymbalum,3,1
cyminum,2,1
cypressus,2,1
cyprii,3,1
cypriis,3,1
cyprium,3,1
cyprius,3,1
cyrenaei,2,1
cyrenaeo,2,1
cyrenaeum,2,1
cyrene,2,1
cyrenen,2,1
cyrenensem,2,1
cyrenensis,2,1
cyrenensium,3,1
dabantur,2,1
dabatur,2,1
dabimus,3,1
dabitis,3,1
dabitur,3,1
dabuntur,2,1
daemone,3,1
daemones,3,1
daemonia,3,1
daemonibus,3,1
daemonii,3,1
daemoniis,3,1
daemonio,3,1
daemoniorum,2,1
daemonium,3,1
daemonum,3,1
dalmatiam,3,1
damascenae,2,1
damascenorum,2,1
damascenus,2,1
damasci,2,1
damasco,2,1
damascum,2,1
damascus,2,1
dammula,3,1
damnabit,2,1
damnabunt,2,1
damnare,2,1
damnatio,3,1
damnatione,2,1
damnationem,2,1
damnationis,2,1
damnato,2,1
damnatorum,2,1
damnatus,2,1
damnauit,2,1
daniel,3,1
daniele,2,1
danielem,2,1
danieli,2,1
danielis,2,1
dantibus,3,1
daremus,2,1
darentur,2,1
daretur,2,1
darii,3,1
dario,3,1
darium,3,1
darius,3,1
datio,3,1
datione,2,1
datorem,2,1
daturos,2,1
daturum,2,1
daturus,2,1
dealbauerunt,2,1
dealbentur,2,1
deambulabat,2,1
deambulantem,2,1
deambulantis,2,1
deambulatio,3,1
deambulauit,2,1
deaurata,2,1
deaurato,2,1
debeam,3,1
debeamus,2,1
debeant,3,1
debeas,3,1
debeat,3,1
debeatis,2,1
debebantur,2,1
debebat,2,1
debebatis,2,1
debebit,2,1
debebitis,3,1
debebunt,2,1
debellare,2,1
debellaret,2,1
debellator,2,1
debellauit,2,1
debemus,2,1
debenti,2,1
debentur,2,1
debeo,3,1
debere,2,1
deberent,2,1
deberet,2,1
deberetis,2,1
debetis,2,1
debetur,2,1
debile,3,1
debilem,3,1
debiles,3,1
debilia,3,1
debilibus,3,1
debilis,3,1
debilitarentur,2,1
debilitata,2,1
debilitatis,2,1
debilitatos,2,1
debilitatum,2,1
debilitatur,2,1
debilitauit,2,1
debita,3,1
debitam,3,1
debite,3,1
debitis,3,1
debitor,3,1
debitores,2,1
debitori,2,1
debitoribus,3,1
debitos,3,1
debitum,3,1
debueras,3,1
debuerat,3,1
debueratis,2,1
debui,3,1
debuimus,3,1
debuisti,2,1
debuistis,2,1
debuit,3,1
decanos,2,1
decantauerunt,2,1
decebat,2,1
decepere,2,1
deceperint,3,1
deceperunt,2,1
decepi,2,1
decepisset,2,1
decepisti,2,1
decepistis,2,1
decepit,2,1
decepta,2,1
decepti,2,1
deceptio,3,1
deceptione,2,1
deceptionem,2,1
decepto,2,1
deceptum,2,1
deceptus,2,1
decernamus,2,1
decerne,2,1
decernente,2,1
decernere,2|3,2
decernes,2,1
decernet,2,1
decernite,3,1
decernitis,3,1
decernunt,2,1
decerpentes,2,1
decertarent,2,1
decessit,2,1
decidam,2|3,2
decidant,2|3,2
decidat,2|3,2
decidens,2|3,2
decidentes,2,1
decidentia,3,1
deciderant,3,1
decidet,2|3,2
decidi,2|3,2
decidisset,2,1
decidit,2|3,2
decies,3,1
decima,3,1
decimae,3,1
decimam,3,1
decimarum,2,1
decimas,3,1
decimi,3,1
decimis,3,1
decimo,3,1
decimum,3,1
decimus,3,1
decipe,3,1
decipere,3,1
deciperent,3,1
deciperet,3,1
deciperis,3,1
decipi,3,1
decipiam,3,1
decipiant,3,1
decipiantur,2,1
decipiaris,2,1
decipiat,3,1
decipiatur,2,1
decipiebant,2,1
decipiendum,2,1
decipiens,3,1
decipies,3,1
decipiet,3,1
decipietur,2,1
decipis,3,1
decipit,3,1
decipitur,3,1
decipiunt,3,1
decipula,3,1
decisionis,2,1
declarabat,2,1
declarabit,2,1
declarat,2,1
declarata,2,1
declaratio,3,1
declarauit,2,1
declina,2,1
declinabant,2,1
declinabat,2,1
declinabis,2,1
declinabit,2,1
declinabunt,2,1
declinando,2,1
declinans,2,1
declinant,2,1
declinantem,2,1
declinantes,2,1
declinare,2,1
declinarent,2,1
declinaret,2,1
declinassent,2,1
declinasset,2,1
declinat,2,1
declinate,2,1
declinatur,2,1
declinauerat,3,1
declinaueris,3,1
declinauerit,3,1
declinauerunt,2,1
declinaui,2,1
declinauit,2,1
declinemus,2,1
declinent,2,1
declines,2,1
declinet,2,1
decliuia,3,1
decliuibus,3,1
decollatorum,2,1
decollaui,2,1
decollauit,2,1
decolorauit,2,1
decora,2|3,2
decorabat,2,1
decorari,2,1
decoras,2|3,2
decorata,2,1
decorati,2,1
decoratum,2,1
decorauit,2,1
decore,2|3,2
decorem,2|3,2
decori,2|3,2
decoris,2|3,2
decoro,2|3,2
decoros,2,1
decorum,2|3,2
decorus,2,1
decrepiti,3,1
decrescens,2,1
decrescet,2,1
decreta,2,1
decretae,2,1
decreti,2,1
decretis,2,1
decreto,2,1
decretum,2,1
decretus,2,1
decreueram,3,1
decreuerat,3,1
decreueris,3,1
decreuerunt,2,1
decreui,2,1
decreuimus,3,1
decreuisset,2,1
decreuisti,2,1
decreuit,2,1
decucurrit,2,1
decumbens,2,1
decumbit,2,1
decurio,3,1
decuriones,2,1
decurrens,2,1
decurrent,2,1
decurrentes,2,1
decurrentis,2,1
decurrere,2|3,2
decurrit,2,1
decurrunt,2,1
decursus,2,1
dedecoris,2|3,2
dedecus,3,1
dederant,3,1
dederas,3,1
dederat,3,1
dedere,2|3,2
dederim,3,1
dederimus,2|3,2
dederint,3,1
dederis,2|3,2
dederit,3,1
dederitis,2|3,2
dedero,3,1
dederunt,2,1
dedicassent,2,1
dedicasset,2,1
dedicatione,2,1
dedicationem,2,1
dedicationis,2,1
dedicato,2,1
dedicatum,2,1
dedicauerunt,2,1
dedicauit,2,1
dedicet,3,1
dedimus,3,1
dedisse,2,1
dedissem,2,1
dedisset,2,1
dedissetis,2,1
dedisti,2,1
dedistis,2,1
deditae,3,1
deditam,3,1
dediti,3,1
deditos,3,1
deditus,3,1
deducam,2,1
deducant,2,1
deducantur,2,1
deducar,2,1
deducat,2,1
deducebant,2,1
deducebatur,2,1
deducens,2,1
deducent,2,1
deducentibus,3,1
deducentur,2,1
deducere,2|3,2
deducerem,3,1
deducerent,3,1
deduceret,3,1
deducet,2,1
deduci,3,1
deducis,3,1
deducit,2,1
deducite,3,1
deducta,2,1
deducti,2,1
deductum,2,1
deducturum,2,1
deductus,2,1
deducunt,2,1
deducuntur,2,1
deduxerunt,2,1
deduxi,2,1
deduxisset,2,1
deduxisti,2,1
deduxit,2,1
deerant,3,1
deerat,3,1
deerit,3,1
deerunt,2|3,2
deesse,2,1
deessent,2,1
defatigatus,2,1
defecerat,3,1
defecerint,3,1
defecerit,3,1
defecerunt,2,1
defeci,2,1
defecimus,3,1
defecisset,2,1
defecisti,2,1
defecit,2,1
defectio,3,1
defectione,2,1
defectionem,2,1
defecto,2,1
defecturam,2,1
defectus,2,1
defendat,2,1
defendatur,2,1
defendendi,2,1
defendens,2,1
defendentes,2,1
defendentibus,3,1
defenderat,3,1
defendere,2|3,2
defenderent,3,1
defenderet,3,1
defenderunt,2,1
defendet,2,1
defendit,2,1
defendite,3,1
defendunt,2,1
defensio,3,1
defensione,2,1
defensionem,2,1
defensionis,2,1
defensis,2,1
defensor,2,1
defensorem,2,1
defensurus,2,1
deferant,3,1
deferat,3,1
deferbuerat,3,1
deferebant,2,1
deferebantur,2,1
deferebat,2,1
deferebatur,2,1
deferenda,2,1
deferens,3,1
deferent,3,1
deferentes,2,1
deferes,3,1
deferet,3,1
deferetur,2,1
deferre,2,1
deferrent,2,1
deferrentur,2,1
deferretur,2,1
deferte,2,1
deferunt,3,1
defessus,2,1
deficere,3,1
deficerent,3,1
deficeret,3,1
deficiam,3,1
deficiamus,2,1
deficiant,3,1
deficias,3,1
deficiat,3,1
deficiatis,2,1
deficiebant,2,1
deficiebat,2,1
deficiens,3,1
deficient,3,1
deficiente,2,1
deficientem,2,1
deficientes,2,1
deficientibus,3,1
deficiet,3,1
deficimus,3,1
deficit,3,1
deficiunt,3,1
defigunt,2,1
definiens,3,1
definierunt,2,1
definitio,3,1
definito,2,1
definitum,2,1
definiui,2,1
defixae,2,1
defixi,2,1
defixit,2,1
defixos,2,1
deflecte,2,1
deflectens,2,1
deflectunt,2,1
defluant,3,1
defluente,2,1
defluentes,2,1
defluentia,3,1
defluentibus,3,1
defluere,2|3,2
defluerent,3,1
deflueret,3,1
defluet,3,1
defluit,3,1
defluunt,3,1
defluxerunt,2,1
defluxit,2,1
deforis,3,1
deformata,2,1
deformati,2,1
deforme,2,1
deformem,2,1
deformes,2,1
deformis,2,1
defossus,2,1
defraudare,2,1
defraudat,2,1
defraudatis,2,1
defraudatus,2,1
defraudaui,2,1
defraudes,2,1
defraudet,2,1
defuerit,3,1
defuerunt,2,1
defuissent,2,1
defuit,3,1
defuncta,2,1
defuncti,2,1
defunctis,2,1
defuncto,2,1
defunctorum,2,1
defunctos,2,1
defunctus,2,1
deglutiret,2,1
dehonestat,2,1
deice,3,1
deicere,3,1
deiceret,3,1
deiciam,3,1
deiciant,3,1
deicias,3,1
deiciens,3,1
deiciet,3,1
deicis,3,1
deicitur,3,1
deiciunt,3,1
deiciuntur,2,1
deiecerint,3,1
deiecerit,3,1
deiecerunt,2,1
deieci,2,1
deiecisti,2,1
deiecit,2,1
deiecta,2,1
deiecti,2,1
deiectionem,2,1
deiectis,2,1
deiectus,2,1
deierare,2,1
deierat,3,1
deiicere,3,1
deiici,3,1
deiicit,3,1
deiicitur,3,1
deinceps,2,1
deinde,2,1
delabuntur,2,1
delapsa,2,1
delapsi,2,1
delatae,2,1
delatione,2,1
delator,2,1
delatum,2,1
delaturam,2,1
delatus,2,1
deleamus,2,1
deleantur,2,1
deleas,3,1
deleat,3,1
deleatur,2,1
delebimus,3,1
delebis,2,1
delebit,2,1
delebitur,3,1
delebo,2,1
delebuntur,2,1
delectabantur,2,1
delectabar,2,1
delectaberis,3,1
delectabile,3,1
delectabilem,3,1
delectabilia,3,1
delectabilis,3,1
delectabimur,3,1
delectabit,2,1
delectabitur,3,1
delectabor,2,1
delectamento,2,1
delectamini,3,1
delectant,2,1
delectare,2,1
delectarer,2,1
delectari,2,1
delectaris,2,1
delectat,2,1
delectata,2,1
delectati,2,1
delectatio,3,1
delectatione,2,1
delectationes,2,1
delectatur,2,1
delectatus,2,1
delectauerit,3,1
delectauerunt,2,1
delectentur,2,1
delecter,2,1
delectetur,2,1
delectis,2,1
delector,2,1
delectorum,2,1
delegauit,2,1
delendam,2,1
delendi,2,1
delendum,2,1
deleo,3,1
delere,2,1
delerent,2,1
deleret,2,1
deleri,2,1
deleta,2,1
deletae,2,1
deleti,2,1
deletis,2,1
deletus,2,1
deleuerit,3,1
deleuerunt,2,1
deleui,2,1
deleuimus,3,1
deleuit,2,1
delibatio,3,1
delibera,3,1
deliberandum,2,1
delibuti,2,1
delicata,2,1
delicatae,2,1
delicatam,2,1
delicate,2,1
delicati,2,1
delicatum,2,1
delicatus,2,1
deliciae,3,1
deliciarum,2,1
delicias,3,1
deliciis,3,1
delicta,2,1
delicti,2,1
delictis,2,1
delicto,2,1
delictorum,2,1
delictum,2,1
delinquas,2,1
delinquat,2,1
delinquebat,2,1
delinquent,2,1
delinquente,2,1
delinquentes,2,1
delinquenti,2,1
delinquentibus,3,1
delinquentis,2,1
delinquere,2|3,2
delinquet,2,1
delinquimus,3,1
delinquit,2,1
delinquunt,2,1
deliquerint,3,1
deliquerit,3,1
deliquerunt,2,1
deliqui,2|3,2
deliquimus,3,1
deliquisti,2,1
deliquit,2,1
delubra,2,1
delubris,2,1
delubrorum,2,1
deludat,2,1
deludet,2,1
delusa,2,1
demensum,2,1
dementia,3,1
dementiae,3,1
dementis,2,1
demere,2|3,2
demerge,2,1
demergens,2,1
demergit,2,1
demersi,2,1
demersit,2,1
demessa,2,1
demessi,2,1
demetrii,3,1
demetrio,3,1
demetrium,3,1
demetrius,3,1
demetunt,3,1
deminuti,2,1
deminutio,3,1
deminutionem,2,1
demiseris,3,1
demisissent,2,1
demisisti,2,1
demisit,2,1
demisso,2,1
demissus,2,1
demittebantur,2,1
demoliar,3,1
demolientur,2,1
demolietur,2,1
demolire,2,1
demolita,2,1
demoliti,2,1
demolitur,2,1
demolitus,2,1
demonstra,2,1
demonstrabat,2,1
demonstrabit,2,1
demonstrare,2,1
demonstrarent,2,1
demonstrasti,2,1
demonstrat,2,1
demonstrata,2,1
demonstratum,2,1
demonstratus,2,1
demonstraui,2,1
demonstrauit,2,1
demonstro,2,1
demorabatur,2,1
demorati,2,1
demoratur,2,1
demoratus,2,1
denariis,3,1
denario,3,1
denariorum,2,1
denarios,3,1
denarium,3,1
denegabitur,3,1
denegare,2,1
denegasti,2,1
denegat,3,1
deneges,3,1
deneget,3,1
denique,3,1
densarum,2,1
densissima,3,1
densissimas,3,1
densitate,2,1
dentibus,3,1
dentium,3,1
denudare,2,1
denudat,2,1
denudatum,2,1
denudauit,2,1
denuntia,3,1
denuntians,3,1
denuntiares,2,1
denuntiauerunt,2,1
denuntiauit,2,1
denuo,3,1
deorsum,2,1
deorum,2,1
deosculans,3,1
deosculatus,2,1
deosculer,3,1
depasci,2,1
depasti,2,1
depastum,2,1
depastus,2,1
depauerunt,2,1
depellere,2|3,2
dependeat,3,1
dependente,2,1
dependentia,3,1
dependet,2,1
deperiit,3,1
deperiret,2,1
depicta,2,1
depictos,2,1
depinxit,2,1
deplorantes,2,1
deponam,2,1
depone,2,1
deponebant,2,1
deponendum,2,1
deponens,2,1
deponent,2,1
deponentes,2,1
deponere,2|3,2
deponerent,3,1
deponeretur,2,1
deponet,2,1
deponit,2,1
deponite,3,1
deponunt,2,1
depopulata,2,1
depopulatae,2,1
depopulati,2,1
depopulatione,2,1
depopulationem,2,1
depopulator,2,1
depopulatus,2,1
deportabunt,2,1
deportantur,2,1
deportauerant,3,1
deposita,3,1
depositio,3,1
depositis,3,1
deposito,3,1
depositos,3,1
depositum,3,1
depositus,3,1
deposuerant,3,1
deposuerunt,2,1
deposuisset,2,1
deposuisti,2,1
deposuit,3,1
depraedari,2,1
depraedatus,2,1
deprauat,2,1
deprauatum,2,1
deprauatus,2,1
deprecabantur,2,1
deprecabar,2,1
deprecabatur,2,1
deprecabitur,3,1
deprecabor,2,1
deprecabuntur,2,1
deprecandam,2,1
deprecandi,2,1
deprecando,2,1
deprecandum,2,1
deprecans,3,1
deprecantem,2,1
deprecantes,2,1
deprecanti,2,1
deprecantur,2,1
deprecare,2,1
deprecarer,2,1
deprecaretur,2,1
deprecari,2,1
deprecata,2,1
deprecati,2,1
deprecatio,3,1
deprecatione,2,1
deprecationem,2,1
deprecationis,2,1
deprecatur,2,1
deprecatus,2,1
deprecemur,2,1
deprecer,3,1
depreceris,2,1
deprecor,3,1
deprehendere,2|3,2
deprehenderit,3,1
deprehendi,2,1
deprehendisset,2,1
deprehenditur,3,1
deprehensa,2,1
deprehensam,2,1
deprehensus,2,1
depresserunt,2,1
depressit,2,1
depressos,2,1
depressus,2,1
deprime,3,1
deprimentes,2,1
deprimere,2|3,2
deprimeris,2|3,2
deprimetur,2,1
deprimit,3,1
depulisti,2,1
depulsae,2,1
depulsam,2,1
depulsi,2,1
deputabuntur,2,1
deputantes,2,1
deputari,2,1
deputatae,2,1
deputati,2,1
deputatus,2,1
derelicta,2,1
derelictae,2,1
derelictam,2,1
derelicti,2,1
derelictis,2,1
derelicto,2,1
derelictum,2,1
derelictus,2,1
derelinquam,2,1
derelinquamus,2,1
derelinquas,2,1
derelinquat,2,1
derelinquens,2,1
derelinquere,2|3,2
derelinqueret,3,1
derelinques,2,1
derelinquet,2,1
derelinquetur,2,1
derelinquis,2,1
derelinquit,2,1
derelinquunt,2,1
dereliquerat,3,1
dereliquerint,3,1
dereliquerit,3,1
dereliquerunt,2,1
dereliqui,2,1
dereliquisti,2,1
dereliquistis,2,1
dereliquit,2,1
deridebant,2,1
deridebis,2,1
deridebit,2,1
derident,2,1
deridentes,2,1
deridet,2,1
deridetur,2,1
deriserunt,2,1
derisor,2,1
derisore,2,1
derisorem,2,1
derisores,2,1
derisu,2,1
derisum,2,1
derisus,2,1
deriuentur,2,1
desaeuit,2,1
descendam,2,1
descendamus,2,1
descendant,2,1
descendas,2,1
descendat,2,1
descende,2,1
descendebant,2,1
descendebat,2,1
descendendi,2,1
descendens,2,1
descendent,2,1
descendente,2,1
descendentem,2,1
descendentes,2,1
descendentibus,3,1
descendentis,2,1
descendentium,3,1
descenderant,3,1
descenderat,3,1
descendere,2|3,2
descenderem,3,1
descenderent,3,1
descenderes,3,1
descenderet,3,1
descenderint,3,1
descenderit,3,1
descendero,3,1
descenderunt,2,1
descendes,2,1
descendet,2,1
descendetis,2,1
descendi,2,1
descendimus,3,1
descendissent,2,1
descendisset,2,1
descendisti,2,1
descendit,2,1
descendite,3,1
descenditis,3,1
descendo,2,1
descendunt,2,1
descensione,2,1
descensu,2,1
descensum,2,1
descensus,2,1
describant,2,1
describe,2,1
describendam,2,1
describes,2,1
describet,2,1
describit,2,1
describite,3,1
descripserint,3,1
descripserunt,2,1
descripsi,2,1
descripsimus,3,1
descripsit,2,1
descripta,2,1
descripti,2,1
descriptio,3,1
descriptionem,2,1
descriptiones,2,1
descriptionibus,3,1
descriptionis,2,1
descriptus,2,1
deseram,3,1
deserant,3,1
deserat,3,1
desere,3,1
deserebat,2,1
deserentes,2,1
deserere,2|3,2
deseretur,2,1
deserit,3,1
deserta,2,1
desertae,2,1
desertam,2,1
desertarum,2,1
desertas,2,1
deserti,2,1
desertionem,2,1
desertis,2,1
deserto,2,1
desertores,2,1
desertos,2,1
desertum,2,1
deserturos,2,1
desertus,2,1
deseruerunt,2,1
deseruiant,3,1
deseruiens,3,1
deseruientes,2,1
deseruio,3,1
deseruirent,2,1
deseruisse,2,1
deseruisset,2,1
deseruit,2|3,2
deseruiunt,3,1
desiderabam,2,1
desiderabant,2,1
desiderabat,2,1
desiderabile,3,1
desiderabilem,3,1
desiderabilia,3,1
desiderabilis,3,1
desiderabis,2,1
desiderabit,2,1
desiderabunt,2,1
desideramus,2,1
desiderando,2,1
desiderans,3,1
desiderant,3,1
desiderantes,2,1
desiderantibus,3,1
desiderantium,3,1
desiderantur,2,1
desiderare,2,1
desideraremus,2,1
desiderari,2,1
desiderasti,2,1
desiderat,3,1
desideratis,2,1
desideratus,2,1
desiderauerat,3,1
desiderauerunt,2,1
desideraui,2,1
desiderauimus,3,1
desiderauit,2,1
desiderent,2|3,2
desideres,2|3,2
desideret,2|3,2
desideretis,2,1
desideria,3,1
desiderii,3,1
desideriis,3,1
desiderio,3,1
desideriorum,2,1
desiderium,3,1
desidero,3,1
desierant,3,1
desieris,3,1
desierunt,2,1
designati,2,1
designatos,2,1
designauerit,3,1
designaui,2,1
designauit,2,1
desiit,3,1
desiliens,3,1
desiluit,3,1
desinam,3,1
desinant,3,1
desinas,3,1
desinat,3,1
desine,3,1
desines,3,1
desinet,3,1
desinis,3,1
desisset,2,1
desistant,2,1
desistebant,2,1
desistens,2,1
desistis,2,1
desiuit,2,1
desolabitur,3,1
desolata,2,1
desolatae,2,1
desolatam,2,1
desolatio,3,1
desolatione,2,1
desolationem,2,1
desolationis,2,1
desolatis,2,1
desolatos,2,1
desolatum,2,1
desolatus,2,1
despecta,2,1
despectio,3,1
despectu,2,1
despectui,3,1
despectum,2,1
despectus,2,1
desperabat,2,1
desperans,2,1
desperantes,2,1
desperata,2,1
desperati,2,1
desperatio,3,1
desperatorum,2,1
desperatus,2,1
desperaueris,3,1
desperaui,2,1
desperauimus,3,1
desperes,2,1
desperet,2,1
despexeris,3,1
despexerit,3,1
despexerunt,2,1
despexi,2,1
despeximus,3,1
despexisti,2,1
despexistis,2,1
despexit,2,1
despice,3,1
despicere,2|3,2
despicerentur,2,1
despiceret,3,1
despiciam,3,1
despicias,3,1
despiciat,3,1
despiciebant,2,1
despiciens,3,1
despiciet,3,1
despicio,3,1
despicis,3,1
despicit,3,1
despicitis,3,1
despicitur,3,1
despiciunt,3,1
desponderit,3,1
despondi,2,1
despondit,2,1
desponsata,2,1
desponsatam,2,1
destillare,2,1
destinasse,2,1
destinata,2,1
destinatae,2,1
destinatam,2,1
destinati,2,1
destinato,2,1
destinatos,2,1
destinatum,2,1
destinatus,2,1
destinauerunt,2,1
destinauit,2,1
destiterunt,2,1
destitit,3,1
destituens,3,1
destituta,2,1
destitutae,2,1
destitutam,2,1
destitutionem,2,1
destitutos,2,1
destricti,2,1
destruam,3,1
destruantur,2,1
destruas,3,1
destruatur,2,1
destructa,2,1
destructae,2,1
destructam,2,1
destructionem,2,1
destructionis,2,1
destructum,2,1
destrue,3,1
destruendi,2,1
destruens,3,1
destruent,3,1
destruentes,2,1
destruere,2|3,2
destrueret,3,1
destruet,3,1
destruetur,2,1
destrui,3,1
destruis,3,1
destruit,3,1
destruunt,3,1
destruuntur,2,1
destruxerunt,2,1
destruxisti,2,1
destruxit,2,1
desuper,3,1
desursum,2,1
detectus,2,1
detentus,2,1
deterior,3,1
deteriora,2,1
deterius,3,1
determinat,3,1
deterreat,3,1
deterrebit,2,1
deterrentibus,3,1
deterrere,2,1
detestabilem,3,1
detestanda,2,1
detestantur,2,1
detestari,2,1
detestaris,2,1
detestatio,3,1
detestatur,2,1
detestatus,2,1
detester,2,1
detestor,2,1
detineat,3,1
detinebant,2,1
detinebatur,2,1
detinemus,2,1
detinent,3,1
detinere,2,1
detineri,2,1
detines,3,1
detinuit,3,1
detracta,2,1
detractione,2,1
detractionem,2,1
detractiones,2,1
detractor,2,1
detractores,2,1
detractos,2,1
detractus,2,1
detraham,3,1
detrahas,3,1
detrahat,3,1
detrahe,3,1
detrahebant,2,1
detrahebat,2,1
detrahenda,2,1
detrahens,3,1
detrahentem,2,1
detrahentes,2,1
detrahentur,2,1
detrahere,2|3,2
detraherent,3,1
detraheret,3,1
detrahes,3,1
detrahet,3,1
detrahetur,2,1
detrahis,3,1
detrahit,3,1
detrahunt,3,1
detraxerint,3,1
detraxero,3,1
detraxerunt,2,1
detraxi,2,1
detraxistis,2,1
detraxit,2,1
detrectant,2,1
detrimenta,2,1
detrimentum,2,1
detulerant,3,1
detulerat,3,1
detulerunt,2,1
detuli,3,1
detulissent,2,1
detulisset,2,1
detulisti,2,1
detulit,3,1
deturpat,2,1
deuastans,2,1
deuastantes,2,1
deuastata,2,1
deuastatum,2,1
deuenerunt,2,1
deueni,2|3,2
deuenient,3,1
deuenimus,2|3,2
deuenire,2,1
deuenirent,2,1
deueniret,2,1
deuenisset,2,1
deuenit,2|3,2
deuersorio,3,1
deuersorium,3,1
deuiare,2,1
deuicerunt,2,1
deuicit,2,1
deuios,3,1
deuita,2,1
deuitans,2,1
deuitat,2,1
deuium,3,1
deuolauit,2,1
deuoluat,2,1
deuoluti,2,1
deuolutis,2,1
deuora,3,1
deuorabit,2,1
deuorabitur,3,1
deuorabunt,2,1
deuorandos,2,1
deuorandum,2,1
deuorans,3,1
deuorant,3,1
deuorante,2,1
deuorantem,2,1
deuorantes,2,1
deuorare,2,1
deuorarent,2,1
deuoraret,2,1
deuorassem,2,1
deuorat,3,1
deuorata,2,1
deuorati,2,1
deuorationem,2,1
deuoratis,2,1
deuorator,2,1
deuoratum,2,1
deuoratus,2,1
deuorauerit,3,1
deuorauerunt,2,1
deuoraui,2,1
deuorauimus,3,1
deuorauit,2,1
deuorent,3,1
deuoret,3,1
deuoretur,2,1
deuota,2,1
deuotione,2,1
deuoueram,3,1
deuouerat,3,1
deuouerunt,2,1
deuouit,2,1
deuteronomii,3,1
deuteronomium,3,1
dextera,3,1
dexterae,3,1
dexteram,3,1
dexteras,3,1
dexterum,3,1
diaboli,3,1
diabolica,3,1
diabolo,3,1
diabolum,3,1
diabolus,3,1
diaconi,3,1
diaconis,3,1
diaconos,3,1
diadema,2,1
diademata,2|3,2
diademate,2|3,2
diana,2,1
dianae,2,1
dicamus,2,1
dicantur,2,1
dicatis,2,1
dicatur,2,1
dicebam,2,1
dicebamus,2,1
dicebant,2,1
dicebantur,2,1
dicebas,2,1
dicebat,2,1
dicebatur,2,1
dicemus,2,1
dicenda,2,1
dicendo,2,1
dicendum,2,1
dicente,2,1
dicentem,2,1
dicentes,2,1
dicenti,2,1
dicentia,3,1
dicentibus,3,1
dicentis,2,1
dicentium,3,1
dicentur,2,1
dicere,2|3,2
dicerem,3,1
diceremus,2,1
dicerent,3,1
diceres,3,1
diceret,3,1
diceretis,2,1
diceretur,2,1
dicetis,2,1
dicetur,2,1
dicimus,3,1
dicione,2,1
dicionem,2,1
dicioni,2,1
dicionis,2,1
dicite,3,1
dicitis,3,1
dicito,3,1
dicitur,3,1
dictauerit,3,1
dictionis,2,1
dicturi,2|3,2
dicturus,2,1
dicuntur,2,1
didicerint,3,1
didiceris,3,1
didicerit,3,1
didicerunt,2,1
didici,3,1
didicissemus,2,1
didicisset,2,1
didicisti,2,1
didicistis,2,1
didicit,3,1
diebus,2,1
diei,3,1
dierum,2,1
diffamat,2,1
diffamatus,2,1
differas,3,1
differat,3,1
differentem,2,1
differentes,2,1
differentia,3,1
differentiam,3,1
differentias,3,1
differentur,2,1
differetur,2,1
differtur,2,1
difficile,3,1
difficilem,3,1
difficiles,3,1
difficilia,3,1
difficultas,2,1
difficultatem,2,1
diffidens,2,1
diffidentes,2,1
diffidentia,3,1
diffidentiae,3,1
diffluant,3,1
diffluens,3,1
diffluerent,3,1
diffluit,3,1
diffluunt,3,1
diffugere,2|3,2
diffugerunt,2,1
diffugit,2|3,2
diffundebatur,2,1
diffunderetur,2,1
diffundi,2,1
diffunditur,3,1
diffusa,2,1
diffusae,2,1
diffusi,2,1
diffusus,2,1
digere,3,1
digessit,2,1
digesta,2,1
digestas,2,1
digestos,2,1
digiti,3,1
digitis,3,1
digito,3,1
digitorum,2,1
digitos,3,1
digitum,3,1
digitus,3,1
dignabitur,3,1
dignare,2,1
dignaretur,2,1
dignationem,2,1
dignatus,2,1
digneris,2,1
dignetur,2,1
dignissimum,3,1
dignitas,3,1
dignitate,2,1
dignitatem,2,1
dignitates,2,1
dignitatis,2,1
dignoscere,2|3,2
dignoscitur,3,1
digressi,2,1
diiudicabit,2,1
diiudicabitur,3,1
diiudicans,3,1
diiudicare,2,1
diiudicaremus,2,1
diiudicat,3,1
diiudicatur,2,1
diiudicent,3,1
dilaberetur,2,1
dilacerant,3,1
dilacerata,2,1
dilata,2,1
dilatant,2,1
dilatantur,2,1
dilatare,2,1
dilataret,2,1
dilatat,2,1
dilatata,2,1
dilatationem,2,1
dilatatis,2,1
dilatatum,2,1
dilatatus,2,1
dilatauit,2,1
dilatet,2,1
dilatio,3,1
dilatione,2,1
dilecta,2,1
dilectae,2,1
dilectam,2,1
dilecte,2,1
dilecti,2,1
dilectio,3,1
dilectione,2,1
dilectionem,2,1
dilectionis,2,1
dilectis,2,1
dilectissimi,3,1
dilectissimum,3,1
dilecto,2,1
dilectos,2,1
dilectum,2,1
dilectus,2,1
dilexerat,3,1
dilexerimus,2|3,2
dilexeris,3,1
dilexerit,3,1
dilexerunt,2,1
dilexi,2,1
dilexisset,2,1
dilexisti,2,1
dilexit,2,1
diligam,3,1
diligamus,2,1
diligant,3,1
diligar,3,1
diligas,3,1
diligat,3,1
diligatis,2,1
diligatur,2,1
dilige,3,1
diligebam,2,1
diligebant,2,1
diligebat,2,1
diligens,3,1
diligenter,2,1
diligentes,2,1
diligenti,2,1
diligentia,3,1
diligentiam,3,1
diligentibus,3,1
diligentis,2,1
diligentissimam,3,1
diligentissime,3,1
diligentius,3,1
diligere,2|3,2
diligerent,3,1
diligeret,3,1
diligeris,2|3,2
diliges,3,1
diliget,3,1
diligetis,2,1
diligetur,2,1
diligimus,3,1
diligis,3,1
diligit,3,1
diligite,3,1
diligitis,3,1
diligitur,3,1
diligo,3,1
diligunt,3,1
dilucesceret,3,1
diluculi,3,1
diluculo,3,1
diluculum,3,1
diluuii,3,1
diluuio,3,1
diluuium,3,1
dimensus,2,1
dimicabant,2,1
dimicabit,2,1
dimicandum,2,1
dimicant,3,1
dimicantes,2,1
dimicantium,3,1
dimicare,2,1
dimicarent,2,1
dimicaret,2,1
dimicasset,2,1
dimicat,3,1
dimicatum,2,1
dimicauerunt,2,1
dimicaui,2,1
dimicauit,2,1
dimicent,3,1
dimidia,3,1
dimidiae,3,1
dimidiam,3,1
dimidii,3,1
dimidio,3,1
dimidium,3,1
diminutio,3,1
diminutione,2,1
diminutionem,2,1
dimiserant,3,1
dimiserat,3,1
dimiseris,3,1
dimiserit,3,1
dimiseritis,2|3,2
dimisero,3,1
dimiserunt,2,1
dimisi,2,1
dimisimus,3,1
dimisissem,2,1
dimisisses,2,1
dimisisset,2,1
dimisisti,2,1
dimisit,2,1
dimissa,2,1
dimissam,2,1
dimissi,2,1
dimissionem,2,1
dimissis,2,1
dimissum,2,1
dimissus,2,1
dimittam,2,1
dimittamus,2,1
dimittant,2,1
dimittantur,2,1
dimittar,2,1
dimittas,2,1
dimittat,2,1
dimittatis,2,1
dimittatur,2,1
dimitte,2,1
dimittemini,3,1
dimittemus,2,1
dimittendi,2,1
dimittens,2,1
dimittent,2,1
dimittentes,2,1
dimittentur,2,1
dimittere,2|3,2
dimitterent,3,1
dimitterentur,2,1
dimitteres,3,1
dimitteret,3,1
dimitteretur,2,1
dimittes,2,1
dimittet,2,1
dimittetur,2,1
dimitti,2,1
dimittimus,3,1
dimittis,2,1
dimittit,2,1
dimittite,3,1
dimittitis,3,1
dimittitur,3,1
dimittunt,2,1
dimittuntur,2,1
dinumerare,2,1
dinumerari,2,1
dinumerat,3,1
dinumerationem,2,1
dinumerauit,2,1
dionysius,3,1
diploide,3,1
dipondio,3,1
directa,2,1
directae,2,1
directe,2,1
directione,2,1
directiones,2,1
directionis,2,1
directo,2,1
directum,2,1
directus,2,1
direpta,2,1
direptione,2,1
direptionem,2,1
direptionis,2,1
direptis,2,1
direptus,2,1
direxerat,3,1
direxerit,3,1
direxerunt,2,1
direxi,2,1
direximus,3,1
direxisset,2,1
direxit,2,1
dirigam,3,1
dirigamus,2,1
dirigantur,2,1
dirigas,3,1
dirigat,3,1
dirigatur,2,1
dirige,3,1
dirigebant,2,1
dirigebat,2,1
dirigendos,2,1
dirigens,3,1
dirigentes,2,1
dirigentur,2,1
dirigere,2|3,2
dirigerent,3,1
dirigeret,3,1
diriget,3,1
dirigetur,2,1
dirigi,3,1
dirigis,3,1
dirigit,3,1
dirigite,3,1
dirigo,3,1
dirigunt,3,1
diriguntur,2,1
diripere,3,1
diriperent,3,1
diripiant,3,1
diripiat,3,1
diripiebant,2,1
diripiebantur,2,1
diripiendam,2,1
diripiendos,2,1
diripiendum,2,1
diripient,3,1
diripientes,2,1
diripientium,3,1
diripiet,3,1
diripiunt,3,1
diripuerunt,2,1
diripuimus,3,1
diripuit,3,1
diruerunt,2,1
diruit,3,1
dirumpuntur,2,1
dirupisset,2,1
dirupta,2,1
diruptus,2,1
diruta,3,1
dirutae,3,1
dirutum,3,1
discedant,2,1
discedas,2,1
discedat,2,1
discede,2,1
discedebant,2,1
discedebat,2,1
discedemus,2,1
discedendi,2,1
discedens,2,1
discedent,2,1
discedentes,2,1
discedere,2|3,2
discederent,3,1
discederet,3,1
discedet,2,1
discedimus,3,1
discedit,2,1
discedite,3,1
discedunt,2,1
discentes,2,1
disceptabant,2,1
disceptarent,2,1
disceptaret,2,1
disceptatio,3,1
disceptatione,2,1
disceptationibus,3,1
discere,2|3,2
discerent,3,1
disceret,3,1
discernat,2,1
discerne,2,1
discernendi,2,1
discernendum,2,1
discernent,2,1
discernere,2|3,2
discernimus,3,1
discernis,2,1
discernit,2,1
discerperetur,2,1
discerpsit,2,1
discesserat,3,1
discessere,2,1
discesseris,3,1
discesserit,3,1
discesserunt,2,1
discessio,3,1
discessionem,2,1
discessissent,2,1
discessisset,2,1
discessit,2,1
disciderunt,2,1
discinctus,2,1
discindere,2|3,2
disciplina,2,1
disciplinae,2,1
disciplinam,2,1
discipula,3,1
discipuli,3,1
discipulis,3,1
discipulo,3,1
discipulorum,2,1
discipulos,3,1
discipulum,3,1
discipulus,3,1
discissis,2,1
discite,3,1
discocta,2,1
discolor,2|3,2
discolores,2,1
discooperto,2,1
discordiae,3,1
discordias,3,1
discretio,3,1
discretionem,2,1
discreuit,2,1
discrimini,3,1
discriminis,3,1
discubitu,3,1
discubitus,3,1
discubuerunt,2,1
discubuit,3,1
discumbebant,2,1
discumbebat,2,1
discumbens,2,1
discumbentes,2,1
discumbentibus,3,1
discumbentium,3,1
discumbere,2|3,2
discumberent,3,1
discumberet,3,1
discurrens,2,1
discurrentes,2,1
discurrentium,3,1
discurrere,2|3,2
discurrerent,3,1
discurrerunt,2,1
discurritur,3,1
discurrunt,2,1
disertus,2,1
dispendia,3,1
dispensatio,3,1
dispensatione,2,1
dispensationem,2,1
dispensator,2,1
dispensatore,2,1
dispensatorem,2,1
dispensatores,2,1
dispensatori,2,1
disperdam,2,1
disperdant,2,1
disperdat,2,1
disperde,2,1
disperdere,2|3,2
disperderent,3,1
disperderet,3,1
disperdet,2,1
disperdiderunt,2,1
disperdidit,3,1
disperdit,2,1
dispereas,3,1
dispergam,2,1
dispergat,2,1
dispergatur,2,1
disperge,2,1
dispergerent,3,1
dispergerentur,2,1
dispergeret,3,1
disperget,2,1
dispergit,2,1
dispergite,3,1
dispergitur,3,1
disperserat,3,1
disperserit,3,1
disperserunt,2,1
dispersi,2,1
dispersimus,3,1
dispersio,3,1
dispersione,2,1
dispersionem,2,1
dispersionis,2,1
dispersisti,2,1
dispersit,2,1
dispertiam,3,1
dispertiit,3,1
dispertit,2,1
dispertitae,2,1
dispertitus,2,1
displiceat,3,1
displicebit,2,1
displicet,3,1
displicuerit,3,1
displicuit,3,1
dispoliauit,2,1
disponam,2,1
disponamus,2,1
disponantur,2,1
disponat,2,1
dispone,2,1
disponens,2,1
disponentur,2,1
disponere,2|3,2
disponeret,3,1
dispones,2,1
disponet,2,1
disponis,2,1
disponit,2,1
dispono,2,1
disposita,3,1
dispositi,3,1
dispositio,3,1
dispositione,2,1
dispositionem,2,1
dispositiones,2,1
dispositionibus,3,1
disposito,3,1
dispositum,3,1
dispositus,3,1
disposuerat,3,1
disposuerunt,2,1
disposui,3,1
disposuisti,2,1
disposuit,3,1
disputabant,2,1
disputabat,2,1
disputando,2,1
disputans,3,1
disputante,2,1
disputantem,2,1
disputantes,2,1
disputare,2,1
disputatio,3,1
disputationi,2,1
disputatis,2,1
disputauerunt,2,1
disputauit,2,1
disputem,3,1
disquirere,2|3,2
disrumpit,2,1
disseminatum,2,1
dissensio,3,1
dissensione,2,1
dissensionem,2,1
dissensiones,2,1
dissensionis,2,1
dissentiat,3,1
dissere,3,1
disserebant,2,1
disserebat,2,1
disseruit,3,1
dissimile,3,1
dissimilis,3,1
dissimulabat,2,1
dissimulabit,2,1
dissimulante,2,1
dissimularet,2,1
dissimulas,3,1
dissimulat,3,1
dissimulata,2,1
dissimulauerit,3,1
dissimulaui,2,1
dissimulauit,2,1
dissipa,3,1
dissipabant,2,1
dissipabit,2,1
dissipabitur,3,1
dissipabo,2,1
dissipabunt,2,1
dissipabuntur,2,1
dissipans,3,1
dissipant,3,1
dissipantem,2,1
dissipantur,2,1
dissipare,2,1
dissiparem,2,1
dissipas,3,1
dissipasset,2,1
dissipat,3,1
dissipata,2,1
dissipatae,2,1
dissipatam,2,1
dissipatas,2,1
dissipati,2,1
dissipatione,2,1
dissipatis,2,1
dissipatum,2,1
dissipatur,2,1
dissipatus,2,1
dissipauerunt,2,1
dissipauit,2,1
dissipentur,2,1
dissipes,3,1
dissipet,3,1
dissoluam,2,1
dissoluantur,2,1
dissoluat,2,1
dissoluatur,2,1
dissolue,2,1
dissoluenda,2,1
dissoluere,2|3,2
dissoluerem,3,1
dissolueris,2|3,2
dissoluerunt,2,1
dissoluet,2,1
dissoluetur,2,1
dissolui,2,1
dissoluis,2,1
dissoluisset,2,1
dissoluisti,2,1
dissoluit,2,1
dissoluitis,3,1
dissoluta,2,1
dissolutae,2,1
dissolutas,2,1
dissoluti,2,1
dissolutio,3,1
dissolutionem,2,1
dissolutiones,2,1
dissolutis,2,1
dissolutum,2,1
dissolutus,2,1
distabat,2,1
distanti,2,1
distantia,3,1
distantiam,3,1
distendantur,2,1
distenti,2,1
distentionem,2,1
disterminans,3,1
distincta,2,1
distincte,2,1
distinctio,3,1
distinctionem,2,1
distinctum,2,1
distinctus,2,1
distinguere,2|3,2
distinguet,2,1
distinxerunt,2,1
distinxit,2,1
distractione,2,1
distrahi,3,1
distribuant,3,1
distribue,3,1
distribuendi,2,1
distribuendum,2,1
distribueret,3,1
distribueretur,2,1
distribuero,3,1
distribuerunt,2,1
distribui,3,1
distribuit,3,1
distributae,2,1
distributi,2,1
distributio,3,1
distributionibus,3,1
distributionis,2,1
distribuunt,3,1
districtis,2,1
distringam,2,1
distulerit,3,1
distuli,3,1
distulissent,2,1
distulisti,2,1
distulit,3,1
ditari,2,1
ditati,2,1
ditatus,2,1
ditione,2,1
ditionem,2,1
ditioni,2,1
ditionis,2,1
ditior,3,1
ditiores,2,1
diuersa,2,1
diuersae,2,1
diuersam,2,1
diuersarum,2,1
diuersi,2,1
diuersis,2,1
diuersitate,2,1
diuerso,2,1
diuersorio,3,1
diuersorium,3,1
diuersorum,2,1
diuersos,2,1
diuersum,2,1
diuersus,2,1
diuertendi,2,1
diuertentes,2,1
diuertere,2|3,2
diuerti,2,1
diuertisset,2,1
diuertit,2,1
diuidam,3,1
diuidant,3,1
diuidas,3,1
diuidat,3,1
diuidatur,2,1
diuide,3,1
diuidebant,2,1
diuidebat,2,1
diuidebatur,2,1
diuidens,3,1
diuident,3,1
diuidentem,2,1
diuidentes,2,1
diuidentibus,3,1
diuidentur,2,1
diuidere,2|3,2
diuiderent,3,1
diuideret,3,1
diuides,3,1
diuidet,3,1
diuidetur,2,1
diuidimur,3,1
diuidit,3,1
diuidite,3,1
diuiditur,3,1
diuidunt,3,1
diuiduntur,2,1
diuina,2,1
diuinae,2,1
diuinam,2,1
diuinando,2,1
diuinant,2,1
diuinantes,2,1
diuinas,2,1
diuinatio,3,1
diuinatione,2,1
diuinationem,2,1
diuinationes,2,1
diuinationis,2,1
diuini,2,1
diuinis,2,1
diuinitas,3,1
diuinitatem,2,1
diuinitatis,2,1
diuinitus,3,1
diuino,2,1
diuinorum,2,1
diuinos,2,1
diuinum,2,1
diuisa,2,1
diuisae,2,1
diuisam,2,1
diuiserunt,2,1
diuisi,2,1
diuisio,3,1
diuisione,2,1
diuisionem,2,1
diuisiones,2,1
diuisionibus,3,1
diuisionum,2,1
diuisis,2,1
diuisisset,2,1
diuisisti,2,1
diuisit,2,1
diuiso,2,1
diuisorem,2,1
diuisum,2,1
diuisus,2,1
diuitem,3,1
diuites,3,1
diuiti,3,1
diuitiae,3,1
diuitiarum,2,1
diuitias,3,1
diuitibus,3,1
diuitiis,3,1
diuitis,3,1
diuitum,3,1
diurnam,2,1
diurno,2,1
diutius,3,1
diuturna,2,1
diuulgabatur,2,1
diuulgari,2,1
diuulgata,2,1
diuulgatum,2,1
diuulso,2,1
dixeram,3,1
dixeramus,2,1
dixerant,3,1
dixeras,3,1
dixerat,3,1
dixerim,3,1
dixerimus,2|3,2
dixerint,3,1
dixeris,3,1
dixerit,3,1
dixeritis,2|3,2
dixero,3,1
dixerunt,2,1
diximus,3,1
dixisse,2,1
dixissem,2,1
dixissent,2,1
dixisset,2,1
dixisti,2,1
dixistis,2,1
doceant,3,1
doceas,3,1
doceat,3,1
docebant,2,1
docebat,2,1
docebis,2,1
docebit,2,1
docebo,2,1
docebunt,2,1
docendum,2,1
docente,2,1
docentem,2,1
docentes,2,1
docentium,3,1
doceo,3,1
docere,2,1
docerem,2,1
docerent,2,1
doceret,2,1
docete,2,1
docile,3,1
doctissimi,3,1
doctissimo,3,1
doctissimos,3,1
doctissimum,3,1
doctore,2,1
doctorem,2,1
doctores,2,1
doctoris,2,1
doctorum,2,1
doctrina,2,1
doctrinae,2,1
doctrinam,2,1
doctrinas,2,1
doctrinis,2,1
docturus,2,1
docuerant,3,1
docuerat,3,1
docuerim,3,1
docuerint,3,1
docueris,3,1
docuerit,3,1
docuerunt,2,1
docui,3,1
docuissent,2,1
docuisti,2,1
docuit,3,1
dogmata,3,1
dogmatum,3,1
dolabras,2,1
dolata,2,1
dolauerunt,2,1
dolaui,2,1
doleas,3,1
doleat,3,1
doleatis,2,1
dolebant,2,1
dolebit,2,1
dolebunt,2,1
dolentes,2,1
dolentium,3,1
doleo,3,1
dolere,2,1
doleri,2,1
dolore,2,1
dolorem,2,1
dolores,2,1
dolori,2,1
doloribus,3,1
doloris,2,1
dolorum,2,1
dolosa,2,1
dolosae,2,1
dolosam,2,1
dolosas,2,1
dolose,2,1
dolosi,2,1
dolosis,2,1
doloso,2,1
dolosum,2,1
dolosus,2,1
doluerunt,2,1
dolui,3,1
doluistis,2,1
doluit,3,1
domantur,2,1
domare,2,1
domate,2|3,2
domatur,2,1
domestica,3,1
domesticam,3,1
domesticas,3,1
domestici,3,1
domesticis,3,1
domesticorum,2,1
domesticos,3,1
domesticum,3,1
domibus,3,1
domicilio,3,1
domicilium,3,1
domina,3,1
dominabantur,2,1
dominabatur,2,1
dominaberis,3,1
dominabitur,3,1
dominabor,2,1
dominabuntur,2,1
dominae,3,1
dominam,3,1
dominamini,3,1
dominans,3,1
dominantem,2,1
dominantes,2,1
dominantium,3,1
dominantur,2,1
dominare,2,1
dominarentur,2,1
dominaretur,2,1
dominari,2,1
dominaris,2,1
dominas,3,1
dominati,2,1
dominatio,3,1
dominatione,2,1
dominationem,2,1
dominationes,2,1
dominationis,2,1
dominator,2,1
dominatorem,2,1
dominatori,2,1
dominatrici,2,1
dominatrix,2,1
dominatum,2,1
dominatur,2,1
dominatus,2,1
domine,3,1
dominentur,2,1
dominetur,2,1
domini,3,1
dominica,3,1
dominicae,3,1
dominicam,3,1
dominici,3,1
dominio,3,1
dominis,3,1
dominium,3,1
domino,3,1
dominorum,2,1
dominos,3,1
dominum,3,1
dominus,3,1
domita,3,1
domorum,2,1
domui,3,1
domuncula,3,1
donabas,2,1
donabis,2,1
donabit,2,1
donabo,2,1
donantes,2,1
donare,2,1
donaret,2,1
donari,2,1
donaria,3,1
donariis,3,1
donasti,2,1
donastis,2,1
donata,2,1
donatae,2,1
donate,2,1
donati,2,1
donatione,2,1
donationem,2,1
donationes,2,1
donationis,2,1
donatis,2,1
donatum,2,1
donaueris,3,1
donaui,2,1
donauit,2,1
donorum,2,1
dormiam,3,1
dormiamus,2,1
dormiant,3,1
dormias,3,1
dormiat,3,1
dormiatis,2,1
dormiebant,2,1
dormiebat,2,1
dormiendo,2,1
dormiendum,2,1
dormiens,3,1
dormient,3,1
dormiente,2,1
dormientem,2,1
dormientes,2,1
dormienti,2,1
dormientibus,3,1
dormientis,2,1
dormientium,3,1
dormierint,3,1
dormieris,2|3,2
dormierit,3,1
dormierunt,2,1
dormies,3,1
dormiet,3,1
dormio,3,1
dormire,2,1
dormirent,2,1
dormisse,2,1
dormisset,2,1
dormisti,2,1
dormitas,2,1
dormitat,2,1
dormite,2,1
dormitet,2,1
dormitione,2,1
dormitionem,2,1
dormitis,2,1
dormiui,2,1
dormiuit,2,1
dormiunt,3,1
dotabit,2,1
dotauit,2,1
dracone,2,1
draconem,2,1
dracones,2,1
draconi,2,1
draconibus,3,1
draconis,2,1
draconum,2,1
drusilla,2,1
duabus,2,1
duarum,2,1
dubiae,3,1
dubio,3,1
dubitans,3,1
dubitasti,2,1
dubitatione,2,1
dubitauerunt,2,1
dubito,3,1
dubium,3,1
ducamus,2,1
ducantur,2,1
ducatum,2,1
ducatus,2,1
ducebant,2,1
ducebantur,2,1
ducebat,2,1
ducemus,2,1
ducendos,2,1
ducenta,2,1
ducentae,2,1
ducentas,2,1
ducentem,2,1
ducentes,2,1
ducenti,2,1
ducentis,2,1
ducentorum,2,1
ducentos,2,1
ducentur,2,1
ducere,2|3,2
ducerem,3,1
ducerent,3,1
ducerentur,2,1
duceret,3,1
duceretur,2,1
duceris,2|3,2
ducetur,2,1
ducibus,3,1
ducimini,3,1
ducimus,3,1
ducite,3,1
ducitur,3,1
ductile,3,1
ductore,2,1
ducturus,2,1
ducuntur,2,1
dulcedine,3,1
dulcedinem,3,1
dulcedinis,3,1
dulcedo,2,1
dulcia,3,1
dulciora,2,1
dulciores,2,1
dulcissimum,3,1
dulcius,3,1
dummodo,3,1
dumtaxat,2,1
duobus,2,1
duodecim,3,1
duodecima,3,1
duodecimi,3,1
duodecimo,3,1
duodecimum,3,1
duodecimus,3,1
duorum,2,1
duplicabis,2,1
duplicate,2,1
duplicem,3,1
duplices,3,1
duplicetur,2,1
duplici,3,1
duplicia,3,1
duplicibus,3,1
dupliciter,3,1
durantur,2,1
duratur,2,1
durior,3,1
duriora,2,1
duriorem,2,1
duriores,2,1
durissima,3,1
durissimae,3,1
durissimam,3,1
durissimo,3,1
durissimos,3,1
durissimum,3,1
duriter,3,1
duritia,3,1
duritiae,3,1
duritiam,3,1
durities,3,1
durius,3,1
duxerant,3,1
duxerat,3,1
duxere,2,1
duxerint,3,1
duxeris,3,1
duxerit,3,1
duxerunt,2,1
duximus,3,1
duxisset,2,1
duxisti,2,1
duxistis,2,1
dysenteria,3,1
eadem,2|3,2
eamdem,2,1
eamus,2,1
eandem,2,1
earum,2,1
earumdem,2,1
earundem,2,1
easdem,2,1
eatis,2,1
ebibit,3,1
ebore,3,1
eboris,3,1
ebria,3,1
ebriam,3,1
ebrietas,3,1
ebrietate,2,1
ebrietatem,2,1
ebrietates,2,1
ebrietatibus,3,1
ebrietatis,2,1
ebrii,3,1
ebriis,3,1
ebriorum,2,1
ebrios,3,1
ebriosa,2,1
ebriosi,2,1
ebriosis,2,1
ebriosus,2,1
ebrius,3,1
ebulliens,3,1
ebullire,2,1
ebullit,2,1
eburnea,3,1
eburneae,3,1
eburneis,3,1
eburneos,3,1
eburneum,3,1
eburneus,3,1
ecbatana,3,1
ecbatanam,3,1
ecbatanis,3,1
ecclesia,3,1
ecclesiae,3,1
ecclesiam,3,1
ecclesiarum,2,1
ecclesias,3,1
ecclesiastes,2,1
ecclesiastici,3,1
ecclesiis,3,1
econtra,2,1
edatis,2,1
edebam,2,1
edebant,2,1
edebat,2,1
edendo,2,1
edente,2,1
edentes,2,1
edentibus,3,1
edere,2|3,2
ederent,3,1
ederit,3,1
edetis,2,1
edetur,2,1
edicere,2|3,2
edico,2,1
edicta,2,1
edicti,2,1
edictis,2,1
edicto,2,1
edictum,2,1
edidit,3,1
edissere,3,1
edite,3,1
edoce,3,1
edocti,2,1
edoctus,2,1
edocuit,3,1
edomita,3,1
educam,2,1
educant,2|3,2
educas,2|3,2
educat,2|3,2
educaui,2,1
educauit,2,1
educebant,2,1
educens,2,1
educent,2|3,2
educentes,2,1
educentur,2,1
educere,2|3,2
educerem,3,1
educerent,3,1
educeres,3,1
educeret,3,1
educeretur,2,1
educes,2|3,2
educet,2|3,2
educi,2,1
educit,2,1
educite,3,1
educo,2|3,2
educta,2,1
eductam,2,1
educti,2,1
eductis,2,1
eductum,2,1
eductus,2,1
educunt,2,1
eduxerat,3,1
eduxeris,3,1
eduxerit,3,1
eduxerunt,2,1
eduxi,2,1
eduxissent,2,1
eduxisset,2,1
eduxisti,2,1
eduxit,2,1
effecisset,2,1
effecit,2,1
effecta,2,1
effecti,2,1
effectum,2,1
effectus,2,1
effeminati,2,1
effeminatis,2,1
effeminatorum,2,1
effeminatos,2,1
efferant,3,1
efferas,3,1
efferat,3,1
efferatis,2,1
efferatus,2,1
efferebantur,2,1
efferebatur,2,1
efferent,3,1
efferentes,2,1
efferes,3,1
efferet,3,1
efferre,2,1
efferrent,2,1
efferret,2,1
efferri,2,1
efferuere,2|3,2
efficacia,3,1
efficax,3,1
effici,3,1
efficiamini,3,1
efficiamur,2,1
efficiar,3,1
efficiatur,2,1
efficiebatur,2,1
efficiemus,2,1
efficiet,3,1
efficietur,2,1
efficit,3,1
efficitur,3,1
efficiuntur,2,1
efficta,2,1
effigie,3,1
effigiem,3,1
effigies,3,1
effloruerit,3,1
effloruit,3,1
effluant,3,1
effluere,2|3,2
effoderis,3,1
effodiam,3,1
effodiant,3,1
effodiens,3,1
effodit,2|3,2
effodiunt,3,1
effregit,2,1
effrenatus,2,1
effringens,2,1
effringerent,3,1
effuderant,3,1
effuderint,3,1
effuderis,3,1
effuderit,3,1
effuderunt,2,1
effudi,2,1
effudisti,2,1
effudit,2,1
effugerant,3,1
effugerat,3,1
effugere,2|3,2
effugerent,3,1
effugeret,3,1
effugerint,3,1
effugerunt,2,1
effugi,2|3,2
effugiam,3,1
effugiant,3,1
effugiat,3,1
effugiemus,2,1
effugiendi,2,1
effugient,3,1
effugies,3,1
effugiet,3,1
effugisti,2,1
effugit,2|3,2
effugium,3,1
effugiunt,3,1
effulgens,2,1
effulsit,2,1
effundam,2,1
effundant,2,1
effundantur,2,1
effundas,2,1
effundat,2,1
effundatur,2,1
effunde,2,1
effundebatur,2,1
effundendum,2,1
effundens,2,1
effundent,2,1
effundentem,2,1
effundentes,2,1
effunderem,3,1
effunderent,3,1
effunderentur,2,1
effundes,2,1
effundet,2,1
effundetur,2,1
effundi,2,1
effundit,2,1
effundite,3,1
effunditur,3,1
effundo,2,1
effundunt,2,1
effusa,2|3,2
effusi,2,1
effusio,3,1
effusione,2,1
effusionem,2,1
effusiones,2,1
effuso,2,1
effusorum,2,1
effusum,2|3,2
effusus,2,1
egebis,2,1
egebit,2,1
egebunt,2,1
egemus,2,1
egena,2,1
egeni,2,1
egenis,2,1
egeno,2,1
egenorum,2,1
egenos,2,1
egentem,2,1
egentes,2,1
egentis,2,1
egentium,3,1
egenum,2,1
egenus,2,1
egeo,3,1
egerant,3,1
egerat,3,1
egere,2|3,2
egerem,2,1
egereret,3,1
egerim,3,1
egerimus,2|3,2
egerint,3,1
egeris,2|3,2
egerit,3,1
egeritis,2|3,2
egero,3,1
egerunt,2|3,2
egeruntur,2,1
egesta,2,1
egestas,2,1
egestate,2,1
egestatem,2,1
egestatis,2,1
egimus,3,1
egissent,2,1
egisset,2,1
egisti,2,1
egistis,2,1
egredere,3,1
egrederentur,2,1
egrederetur,2,1
egredi,3,1
egrediamur,2,1
egrediantur,2,1
egrediar,3,1
egrediaris,2,1
egrediatur,2,1
egrediebantur,2,1
egrediebar,2,1
egrediebatur,2,1
egrediendi,2,1
egrediens,3,1
egrediente,2,1
egredientem,2,1
egredientes,2,1
egredienti,2,1
egredientibus,3,1
egredientis,2,1
egredientium,3,1
egredientur,2,1
egredieris,2,1
egredietur,2,1
egredimini,3,1
egredimur,3,1
egreditur,3,1
egrediuntur,2,1
egregia,3,1
egregiae,3,1
egregiam,3,1
egregii,3,1
egregium,3,1
egregius,3,1
egressa,2,1
egressae,2,1
egressi,2,1
egressibus,3,1
egressio,3,1
egressionis,2,1
egressis,2,1
egresso,2,1
egressos,2,1
egressu,2,1
egressum,2,1
egressuri,2,1
egressus,2,1
eguerunt,2,1
eheu,3,1
eice,3,1
eicere,3,1
eicerent,3,1
eicerentur,2,1
eiceret,3,1
eiciam,3,1
eiciantur,2,1
eiciat,3,1
eiciebant,2,1
eiciebantur,2,1
eiciebat,2,1
eiciendi,2,1
eicient,3,1
eicientem,2,1
eiciet,3,1
eicietur,2,1
eicio,3,1
eicis,3,1
eicit,3,1
eicite,3,1
eiciunt,3,1
eiecerat,3,1
eiecerint,3,1
eiecerunt,2,1
eieci,2,1
eiecimus,3,1
eiecissent,2,1
eiecisset,2,1
eiecisti,2,1
eiecistis,2,1
eiecit,2,1
eiecta,2,1
eiectam,2,1
eiecti,2,1
eiectis,2,1
eiecto,2,1
eiectum,2,1
eiectus,2,1
eiice,3,1
eiicere,3,1
eiiceret,3,1
eiiciam,3,1
eiiciat,3,1
eiiciebant,2,1
eiiciendi,2,1
eiicientur,2,1
eiicio,3,1
eiicis,3,1
eiicit,3,1
eiicitur,3,1
eisdem,2,1
eiulans,3,1
eiulantes,2,1
eiulatu,2,1
eiusdem,2,1
elaborare,2,1
elaborauit,2,1
elanguescit,2,1
elanguit,2,1
elata,3,1
elatae,3,1
elati,2,1
elatione,2,1
elationem,2,1
elationes,2,1
elationis,2,1
elatos,2,1
elatus,2,1
eleazar,2,1
electa,2,1
electae,2,1
electam,2,1
electas,2,1
electi,2,1
electio,3,1
electionem,2,1
electionis,2,1
electis,2,1
electo,2,1
electorum,2|3,2
electos,2,1
electri,2,1
electum,2,1
electus,2,1
eleemosyna,3,1
eleemosynae,3,1
eleemosynam,3,1
eleemosynas,3,1
eleemosynis,3,1
elegans,2|3,2
elegantem,2,1
eleganti,2,1
elegantis,2,1
elegerant,3,1
elegerat,3,1
elegeratis,2,1
elegerim,3,1
elegerint,3,1
elegeris,2|3,2
elegerit,3,1
elegeritis,2|3,2
elegero,3,1
elegerunt,2,1
elegi,2|3,2
elegimus,3,1
elegisset,2,1
elegisti,2,1
elegistis,2,1
elegit,2,1
elementa,2,1
elementis,2,1
elementorum,2,1
elephanti,2,1
elephantis,2,1
elephantorum,2,1
elephantos,2,1
elephantum,2,1
eleua,3,1
eleuabant,2,1
eleuabatur,2,1
eleuamini,3,1
eleuando,2,1
eleuans,3,1
eleuant,3,1
eleuare,2,1
eleuaretur,2,1
eleuari,2,1
eleuasset,2,1
eleuat,3,1
eleuata,2,1
eleuatae,2,1
eleuatio,3,1
eleuatis,2,1
eleuatum,2,1
eleuatus,2,1
eleuauerunt,2,1
eleuauit,2,1
eleuet,3,1
eleuetur,2,1
elia,3,1
eliae,3,1
eliam,3,1
elias,3,1
eliciendum,2,1
elicit,3,1
elidat,2,1
elidatur,2,1
elidentur,2,1
elidet,2,1
elidit,2,1
eligam,3,1
eligamus,2,1
eligant,3,1
eligantur,2,1
eligat,3,1
eligatur,2,1
elige,3,1
eligens,3,1
eligentur,2,1
eligere,2|3,2
eligerent,3,1
eligeret,3,1
eliges,3,1
eliget,3,1
eligetur,2,1
eligit,3,1
eligite,3,1
eligitur,3,1
elisa,2,1
elisi,2,1
elisisti,2,1
elisit,2,1
elisos,2,1
elisus,2,1
eloquar,3,1
eloquens,3,1
eloquentia,3,1
eloqueretur,2,1
eloqui,3,1
eloquia,3,1
eloquii,3,1
eloquio,3,1
eloquium,3,1
eloquor,3,1
elymaeorum,2,1
elymaida,3,1
emamus,2,1
emanat,2,1
emanauerunt,2,1
emantur,2,1
emebant,2,1
ememus,2,1
emendam,2,1
emendare,2,1
emendationem,2,1
emendator,2,1
emendatum,2,1
emendi,2,1
emendum,2,1
ementes,2,1
ementur,2,1
emerat,3,1
emere,2|3,2
emerent,3,1
emergebant,2,1
emeris,2|3,2
emerit,3,1
emerserunt,2,1
emerunt,2,1
eminebant,2,1
eminebat,2,1
eminens,3,1
eminente,2,1
eminentem,2,1
eminentes,2,1
eminentia,3,1
eminentiam,3,1
eminentiorem,2,1
eminentiores,2,1
eminentis,2,1
eminerent,2,1
eminet,3,1
emiseris,3,1
emiserit,3,1
emiserunt,2,1
emisi,2,1
emisisset,2,1
emisisti,2,1
emisit,2,1
emissa,2,1
emissae,2,1
emissariis,3,1
emissario,3,1
emissarios,3,1
emissarium,3,1
emissarius,3,1
emissione,2,1
emissiones,2,1
emissus,2,1
emisti,2,1
emistis,2,1
emite,3,1
emittam,2,1
emittat,2,1
emitte,2,1
emittens,2,1
emittentes,2,1
emittere,2|3,2
emittes,2,1
emittet,2,1
emittis,2,1
emittit,2,1
emittite,3,1
emittitur,3,1
emittunt,2,1
emittuntur,2,1
emollitum,2,1
emolumentum,2,1
emortuam,3,1
emortuo,3,1
emortuum,3,1
emortuus,3,1
emotum,2,1
empticius,3,1
emptio,3,1
emptionem,2,1
emptionis,2,1
emptore,2,1
emptori,2,1
emptoribus,3,1
emundabit,2,1
emundans,2,1
emundari,2,1
emundat,2,1
emundationem,2,1
emundet,2,1
enarrabit,2,1
enarrant,2,1
enarrare,2,1
enarrari,2,1
enarrat,2,1
enarratio,3,1
enarratione,2,1
enarrauit,2,1
enarrem,2,1
enauigare,2,1
enumerari,2,1
enumerata,2,1
enumerati,2,1
enumeraui,2,1
enumerauit,2,1
enuntiant,3,1
enuntiat,3,1
enuntiaui,2,1
enuntiauit,2,1
enuntio,3,1
enutriet,3,1
enutriti,2,1
enutritus,2,1
enutriuit,2,1
eodem,2,1
eorum,2,1
eorumdem,2,1
eorundem,2,1
epaphrodito,2,1
epaphroditum,2,1
epheborum,2,1
ephesi,3,1
ephesii,3,1
ephesiorum,2,1
ephesios,3,1
ephesium,3,1
epheso,3,1
ephesum,3,1
ephraim,3,1
epicurei,3,1
epicureis,3,1
epimenia,3,1
epinicia,3,1
epiphanes,3,1
episcopatum,2,1
episcopis,3,1
episcopos,3,1
episcopum,3,1
episcopus,3,1
epistola,3,1
epistolae,3,1
epistolam,3,1
epistolarum,2,1
epistolas,3,1
epistolis,3,1
epistula,3,1
epistulae,3,1
epistulam,3,1
epistularum,2,1
epistulas,3,1
epistulis,3,1
epistylia,3,1
epulabatur,2,1
epulaberis,3,1
epulae,3,1
epulantes,2,1
epulantibus,3,1
epulare,2,1
epularentur,2,1
epularer,2,1
epulari,2,1
epularum,2,1
epulas,3,1
epulati,2,1
epulatione,2,1
epulationem,2,1
epulationis,2,1
epulemur,2,1
epulentur,2,1
epulis,3,1
epulum,3,1
equestres,2,1
equestris,2,1
equestrium,3,1
equidem,3,1
equinus,2,1
equitandum,2,1
equitatu,2,1
equitatui,3,1
equitatum,2,1
equitatus,2,1
equite,2|3,2
equitem,3,1
equites,3,1
equitibus,3,1
equitis,2|3,2
equitum,2|3,2
equorum,2,1
eradat,2,1
eradicabitur,3,1
eradicare,2,1
eradicat,2,1
eramus,2,1
eraserit,3,1
erasit,2,1
erasus,2,1
eratis,2,1
erecta,2,1
erectae,2,1
erectas,2,1
erecti,2,1
erectio,3,1
erectis,2,1
erecto,2,1
erectum,2,1
erectus,2,1
eremi,2,1
eremo,2,1
eremum,2,1
erepta,2,1
erepti,2,1
erexerat,3,1
erexerunt,2,1
erexi,2,1
erexisset,2,1
erexisti,2,1
erexit,2,1
ergastulo,3,1
ergastulum,3,1
ericii,3,1
ericius,3,1
erigam,3,1
erigamus,2,1
erigantur,2,1
erigas,3,1
erigat,3,1
erigatur,2,1
erige,3,1
erigebant,2,1
erigens,3,1
erigent,3,1
erigere,2|3,2
erigeretur,2,1
erigetur,2,1
erigit,3,1
erigite,3,1
erigitur,3,1
erigunt,3,1
eriguntur,2,1
erimus,3,1
eripe,3,1
eripere,2|3,2
eriperet,3,1
eripiam,3,1
eripiar,3,1
eripias,3,1
eripiat,3,1
eripiens,3,1
eripient,3,1
eripies,3,1
eripiet,3,1
eripietur,2,1
eripis,3,1
eripit,3,1
eripite,3,1
eripiunt,3,1
eripui,3,1
eripuisti,2,1
eripuit,3,1
eritis,3,1
erogant,3,1
erogarentur,2,1
erogauerat,3,1
erogauit,2,1
erogent,3,1
errabat,2,1
errabit,2,1
errabunt,2,1
errando,2,1
errantem,2,1
errantes,2,1
erranti,2,1
errantia,3,1
errantium,3,1
errare,2,1
errarent,2,1
erraretis,2,1
errasse,2,1
errata,2,1
erratis,2,1
errato,2,1
errauerim,3,1
errauerit,3,1
errauerunt,2,1
erraui,2,1
errauimus,3,1
errauit,2,1
errore,2,1
errorem,2,1
errores,2,1
erroribus,3,1
erroris,2,1
errorum,2,1
eruam,3,1
eruas,3,1
eruat,3,1
eruatis,2,1
erubescam,2,1
erubescamus,2,1
erubescant,2,1
erubescas,2,1
erubescat,2,1
erubesce,2,1
erubescebam,2,1
erubescebant,2,1
erubescent,2,1
erubescentes,2,1
erubescere,2|3,2
erubescerent,3,1
erubescet,2,1
erubescit,2,1
erubescite,3,1
erubescitis,3,1
erubesco,2,1
erubescunt,2,1
erubuerint,3,1
erubuerunt,2,1
erubui,3,1
erubuit,3,1
eruca,2,1
erucae,2,1
eructant,2,1
eructat,2,1
erudiebant,2,1
erudiendum,2,1
erudiens,3,1
erudierunt,2,1
erudimini,3,1
erudire,2,1
erudiret,2,1
erudiri,2,1
erudit,3,1
eruditae,2,1
eruditam,2,1
eruditi,2,1
eruditio,3,1
eruditionem,2,1
eruditis,2,1
erudito,2,1
eruditorem,2,1
eruditos,2,1
eruditum,2,1
eruditur,2,1
eruditus,2,1
erudiuit,2,1
erudiunt,3,1
eruens,3,1
eruentur,2,1
eruere,2|3,2
erueret,3,1
eruerit,3,1
eruerunt,2,1
eruet,3,1
eruimus,3,1
eruisset,2,1
eruisti,2,1
eruit,3,1
eruitur,3,1
erumpant,2,1
erumpe,2,1
erumpebant,2,1
erumpebat,2,1
erumpens,2,1
erumpent,2,1
erumpentes,2,1
erumpentium,3,1
erumpere,2|3,2
erumpet,2,1
erumpit,2,1
erumpite,3,1
erumpunt,2,1
eruperant,3,1
eruperunt,2,1
erupit,2,1
eruti,3,1
erutus,3,1
escarum,2,1
essedariorum,2,1
essedarios,3,1
essemus,2,1
essetis,2,1
estote,2|3,2
esuriem,3,1
esuriens,3,1
esurient,3,1
esuriente,2,1
esurientem,2,1
esurientes,2,1
esurienti,2,1
esurientibus,3,1
esurientis,2,1
esurierunt,2,1
esuriet,3,1
esurietis,2,1
esurimus,2,1
esurire,2,1
esurisset,2,1
esurit,3,1
esuritis,2,1
esuriunt,3,1
etenim,3,1
ethnici,3,1
ethnicus,3,1
etiam,3,1
etiamsi,2,1
euacuandam,2,1
euacuatur,2,1
euacuaui,2,1
euadat,2,1
euadens,2,1
euadere,2|3,2
euaderem,3,1
euaderent,3,1
euadet,2,1
euadit,2,1
euaginato,2,1
euaginatum,2,1
euanescent,2,1
euanescunt,2,1
euangelii,3,1
euangelio,3,1
euangelistae,2,1
euangelium,3,1
euangelizans,2,1
euangelizante,2,1
euangelizanti,2,1
euangelizantium,3,1
euangelizantur,2,1
euangelizare,2,1
euangelizaret,2,1
euangelizauerit,3,1
euangelizauit,2,1
euanuerunt,2,1
euanuit,3,1
euaserant,3,1
euaserat,3,1
euaserit,3,1
euasero,3,1
euaserunt,2,1
euasi,2,1
euasit,2,1
euellam,2,1
euellas,2,1
euellatur,2,1
euellendi,2,1
euellerem,3,1
euelleret,3,1
euelles,2,1
euelli,2,1
euellit,2,1
euenerant,3,1
euenerint,3,1
euenerit,3,1
euenerunt,2,1
eueniant,3,1
eueniat,3,1
euenient,3,1
eueniet,3,1
euenire,2,1
euenirent,2,1
eueniret,2,1
euenisse,2,1
euenissent,2,1
euenisset,2,1
euenit,2|3,2
eueniunt,3,1
euentu,2,1
euentum,2,1
euentura,2,1
euenturum,2,1
euentus,2,1
euentuum,3,1
euergetis,2,1
euerrit,2,1
euersa,2,1
euersio,3,1
euersione,2,1
euersionem,2,1
euersionis,2,1
euersos,2,1
euersus,2,1
euertam,2,1
euertant,2,1
euertat,2,1
euertens,2,1
euertere,2|3,2
euerterent,3,1
euerteret,3,1
euerterit,3,1
euerterunt,2,1
euertet,2,1
euertisti,2,1
euertit,2,1
euertuntur,2,1
euidens,3,1
euidentem,2,1
euidentiam,3,1
euidentibus,3,1
euigila,3,1
euigilabit,2,1
euigilans,3,1
euigilaret,2,1
euigilaui,2,1
euigilauit,2,1
euitat,2,1
eumdem,2,1
eumeni,3,1
eundem,2,1
eundo,2,1
eunte,2,1
euntem,2,1
euntes,2,1
euntibus,3,1
euntis,2,1
eunuchi,2,1
eunuchis,2,1
eunucho,2,1
eunuchorum,2,1
eunuchos,2,1
eunuchum,2,1
eunuchus,2,1
euocati,2,1
euolauerunt,2,1
euoluam,2,1
euoluantur,2,1
euoluit,2,1
euolutis,2,1
euoluto,2,1
euolutus,2,1
euomat,3,1
euomere,2|3,2
euomet,3,1
euomuit,3,1
eupator,3,1
eupatorem,3,1
euphrate,2,1
euphratem,2,1
euphrates,2,1
eupolemum,3,1
euulsa,2,1
euulsae,2,1
euulsum,2,1
exacerbare,2,1
exacerbatur,2,1
exacerbauerunt,2,1
exacerbauit,2,1
exacerbetur,2,1
exactio,3,1
exactionem,2,1
exactiones,2,1
exactor,2,1
exactorem,2,1
exactores,2,1
exactoribus,3,1
exactorum,2,1
exactus,2,1
exacuere,2|3,2
exacuit,3,1
exacuitur,3,1
exaedificauit,2,1
exaequabit,2,1
exaestuans,3,1
exaestuauit,2,1
exagitabantur,2,1
exagitabat,2,1
exagitat,3,1
exagitatae,2,1
exaltabit,2,1
exaltabitur,3,1
exaltabo,2,1
exaltant,2,1
exaltare,2,1
exaltari,2,1
exaltat,2,1
exaltata,2,1
exaltati,2,1
exaltatio,3,1
exaltatione,2,1
exaltationem,2,1
exaltatum,2,1
exaltatur,2,1
exaltatus,2,1
exaltauerit,3,1
exaltaui,2,1
exaltauit,2,1
exaltet,2,1
exaltetur,2,1
examen,2,1
examina,3,1
examinantur,2,1
examinata,2,1
examinatum,2,1
examinatur,2,1
exanimata,2,1
exanimis,3,1
exarata,2,1
exaratum,2,1
exardescit,2,1
exarserit,3,1
exarserunt,2,1
exarsit,2,1
exaruerunt,2,1
exaruit,3,1
exasperans,3,1
exasperant,3,1
exasperat,3,1
exasperatus,2,1
exaudi,2,1
exaudiam,3,1
exaudiantur,2,1
exaudias,3,1
exaudiat,3,1
exaudiebat,2,1
exaudierunt,2,1
exaudies,3,1
exaudiet,3,1
exaudietur,2,1
exaudio,3,1
exaudire,2,1
exaudiret,2,1
exaudiri,2,1
exaudis,2,1
exaudisset,2,1
exaudisti,2,1
exaudit,2,1
exaudita,2,1
exauditae,2,1
exauditi,2,1
exauditus,2,1
exaudiui,2,1
exaudiuit,2,1
excaecant,2,1
excaecati,2,1
excaecatus,2,1
excaecauit,2,1
excandescet,2,1
excauant,3,1
excedant,2,1
excederent,3,1
excederet,3,1
excedimus,3,1
excedit,2,1
excedunt,2,1
excellas,2,1
excellentem,2,1
excellentiorem,2,1
excellentium,3,1
excelsa,2,1
excelsae,2,1
excelsam,2,1
excelsas,2,1
excelsi,2,1
excelsior,3,1
excelsiorem,2,1
excelsis,2,1
excelsius,3,1
excelso,2,1
excelsorum,2,1
excelsos,2,1
excelsum,2,1
excelsus,2,1
exceperat,3,1
exceperint,3,1
exceperunt,2,1
excepi,2,1
excepit,2,1
excepta,2,1
exceptis,2,1
excepto,2,1
exceptus,2,1
excesserant,3,1
excessisset,2,1
excessu,2,1
excessum,2,1
excessus,2,1
excidant,2|3,2
exciderant,3,1
exciderat,3,1
excidere,2|3,2
excideris,2|3,2
exciderit,3,1
exciderunt,2,1
excidet,2|3,2
excidi,2|3,2
excidisti,2,1
excidit,2|3,2
exciditur,3,1
excipe,3,1
excipere,3,1
excipiens,3,1
excipientes,2,1
excipientibus,3,1
excipientis,2,1
excipies,3,1
excipiet,3,1
excipite,3,1
excisa,2,1
excisi,2,1
excisis,2,1
exciso,2,1
excisum,2,1
excisus,2,1
excita,3,1
excitabitur,3,1
excitabo,2,1
excitandi,2,1
excitandum,2,1
excitans,3,1
excitant,3,1
excitantibus,3,1
excitare,2,1
excitat,3,1
excitata,2,1
excitate,2,1
excitatis,2,1
excitatur,2,1
excitatus,2,1
excitauerunt,2,1
excitaui,2,1
excitauit,2,1
excitem,3,1
excitet,3,1
excitetur,2,1
excito,3,1
exclama,2,1
exclamabat,2,1
exclamans,2,1
exclamantes,2,1
exclamatio,3,1
exclamauerunt,2,1
exclamauit,2,1
excludant,2,1
excludere,2|3,2
exclusa,2,1
excluserunt,2,1
exclusisti,2,1
exclusit,2,1
excogitandi,2,1
excogitandum,2,1
excogitant,3,1
excogitat,3,1
excogitata,2,1
excogitatas,2,1
excogitatio,3,1
excogitato,2,1
excogitauerat,3,1
excogitauerunt,2,1
excogitauit,2,1
excole,3,1
excolunt,3,1
excubabant,2,1
excubant,3,1
excubent,3,1
excubias,3,1
excubiis,3,1
excubitores,2,1
excubitum,3,1
exculta,2,1
excursus,2,1
excusandas,2,1
excusare,2,1
excusatione,2,1
excusationem,2,1
excusationes,2,1
excusato,2,1
excusatum,2,1
excusatus,2,1
excusemus,2,1
excussae,2,1
excussam,2,1
excusserit,3,1
excussi,2,1
excussit,2,1
excusso,2,1
excussus,2,1
excutere,3,1
excuteret,3,1
excutiam,3,1
excutiantur,2,1
excutias,3,1
excutiat,3,1
excutiatur,2,1
excutiens,3,1
excutient,3,1
excutientur,2,1
excuties,3,1
excutiet,3,1
excutietur,2,1
excutit,3,1
excutite,3,1
excutitur,3,1
exeam,3,1
exeamus,2,1
exeant,3,1
exeas,3,1
exeat,3,1
exeatis,2,1
execrabile,3,1
execrabilis,3,1
execratio,3,1
execratione,2,1
execrationem,2,1
execrationes,2,1
executi,2,1
executiones,2,1
exedra,3,1
exedram,3,1
exegerit,3,1
exegissem,2,1
exegit,2,1
exemit,2,1
exemplar,2,1
exemplari,2,1
exemplaria,3,1
exemplaris,2,1
exemplo,2,1
exemplum,2,1
exequemur,2,1
exequeretur,2,1
exequias,3,1
exerce,2,1
exerceant,3,1
exercebant,2,1
exercebar,2,1
exercebat,2,1
exercebatur,2,1
exercens,2,1
exercent,2,1
exercentibus,3,1
exerceor,3,1
exercere,2,1
exercerent,2,1
exerces,2,1
exercete,2,1
exercetis,2,1
exercetur,2,1
exercitatio,3,1
exercitatione,2,1
exercitatis,2,1
exercitatos,2,1
exercitatum,2,1
exercitatus,2,1
exercitibus,3,1
exercitiis,3,1
exercitu,2|3,2
exercitui,3,1
exercitum,2|3,2
exercitus,2|3,2
exercituum,3,1
exercuerant,3,1
exercuerat,3,1
exercuere,2,1
exercuerunt,2,1
exercuisse,2,1
exercuit,3,1
exeunt,3,1
exeunte,2,1
exeuntem,2,1
exeuntes,2,1
exeunti,2,1
exeuntibus,3,1
exhalatio,3,1
exhalauit,2,1
exhaurient,3,1
exhauriet,3,1
exhauserit,3,1
exhibeamus,2,1
exhibeatis,2,1
exhibebat,2,1
exhibebit,2,1
exhibentes,2,1
exhibere,2,1
exhiberet,2,1
exhibete,2,1
exhibui,3,1
exhibuistis,2,1
exhibuit,3,1
exhilarat,3,1
exhilaret,3,1
exhorruisti,2,1
exhorruit,3,1
exhortabatur,2,1
exhortamini,3,1
exhortamur,2,1
exhortans,2,1
exhortantes,2,1
exhortare,2,1
exhortari,2,1
exhortatio,3,1
exhortatione,2,1
exhortationem,2,1
exhortationibus,3,1
exhortationis,2,1
exhortatur,2,1
exhortatus,2,1
exhortetur,2,1
exibant,2,1
exibat,2,1
exibimus,3,1
exibis,2,1
exibit,2,1
exibunt,2,1
exiens,3,1
exierant,3,1
exierat,3,1
exierint,3,1
exieris,3,1
exierit,3,1
exierunt,2,1
exigas,3,1
exigebas,2,1
exigere,2|3,2
exiges,3,1
exigitis,3,1
exigua,3,1
exigue,3,1
exigui,3,1
exiguitas,3,1
exiguo,3,1
exiguum,3,1
exiguus,3,1
exiisse,2,1
exiit,3,1
exiliens,3,1
exilient,3,1
exilium,3,1
eximia,3,1
exinanita,2,1
exinaniuit,2,1
exinde,2,1
exintera,3,1
exire,2,1
exirent,2,1
exires,2,1
exiret,2,1
exisse,2,1
exissent,2,1
exisset,2,1
existam,2,1
existens,2,1
existi,2,1
existimabam,2,1
existimabant,2,1
existimabat,2,1
existimabit,2,1
existimabo,2,1
existimandum,2,1
existimans,3,1
existimant,3,1
existimante,2,1
existimantes,2,1
existimantium,3,1
existimare,2,1
existimarent,2,1
existimas,3,1
existimasti,2,1
existimat,3,1
existimate,2,1
existimaueram,3,1
existimauerat,3,1
existimaui,2,1
existimauit,2,1
existimer,3,1
existimes,3,1
existimet,3,1
existimetur,2,1
existimo,3,1
existimor,3,1
existis,2,1
exite,2|3,2
exitibus,3,1
exitio,3,1
exitium,3,1
exitu,3,1
exitum,3,1
exitus,3,1
exiui,2,1
exiuit,2,1
exodi,3,1
exopto,2,1
exorabilis,3,1
exorabit,2,1
exorabor,2,1
exorare,2,1
exoraret,2,1
exordii,3,1
exordio,3,1
exordium,3,1
exoretur,2,1
exoritur,2,1
exornatam,2,1
exornauit,2,1
exorta,2,1
exortae,2,1
exorti,2,1
exortum,2,1
exortus,2,1
exosam,2,1
expandi,2,1
expandit,2,1
expansa,2,1
expansae,2,1
expansio,3,1
expansum,2,1
expauerunt,2,1
expauescens,2,1
expauescere,2|3,2
expauescet,2,1
expauit,2,1
expecta,2,1
expectabam,2,1
expectabant,2,1
expectabis,2,1
expectabo,2,1
expectabunt,2,1
expectamus,2,1
expectans,2,1
expectant,2,1
expectantem,2,1
expectantibus,3,1
expectare,2,1
expectate,2,1
expectatio,3,1
expectatis,2,1
expectaui,2,1
expectauit,2,1
expectemus,2,1
expectet,2,1
expecto,2,1
expediat,3,1
expedit,3,1
expediti,2,1
expeditione,2,1
expeditionem,2,1
expeditorum,2,1
expeditos,2,1
expediunt,3,1
expellam,2,1
expellas,2,1
expellat,2,1
expelle,2,1
expellens,2,1
expellere,2|3,2
expelleret,3,1
expellet,2,1
expelletur,2,1
expelli,2,1
expellit,2,1
expendas,2,1
expendet,2,1
expendi,2,1
expensa,2,1
expensarum,2,1
expensum,2,1
expergefactus,2,1
expergiscere,2|3,2
expergiscimini,3,1
experiar,3,1
experientur,2,1
experieris,2,1
experietur,2,1
experimento,2,1
experimentum,2,1
experiretur,2,1
experiuntur,2,1
experti,2,1
expertum,2,1
expertus,2,1
expetam,3,1
expetere,2|3,2
expetit,3,1
expetiuit,2,1
expetunt,3,1
expia,3,1
expiabis,2,1
expiabit,2,1
expiabunt,2,1
expiando,2,1
expiandum,2,1
expiare,2,1
expiarent,2,1
expiari,2,1
expiat,3,1
expiata,2,1
expiatio,3,1
expiationem,2,1
expiationis,2,1
expiato,2,1
expiatus,2,1
expiauerit,3,1
expiauerunt,2,1
expiauit,2,1
expiet,3,1
expietis,2,1
expietur,2,1
expirasset,2,1
expirauit,2,1
explana,2,1
explanare,2,1
expleant,3,1
explendos,2,1
explendum,2,1
explentes,2,1
explere,2,1
expleret,2,1
expleta,2,1
explete,2,1
expleti,2,1
expletis,2,1
expleto,2,1
expletum,2,1
expletus,2,1
expleuerit,3,1
expleuit,2,1
explicans,3,1
explicare,2,1
explicationem,2,1
explicauerunt,2,1
explicita,3,1
explicitis,3,1
explorandam,2,1
explorandum,2,1
explorare,2,1
explorarent,2,1
exploraret,2,1
explorat,2,1
explorate,2,1
exploratores,2,1
exploratorum,2,1
explorent,2,1
exponat,2,1
exponebat,2,1
exponere,2|3,2
exponerent,3,1
exposita,3,1
expositione,2,1
exposito,3,1
expositurus,2,1
expostulas,3,1
exposuerunt,2,1
exposui,3,1
exposuisset,2,1
exposuisti,2,1
exposuit,3,1
expressa,2,1
expressae,2,1
expressam,2,1
expressas,2,1
expresserant,3,1
expresserunt,2,1
expressi,2,1
expresso,2,1
expressum,2,1
exprimere,2|3,2
exprimetur,2,1
exprimit,3,1
exprimitur,3,1
exprobrabant,2,1
exprobrabat,2,1
exprobrandum,2,1
exprobrantes,2,1
exprobranti,2,1
exprobrantibus,3,1
exprobrantis,2,1
exprobrantium,3,1
exprobrare,2,1
exprobrarent,2,1
exprobraret,2,1
exprobrat,3,1
exprobrauerint,3,1
exprobrauerunt,2,1
exprobrauit,2,1
exprobretur,2,1
expugna,2,1
expugnabant,2,1
expugnabat,2,1
expugnabit,2,1
expugnabuntur,2,1
expugnanda,2,1
expugnandam,2,1
expugnare,2,1
expugnarent,2,1
expugnaret,2,1
expugnari,2,1
expugnasset,2,1
expugnate,2,1
expugnationem,2,1
expugnatorem,2,1
expugnatoribus,3,1
expugnatur,2,1
expugnauerunt,2,1
expugnauimus,3,1
expugnauit,2,1
expulerat,3,1
expulerit,3,1
expulerunt,2,1
expuli,3,1
expulisti,2,1
expulistis,2,1
expulit,3,1
expulsi,2,1
expulsis,2,1
expulso,2,1
expulsurus,2,1
expulsus,2,1
expurgatur,2,1
exquiram,2,1
exquirant,2,1
exquirat,2,1
exquire,2,1
exquirebant,2,1
exquirenda,2,1
exquirens,2,1
exquiret,2,1
exquirit,2,1
exquirite,3,1
exquiritur,3,1
exquirunt,2,1
exquisierat,3,1
exquisita,2,1
exquisiui,2,1
exquisiuit,2,1
exsanguis,2,1
exsecrabilia,3,1
exsecrabilis,3,1
exsecratio,3,1
exsecratione,2,1
exsecrationem,2,1
exsecratus,2,1
exsecror,3,1
exsecuti,2,1
exsecutionem,2,1
exsequeretur,2,1
exsequias,3,1
exsequiis,3,1
exsertum,2,1
exsiccat,2,1
exsiccata,2,1
exsiccati,2,1
exsiccatum,2,1
exsiccatur,2,1
exsiccatus,2,1
exsiliens,3,1
exsilium,3,1
exsiliunt,3,1
exsistam,2,1
exsistens,2,1
exsoluerunt,2,1
exsolues,2,1
exsoluit,2,1
exspecta,2,1
exspectabam,2,1
exspectabamus,2,1
exspectabant,2,1
exspectabat,2,1
exspectabis,2,1
exspectabitis,3,1
exspectabo,2,1
exspectabunt,2,1
exspectamus,2,1
exspectans,2,1
exspectant,2,1
exspectante,2,1
exspectantem,2,1
exspectantes,2,1
exspectantibus,3,1
exspectantium,3,1
exspectare,2,1
exspectarem,2,1
exspectarent,2,1
exspectaret,2,1
exspectas,2,1
exspectat,2,1
exspectate,2,1
exspectatio,3,1
exspectatione,2,1
exspectationem,2,1
exspectationi,2,1
exspectationis,2,1
exspectatis,2,1
exspectauerunt,2,1
exspectaui,2,1
exspectauimus,3,1
exspectauit,2,1
exspectet,2,1
exspecto,2,1
exspirasset,2,1
exspirat,2,1
exspirauit,2,1
exspoliare,2,1
exspoliari,2,1
exspoliauerat,3,1
exspuit,3,1
exstincta,2,1
exstincti,2,1
exstinctus,2,1
exstinguas,2,1
exstinguat,2,1
exstinguere,2|3,2
exstinguet,2,1
exstinguetur,2,1
exstinguit,2,1
exstinguitur,3,1
exstinguuntur,2,1
exstinxerunt,2,1
exstiterint,3,1
exstiterunt,2,1
exstitit,3,1
exstructae,2,1
exstructam,2,1
exstructione,2,1
exstructo,2,1
exstructum,2,1
exstrue,3,1
exstruendam,2,1
exstruendo,2,1
exstruerent,3,1
exstrueret,3,1
exstruet,3,1
exstruis,3,1
exstruitur,3,1
exstruxerant,3,1
exstruxerat,3,1
exstruxerunt,2,1
exstruxi,2,1
exstruxisti,2,1
exstruxit,2,1
exsules,3,1
exsulta,2,1
exsultabis,2,1
exsultabit,2,1
exsultans,2,1
exsultant,2,1
exsultantem,2,1
exsultantes,2,1
exsultantis,2,1
exsultare,2,1
exsultat,2,1
exsultate,2,1
exsultatio,3,1
exsultatione,2,1
exsultationis,2,1
exsultauit,2,1
exsultemus,2,1
exsultent,2,1
exsultet,2,1
exsuperat,3,1
exsurdat,2,1
exsurgam,2,1
exsurgant,2,1
exsurgat,2,1
exsurge,2,1
exsurgens,2,1
exsurgent,2,1
exsurgentes,2,1
exsurgere,2|3,2
exsurgerent,3,1
exsurgeret,3,1
exsurget,2,1
exsurgit,2,1
exsurrexi,2,1
exsurrexit,2,1
extemplo,2,1
extendam,2,1
extendant,2,1
extendas,2,1
extendat,2,1
extende,2,1
extendebant,2,1
extendebat,2,1
extendens,2,1
extendente,2,1
extendentes,2,1
extenderat,3,1
extendere,2|3,2
extenderent,3,1
extenderet,3,1
extenderetur,2,1
extenderit,3,1
extenderunt,2,1
extendes,2,1
extendet,2,1
extendetur,2,1
extendi,2,1
extendisse,2,1
extendisset,2,1
extendistis,2,1
extendit,2,1
extensio,3,1
extensus,2,1
extenta,2,1
extentae,2,1
extenti,2,1
extento,2,1
extentum,2,1
extentus,2,1
extenuantes,2,1
extera,3,1
exteras,3,1
exterat,3,1
extergere,2|3,2
exterior,3,1
exteriorem,2,1
exteriores,2,1
exteriori,2,1
exterioris,2,1
exteriorum,2,1
exteris,2|3,2
exterius,3,1
exterminabitur,3,1
exterminandi,2,1
exterminans,3,1
exterminant,3,1
exterminare,2,1
exterminarentur,2,1
exterminari,2,1
exterminastis,2,1
exterminata,2,1
exterminati,2,1
exterminatur,2,1
exterminauit,2,1
exterminet,3,1
exterminii,3,1
exterminio,3,1
exterminium,3,1
externorum,2,1
externos,2,1
externum,2,1
externus,2,1
exterorum,2,1
exterreantur,2,1
exterriti,3,1
exterritus,3,1
exterruit,3,1
exterum,3,1
extimescas,2,1
extimuit,3,1
extincta,2,1
extincti,2,1
extinctus,2,1
extinguantur,2,1
extinguas,2,1
extinguat,2,1
extinguere,2|3,2
extingueretur,2,1
extinguet,2,1
extinguetur,2,1
extinguit,2,1
extinguitur,3,1
extinguuntur,2,1
extirpauit,2,1
extiterint,3,1
extiterunt,2,1
extitit,3,1
extollas,2,1
extollat,2,1
extolle,2,1
extollebant,2,1
extollebatur,2,1
extollens,2,1
extollentia,3,1
extollere,2|3,2
extolleret,3,1
extolletur,2,1
extolli,2,1
extollitur,3,1
extollo,2,1
extollunt,2,1
extorqueatur,2,1
extorserit,3,1
extorsit,2,1
extraham,3,1
extrahentes,2,1
extrahere,2|3,2
extrahet,3,1
extraho,3,1
extranea,3,1
extraneae,3,1
extraneas,3,1
extranei,3,1
extraneis,3,1
extraneo,3,1
extraneorum,2,1
extraneos,3,1
extraneum,3,1
extraneus,3,1
extraxerunt,2,1
extraxit,2,1
extrema,2,1
extremae,2,1
extremam,2,1
extremi,2,1
extremis,2,1
extremitate,2,1
extremitatem,2,1
extremitatibus,3,1
extremo,2,1
extremos,2,1
extremum,2,1
extremus,2,1
extricat,2,1
extrinsecus,3,1
extulerunt,2,1
extuli,3,1
extulit,3,1
exuberant,3,1
exue,3,1
exuens,3,1
exuerunt,2,1
exui,3,1
exuissent,2,1
exuistis,2,1
exuit,3,1
exuite,3,1
exuitur,3,1
exules,3,1
exulibus,3,1
exultabo,2,1
exultant,2,1
exultantis,2,1
exultat,2,1
exultatio,3,1
exultatione,2,1
exultationem,2,1
exultationis,2,1
exultauit,2,1
exultemus,2,1
exultent,2,1
exultet,2,1
exurens,2,1
exuret,2,1
exuri,2,1
exurit,2,1
exusserit,3,1
exussit,2,1
exusta,2,1
exustae,2,1
exustas,2,1
exustio,3,1
exustionem,2,1
exustum,2,1
exutum,2,1
exuuias,3,1
ezechiae,3,1
ezechiam,3,1
ezechias,3,1
fabrefacta,2,1
fabrefacti,2,1
fabrefactis,2,1
fabricabitur,3,1
fabricae,3,1
fabricam,3,1
fabricant,3,1
fabricantium,3,1
fabricantur,2,1
fabricare,2,1
fabricat,3,1
fabricata,2,1
fabricatae,2,1
fabricatas,2,1
fabricati,2,1
fabricatione,2,1
fabricator,2,1
fabricatores,2,1
fabricatum,2,1
fabricatur,2,1
fabricatus,2,1
fabricauerunt,2,1
fabricauit,2,1
fabricet,3,1
fabrorum,2,1
fabula,3,1
fabulam,3,1
fabulantes,2,1
fabulas,3,1
fabulis,3,1
facere,3,1
facerem,3,1
faceremus,2,1
facerent,3,1
faceres,3,1
faceret,3,1
faceretis,2,1
faciam,3,1
faciamus,2,1
faciant,3,1
facias,3,1
faciat,3,1
faciatis,2,1
facibus,3,1
facie,3,1
faciebam,2,1
faciebant,2,1
faciebas,2,1
faciebat,2,1
faciebatis,2,1
faciei,3,1
faciem,3,1
faciemus,2,1
facienda,2,1
faciendae,2,1
faciendam,2,1
faciendas,2,1
faciendi,2,1
faciendo,2,1
faciendum,2,1
faciens,3,1
facient,3,1
faciente,2,1
facientem,2,1
facientes,2,1
facienti,2,1
facientia,3,1
facientibus,3,1
facientis,2,1
facies,3,1
faciet,3,1
facietis,2,1
facile,3,1
facilem,3,1
faciliora,2,1
faciliori,2,1
facilis,3,1
facilitate,2,1
facilius,3,1
facimus,3,1
facinora,3,1
facinore,3,1
facinoris,3,1
facinus,3,1
facio,3,1
facite,3,1
facitis,3,1
facito,3,1
faciunt,3,1
factio,3,1
factorem,2,1
factores,2,1
factori,2,1
factoris,2,1
factorum,2,1
factura,2,1
facturi,2,1
facturos,2,1
facturum,2,1
facturus,2,1
facula,3,1
facultas,2,1
facultate,2,1
facultatem,2,1
facultates,2,1
facultatibus,3,1
faecibus,3,1
falcatis,2,1
falcatos,2,1
falcibus,3,1
fallacem,2,1
fallaces,2,1
fallacia,3,1
fallaciae,3,1
fallaciam,3,1
fallacibus,3,1
fallentes,2,1
fallere,2|3,2
falleris,2|3,2
famelici,3,1
famelicus,3,1
familia,3,1
familiae,3,1
familiam,3,1
familiares,2,1
familiaris,2,1
familiariter,3,1
familiarum,2,1
familias,3,1
familiis,3,1
famosa,2,1
famosae,2,1
famosi,2,1
famosissima,3,1
famosissimum,3,1
famula,3,1
famulae,3,1
famulam,3,1
famularum,2,1
famulas,3,1
famulatu,2,1
famuli,3,1
famulis,3,1
famulo,3,1
famulorum,2,1
famulos,3,1
famulum,3,1
famulus,3,1
farina,2,1
farinae,2,1
farinam,2,1
fascia,3,1
fasciae,3,1
fasciam,3,1
fascias,3,1
fasciculis,3,1
fasciculo,3,1
fasciculos,3,1
fasciculum,3,1
fasciculus,3,1
fasciis,3,1
fastidio,3,1
fastidire,2,1
fastigio,3,1
fastigium,3,1
fateor,3,1
fatigabitur,3,1
fatigantur,2,1
fatigari,2,1
fatigati,2,1
fatigatione,2,1
fatigationis,2,1
fatigatis,2,1
fatigatum,2,1
fatigatus,2,1
fatigauerunt,2,1
fatigentur,2,1
fatua,3,1
fatuae,3,1
fatue,3,1
fatui,3,1
fatuis,3,1
fatuitas,3,1
fatuitatem,2,1
fatuo,3,1
fatuorum,2,1
fatuum,3,1
fatuus,3,1
faucibus,3,1
fauilla,2,1
fauillae,2,1
fauillam,2,1
fauorem,2,1
febribus,3,1
febricitans,3,1
febricitantem,2,1
feceram,3,1
feceramus,2,1
fecerant,3,1
feceras,3,1
fecerat,3,1
feceratis,2,1
fecere,2,1
fecerim,3,1
fecerimus,2|3,2
fecerint,3,1
feceris,3,1
fecerit,3,1
feceritis,2|3,2
fecero,3,1
fecerunt,2,1
fecimus,3,1
fecisse,2,1
fecissem,2,1
fecissemus,2,1
fecissent,2,1
fecisses,2,1
fecisset,2,1
fecisti,2,1
fecistis,2,1
fefellit,2,1
felice,2|3,2
felicem,2|3,2
felices,2|3,2
felici,2|3,2
feliciorem,2,1
feliciter,3,1
femina,3,1
feminae,3,1
feminalibus,3,1
feminam,3,1
feminarum,2,1
feminas,3,1
feminea,3,1
femineae,3,1
femineam,3,1
feminei,3,1
femineo,3,1
feminini,2,1
feminis,3,1
feminum,3,1
fenerator,2,1
feneratori,2,1
feneratoris,2,1
fenestra,2,1
fenestrae,2,1
fenestram,2,1
fenestras,2,1
fenestris,2,1
fenore,3,1
feramur,2,1
ferarum,2,1
ferculum,3,1
ferebamur,2,1
ferebant,2,1
ferebantur,2,1
ferebat,2,1
ferebatur,2,1
feremus,2,1
ferente,2,1
ferentem,2,1
ferentes,2,1
ferentur,2,1
feretis,2,1
feretrum,3,1
feriae,3,1
feriam,3,1
ferias,3,1
feriatis,2,1
feriatos,2,1
feriatur,2,1
feriente,2,1
feriet,3,1
ferietis,2,1
ferio,3,1
ferire,2,1
feriret,2,1
fermentari,2,1
fermentata,2,1
fermentato,2,1
fermentatum,2,1
fermenti,2,1
fermento,2,1
fermentum,2,1
feroci,2,1
ferocissimas,3,1
ferocitatem,2,1
ferociter,3,1
ferocius,3,1
ferramentum,2,1
ferrarius,3,1
ferrata,2,1
ferrea,3,1
ferreae,3,1
ferream,3,1
ferreas,3,1
ferrei,3,1
ferreis,3,1
ferreo,3,1
ferreos,3,1
ferreum,3,1
ferreus,3,1
fertilem,3,1
fertili,3,1
fertilibus,3,1
fertilis,3,1
fertilitas,3,1
fertilitatis,2,1
feruebit,2,1
feruente,2,1
feruentes,2,1
feruentibus,3,1
feruentis,2,1
feruescere,2|3,2
feruore,2,1
feruorem,2,1
festina,2,1
festinabant,2,1
festinabat,2,1
festinabit,2,1
festinans,2,1
festinant,2,1
festinanter,2,1
festinantes,2,1
festinantibus,3,1
festinantius,3,1
festinarent,2,1
festinaret,2,1
festinarunt,2,1
festinat,2,1
festinata,2,1
festinate,2,1
festinatione,2,1
festinationem,2,1
festinatis,2,1
festinato,2,1
festinatum,2,1
festinatur,2,1
festinauerunt,2,1
festinaui,2,1
festinauimus,3,1
festinauit,2,1
festinemus,2,1
festinent,2,1
festines,2,1
festinet,2,1
festini,2,1
festinus,2,1
festiuitate,2,1
festiuitatem,2,1
festiuitates,2,1
festiuitatis,2,1
festuca,2,1
festucam,2,1
fetibus,3,1
fetui,3,1
fibula,3,1
fibulam,3,1
fibulas,3,1
ficeta,2,1
ficorum,2,1
fictile,3,1
fictiles,3,1
fictili,3,1
fictilia,3,1
fictilibus,3,1
fictilis,3,1
fictilium,3,1
fictio,3,1
fictione,2,1
ficulnea,3,1
ficulneae,3,1
ficulneam,3,1
fidei,3,1
fideiussor,2,1
fideiussoris,2,1
fidele,2,1
fidelem,2,1
fideles,2,1
fideli,2,1
fidelia,3,1
fidelibus,3,1
fidelis,2,1
fidelissima,3,1
fidelissimus,3,1
fidelitate,2,1
fideliter,3,1
fidelium,3,1
fidelius,3,1
fidentes,2,1
fidibus,3,1
fiducia,3,1
fiduciae,3,1
fiducialiter,3,1
fiduciam,3,1
fiebant,2,1
fiebat,2,1
fierent,3,1
fieres,3,1
fieret,3,1
fieri,3,1
fietis,2,1
figebant,2,1
figentes,2,1
figere,2|3,2
figeret,3,1
figitur,3,1
figmenta,2,1
figmento,2,1
figmentum,2,1
figuli,3,1
figulo,3,1
figulum,3,1
figulus,3,1
figura,2,1
figurae,2,1
figuram,2,1
figuraret,2,1
figuras,2,1
figurat,2,1
figuratis,2,1
figuratus,2,1
figurauit,2,1
figuret,2,1
filia,3,1
filiabus,2,1
filiae,3,1
filiam,3,1
filiarum,2,1
filias,3,1
filii,3,1
filiis,3,1
filio,3,1
filiola,3,1
filioli,3,1
filiorum,2,1
filios,3,1
filium,3,1
filius,3,1
fimbriae,3,1
fimbriam,3,1
fimbrias,3,1
fimbriis,3,1
fingere,2|3,2
fingeret,3,1
finiantur,2,1
finibus,3,1
finierat,3,1
finierint,3,1
finierit,3,1
finies,3,1
finietur,2,1
finisset,2,1
finita,2,1
finitae,2,1
finiti,2,1
finitimae,3,1
finitimi,3,1
finitionis,2,1
finito,2,1
finitum,2,1
finitur,2,1
finitus,2,1
finiuit,2,1
finium,3,1
finxerat,3,1
firmabat,2,1
firmabit,2,1
firmabitur,3,1
firmabo,2,1
firmamenti,2,1
firmamento,2,1
firmamentum,2,1
firmantur,2,1
firmare,2,1
firmaret,2,1
firmasti,2,1
firmata,2,1
firmati,2,1
firmatum,2,1
firmatur,2,1
firmauerit,3,1
firmauerunt,2,1
firmauit,2,1
firmentur,2,1
firmetur,2,1
firmior,3,1
firmiorem,2,1
firmiores,2,1
firmissimam,3,1
firmissimas,3,1
firmissime,3,1
firmissimi,3,1
firmissimis,3,1
firmissimo,3,1
firmissimum,3,1
firmissimus,3,1
firmitas,3,1
firmitate,2,1
firmitatem,2,1
firmitatis,2,1
firmiter,3,1
fiscellam,2,1
fistula,3,1
fistulae,3,1
fistulas,3,1
fistulis,3,1
fixerat,3,1
fixere,2,1
fixeris,3,1
fixerunt,2,1
fixisset,2,1
flagella,2,1
flagellabant,2,1
flagellantur,2,1
flagellare,2,1
flagellas,2,1
flagellat,2,1
flagellatus,2,1
flagellauit,2,1
flagelli,2,1
flagellis,2,1
flagello,2,1
flagellorum,2,1
flagellum,2,1
flagitii,3,1
flagitiosissime,3,1
flagitium,3,1
flagrauit,2,1
flammantis,2,1
flammarum,2,1
flammeum,3,1
flatibus,3,1
flauerunt,2,1
flauescit,2,1
flebilis,3,1
flebitis,3,1
flectamus,2,1
flectatur,2,1
flectebant,2,1
flectebat,2,1
flectebatur,2,1
flecterent,3,1
flecteret,3,1
flecteris,2|3,2
flectetur,2,1
flectitur,3,1
flentibus,3,1
flentium,3,1
fletibus,3,1
fletuum,3,1
fleueris,3,1
fleuerunt,2,1
fleuimus,3,1
fleuisti,2,1
flexurae,2,1
flexuram,2,1
floreat,3,1
florebit,2,1
florebunt,2,1
florentes,2,1
florentia,3,1
florere,2,1
florescunt,2,1
floribus,3,1
floridam,3,1
floridus,3,1
floruerint,3,1
floruerunt,2,1
floruisset,2,1
floruit,3,1
fluctibus,3,1
fluctuabat,2,1
fluctuans,3,1
fluctuant,3,1
fluctuantem,2,1
fluctuantes,2,1
fluctuatio,3,1
fluctuationem,2,1
fluctui,3,1
fluctuum,3,1
fluebant,2,1
fluebat,2,1
fluenta,2,1
fluentem,2,1
fluere,2|3,2
fluerent,3,1
flumina,3,1
flumine,3,1
fluminibus,3,1
fluminis,3,1
fluminum,3,1
fluuii,3,1
fluuiis,3,1
fluuio,3,1
fluuiorum,2,1
fluuios,3,1
fluuium,3,1
fluuius,3,1
fluxerat,3,1
fluxerit,3,1
fluxerunt,2,1
foderant,3,1
foderat,3,1
fodere,2|3,2
foderent,3,1
foderit,3,1
foderunt,2,1
fodiam,3,1
fodiatur,2,1
fodiens,3,1
fodies,3,1
fodietur,2,1
fodiuntur,2,1
foedaueris,3,1
foederati,2,1
foederatos,2,1
foederatum,2,1
foederatus,2,1
foedere,2|3,2
foederis,2|3,2
foeditatem,2,1
foeditatis,2,1
foenerari,2,1
foeneratori,2,1
foenore,3,1
foetore,2,1
foetorem,2,1
folia,3,1
folii,3,1
foliis,3,1
folium,3,1
folliculos,3,1
folliculus,3,1
fomitem,3,1
fontibus,3,1
fontium,3,1
foramen,2,1
foramina,3,1
foramine,3,1
foraminibus,3,1
foraminis,3,1
forcipe,3,1
forcipes,3,1
forcipibus,3,1
forenses,2,1
foribus,3,1
forinsecus,3,1
formabat,2,1
formabit,2,1
formabuntur,2,1
formarem,2,1
formaretur,2,1
formasti,2,1
formatis,2,1
formator,2,1
formatus,2,1
formauerat,3,1
formauerunt,2,1
formaui,2,1
formauit,2,1
formetur,2,1
formicae,2,1
formicam,2,1
formidabant,2,1
formidabis,2,1
formidabit,2,1
formidant,2,1
formidantes,2,1
formidarent,2,1
formidas,2|3,2
formidatis,2,1
formidauit,2,1
formides,2,1
formidet,2,1
formidinem,3,1
formidines,3,1
formidini,3,1
formidinis,3,1
formidinum,3,1
formido,2|3,2
formidolosa,2,1
formidolosus,2,1
formidulosus,2,1
formosa,2,1
formosae,2,1
formosum,2,1
formosus,2,1
fornace,2,1
fornacem,2,1
fornaces,2,1
fornacis,2,1
fornicandum,2,1
fornicari,2,1
fornicaria,3,1
fornicariae,3,1
fornicariam,3,1
fornicarii,3,1
fornicariis,3,1
fornicarius,3,1
fornicata,2,1
fornicati,2,1
fornicatio,3,1
fornicatione,2,1
fornicationem,2,1
fornicationes,2,1
fornicationi,2,1
fornicationibus,3,1
fornicationis,2,1
fornicationum,2,1
fornicator,2,1
fornicatores,2,1
fornicatoribus,3,1
fornicatur,2,1
fornice,3,1
fornicem,3,1
forsitan,3,1
fortasse,2,1
fortia,3,1
fortibus,3,1
fortior,3,1
fortiora,2,1
fortiorem,2,1
fortiores,2,1
fortiori,2,1
fortioribus,3,1
fortioris,2,1
fortiorum,2,1
fortissima,3,1
fortissimae,3,1
fortissimam,3,1
fortissime,3,1
fortissimi,3,1
fortissimis,3,1
fortissimorum,2,1
fortissimos,3,1
fortissimum,3,1
fortissimus,3,1
fortiter,3,1
fortitudine,3,1
fortitudinem,3,1
fortitudines,3,1
fortitudini,3,1
fortitudinis,3,1
fortitudo,2,1
fortium,3,1
fortius,3,1
fortuitu,3,1
fortunae,2,1
fortunati,2,1
fossuram,2,1
fouea,3,1
foueae,3,1
foueam,3,1
foueas,3,1
foueat,3,1
foueis,3,1
fouendos,2,1
foueris,2|3,2
fractione,2,1
fractura,2,1
fracturae,2,1
fracturam,2,1
fragile,3,1
fragilia,3,1
fragilius,3,1
fragmenta,2,1
fragmentis,2,1
fragmento,2,1
fragmentorum,2,1
fragore,2,1
fragorem,2,1
fragoris,2,1
fragrantia,3,1
framea,3,1
frameae,3,1
frameam,3,1
frangatur,2,1
frangebat,2,1
frangendum,2,1
frangentes,2,1
frangere,2|3,2
frangerentur,2,1
frangeret,3,1
frangetur,2,1
frangimus,3,1
frangitur,3,1
fraternae,2,1
fraterni,2,1
fraternitate,2,1
fraternitatem,2,1
fraternitati,2,1
fraternitatis,2,1
fratribus,3,1
fraudare,2,1
fraudari,2,1
fraudata,2,1
fraudati,2,1
fraudatis,2,1
fraudatus,2,1
fraudauit,2,1
fraudulenta,2,1
fraudulenter,2,1
fraudulenti,2,1
fraudulentia,3,1
fraudulentiam,3,1
fraudulentus,2,1
fregerunt,2,1
fregisset,2,1
fregisti,2,1
fremebant,2,1
frementes,2,1
frementis,2,1
fremitu,3,1
fremitum,3,1
fremitus,3,1
fremuerunt,2,1
fremuit,3,1
frequenta,2,1
frequentabant,2,1
frequenter,2,1
frequentes,2,1
frequentia,3,1
frequentiae,3,1
frequentiam,3,1
frequentium,3,1
frequentius,3,1
frigida,3,1
frigidae,3,1
frigidam,3,1
frigidum,3,1
frigidus,3,1
frigore,2|3,2
frigoribus,3,1
frigoris,2|3,2
frondentia,3,1
frondere,2,1
frondibus,3,1
frondium,3,1
frondosa,2,1
frondosam,2,1
frondoso,2,1
frondosum,2,1
frontibus,3,1
frontium,3,1
fruamur,2,1
fruaris,2,1
fruatur,2,1
fructibus,3,1
fructifera,3,1
fructificant,3,1
fructificat,3,1
fructificauit,2,1
fructui,3,1
fructuum,3,1
fruebantur,2,1
fruendum,2,1
fruentur,2,1
fruere,2|3,2
fruerentur,2,1
frueretur,2,1
frueris,2|3,2
frugibus,3,1
frumenta,2,1
frumenti,2,1
frumento,2,1
frumentum,2,1
frustrabitur,3,1
frustratus,2,1
fruteta,2,1
frutetis,2,1
frutices,3,1
fuderint,3,1
fuderit,3,1
fuderunt,2,1
fuerant,3,1
fueras,3,1
fuerat,3,1
fuere,2,1
fuerim,3,1
fuerimus,2|3,2
fuerint,3,1
fueris,3,1
fuerit,3,1
fueritis,2|3,2
fuero,3,1
fuerunt,2,1
fugabitur,3,1
fugacem,2,1
fugata,2,1
fugati,2,1
fugatos,2,1
fugatus,2,1
fugauerant,3,1
fugauerunt,2,1
fugaui,2,1
fugauit,2,1
fugerant,3,1
fugerat,3,1
fugere,2|3,2
fugerem,3,1
fugerent,3,1
fugeret,3,1
fugerint,3,1
fugerit,3,1
fugerunt,2,1
fugiam,3,1
fugiamus,2,1
fugiant,3,1
fugias,3,1
fugiat,3,1
fugiebam,2,1
fugiebant,2,1
fugiebas,2,1
fugiebat,2,1
fugiemus,2,1
fugiendi,2,1
fugiendum,2,1
fugiens,3,1
fugient,3,1
fugientem,2,1
fugientes,2,1
fugienti,2,1
fugientibus,3,1
fugientis,2,1
fugientium,3,1
fugies,3,1
fugiet,3,1
fugietis,2,1
fugio,3,1
fugisse,2,1
fugissent,2,1
fugisset,2,1
fugisti,2,1
fugistis,2,1
fugite,3,1
fugitiui,2,1
fugitiuorum,2,1
fugitiuos,2,1
fugitiuus,2,1
fugiunt,3,1
fuimus,3,1
fuisse,2,1
fuissem,2,1
fuissemus,2,1
fuissent,2,1
fuisses,2,1
fuisset,2,1
fuissetis,2,1
fuisti,2,1
fuistis,2,1
fulcimentum,2,1
fulcite,2,1
fulgeas,3,1
fulgeat,3,1
fulgebat,2,1
fulgebit,2,1
fulgebunt,2,1
fulgenti,2,1
fulgentis,2,1
fulgeret,3,1
fulgore,2,1
fulgores,2,1
fulgoris,2|3,2
fulgura,3,1
fulgurans,3,1
fulgurare,2,1
fulguris,3,1
fulgurum,3,1
fullonis,2,1
fullonum,2,1
fulmina,3,1
fulmini,3,1
fulminum,3,1
fumabat,2,1
fumantem,2,1
fumario,3,1
fumiga,3,1
fumigans,3,1
fundabit,2,1
fundamenta,2,1
fundamenti,2,1
fundamentis,2,1
fundamento,2,1
fundamentum,2,1
fundasti,2,1
fundata,2,1
fundatae,2,1
fundati,2,1
fundato,2,1
fundatum,2,1
fundatur,2,1
fundatus,2,1
fundauerunt,2,1
fundauit,2,1
fundebat,2,1
fundebatur,2,1
fundenda,2,1
fundendum,2,1
fundentes,2,1
funderetur,2,1
fundetur,2,1
fundimus,3,1
fundite,3,1
funditur,3,1
funditus,3,1
funduntur,2,1
funebri,3,1
funere,3,1
funeris,3,1
funesto,2,1
fungantur,2,1
fungaris,2,1
fungatur,2,1
fungebatur,2,1
fungerentur,2,1
fungeretur,2,1
fungimur,3,1
funguntur,2,1
funibus,3,1
funiculi,3,1
funiculis,3,1
funiculo,3,1
funiculorum,2,1
funiculos,3,1
funiculum,3,1
funiculus,3,1
furabatur,2,1
furaberis,3,1
furandum,2,1
furantur,2,1
furari,2,1
furaris,2,1
furata,2,1
furati,2,1
furatur,2,1
furatus,2,1
furentur,2,1
furere,2|3,2
fureret,3,1
furetur,2,1
furfurem,3,1
furibundae,2,1
furibundus,2,1
furibus,3,1
furiosi,2,1
furioso,2,1
furore,2,1
furorem,2,1
furoribus,3,1
furoris,2,1
furtiuae,2,1
furtiue,2,1
furtiuum,2,1
furtiuus,2,1
fuscinulam,3,1
fusile,3,1
fusili,3,1
fustibus,3,1
fusura,2,1
futura,2,1
futurae,2,1
futuram,2,1
futuras,2,1
futuri,2,1
futuris,2,1
futuro,2,1
futurorum,2,1
futurum,2,1
futurus,2,1
gabaon,3,1
gaio,3,1
gaium,3,1
gaius,3,1
galaad,3,1
galatae,2|3,2
galatas,2|3,2
galatia,3,1
galatiae,3,1
galatiam,3,1
galbanum,3,1
galbanus,3,1
galea,3,1
galeae,3,1
galeam,3,1
galeas,3,1
galeis,3,1
galilaea,2,1
galilaeae,2,1
galilaeam,2,1
galilaei,2,1
galilaeis,2,1
galilaeus,2,1
gallina,2,1
gallinaceus,3,1
gallio,3,1
ganeo,3,1
garriens,3,1
garrula,3,1
gaudeamus,2,1
gaudeas,3,1
gaudeat,3,1
gaudeatis,2,1
gaudebant,2,1
gaudebat,2,1
gaudebit,2,1
gaudebitis,3,1
gaudebo,2,1
gaudebunt,2,1
gaudemus,2,1
gaudentem,2,1
gaudentes,2,1
gaudentibus,3,1
gaudeo,3,1
gaudere,2,1
gauderem,2,1
gauderet,2,1
gaudete,2,1
gaudii,3,1
gaudio,3,1
gaudium,3,1
gauisa,2,1
gauisae,2,1
gauisi,2,1
gauisus,2,1
gehenna,2,1
gehennae,2,1
gehennam,2,1
gelauerit,3,1
gemelli,2,1
gemellis,2,1
gementes,2,1
gementium,3,1
gemere,2|3,2
gemimus,3,1
geminae,3,1
gemini,3,1
gemitibus,3,1
gemitu,3,1
gemitum,3,1
gemitus,3,1
gemmarum,2,1
genealogia,3,1
genealogiis,3,1
genera,3,1
generabit,2,1
generaliter,3,1
generans,3,1
generant,3,1
generantur,2,1
generas,3,1
generat,3,1
generate,2,1
generatio,3,1
generatione,2,1
generationem,2,1
generationes,2,1
generationi,2,1
generationibus,3,1
generationis,2,1
generationum,2,1
generator,2,1
generatur,2,1
generatus,2,1
generauit,2,1
genere,3,1
generi,3,1
generis,3,1
generos,3,1
generose,2,1
generositatem,2,1
generum,3,1
genesis,3,1
genetrici,2,1
genetricis,2,1
genetrix,3,1
genibus,3,1
geniculorum,2,1
genimina,3,1
genita,3,1
genitalibus,3,1
geniti,3,1
genitores,2,1
genitoris,2,1
genitrix,3,1
genitus,3,1
gentibus,3,1
gentilem,2,1
gentiles,2,1
gentili,2,1
gentilibus,3,1
gentilis,2,1
gentilitatis,2,1
gentiliter,3,1
gentilium,3,1
gentium,3,1
genua,3,1
genueram,3,1
genuerat,3,1
genuerim,3,1
genueris,3,1
genuerit,3,1
genuerunt,2,1
genui,3,1
genuisset,2,1
genuisti,2,1
genuit,3,1
geraris,2,1
gerebat,2,1
gerentibus,3,1
gerere,2|3,2
gereret,3,1
gerimus,3,1
geritur,3,1
germanam,2,1
germane,2,1
germanitatem,2,1
germano,2,1
germanus,2,1
germina,3,1
germinabit,2,1
germinabunt,2,1
germinans,3,1
germinant,3,1
germinantes,2,1
germinantia,3,1
germinare,2,1
germinaret,2,1
germinasse,2,1
germinat,3,1
germinauerint,3,1
germinauerit,3,1
germinauerunt,2,1
germinauit,2,1
germine,3,1
germinet,3,1
germinis,3,1
gerulae,3,1
geruntur,2,1
gesserat,3,1
gesserit,3,1
gesserunt,2,1
gessimus,3,1
gessissent,2,1
gessistis,2,1
gestabit,2,1
gestantes,2,1
gestantur,2,1
gestare,2,1
gestarum,2,1
gestatoria,3,1
gestorum,2,1
gesturus,2,1
gigantem,2,1
giganteo,3,1
gigantes,2,1
gigantum,2,1
gigneretur,2,1
gignuntur,2,1
glacie,3,1
glaciei,3,1
glacies,3,1
gladii,3,1
gladiis,3,1
gladio,3,1
gladiorum,2,1
gladios,3,1
gladium,3,1
gladius,3,1
glarea,3,1
glaream,3,1
glomerans,3,1
gloria,3,1
gloriabatur,2,1
gloriabitur,3,1
gloriabor,2,1
gloriae,3,1
gloriam,3,1
gloriamini,3,1
gloriamur,2,1
gloriandi,2,1
gloriantes,2,1
gloriantibus,3,1
gloriantur,2,1
gloriari,2,1
gloriaris,2,1
glorias,3,1
gloriata,2,1
gloriati,2,1
gloriatio,3,1
gloriatur,2,1
gloriatus,2,1
gloriemur,2,1
glorientur,2,1
glorier,3,1
glorieris,2,1
glorietur,2,1
glorificabo,2,1
glorificantes,2,1
glorificare,2,1
glorificat,3,1
glorificata,2,1
glorificate,2,1
glorificatur,2,1
glorificatus,2,1
glorificauerunt,2,1
glorificauit,2,1
glorificent,3,1
glorificet,3,1
glorificetur,2,1
glorior,3,1
gloriosa,2,1
gloriosae,2,1
gloriosam,2,1
gloriose,2,1
gloriosi,2,1
gloriosior,3,1
gloriosis,2,1
gloriosissimam,3,1
gloriosissimus,3,1
gloriosos,2,1
gloriosum,2,1
gloriosus,2,1
glutino,3,1
gomorra,2,1
gomorram,2,1
gomorrhae,2,1
gorgia,3,1
gorgiae,3,1
gorgiam,3,1
gorgias,3,1
gortynam,2,1
grabatis,2,1
grabato,2,1
grabatum,2,1
gracilis,3,1
gradere,3,1
gradiantur,2,1
gradiar,3,1
gradibus,3,1
gradiebantur,2,1
gradiebatur,2,1
gradiens,3,1
gradiente,2,1
gradientes,2,1
gradientibus,3,1
gradientis,2,1
gradieris,2,1
gradietur,2,1
graditur,3,1
gradiuntur,2,1
graduum,3,1
graecarum,2,1
graecia,3,1
graeciae,3,1
graeciam,3,1
graecorum,2,1
gramina,3,1
granatis,2,1
granatorum,2,1
grandaeuus,2,1
grandia,3,1
grandine,3,1
grandinem,3,1
grandines,3,1
grandini,3,1
grandinibus,3,1
grandinis,3,1
grandium,3,1
grassatur,2,1
gratia,3,1
gratiae,3,1
gratiam,3,1
gratiarum,2,1
gratias,3,1
gratificabatur,2,1
gratiis,3,1
gratiosa,2,1
gratioso,2,1
gratissima,3,1
gratissimi,3,1
gratissimum,3,1
gratissimus,3,1
gratuita,2,1
gratuito,2,1
gratulantur,2,1
gratulati,2,1
gratulatio,3,1
gratulationis,2,1
grauabat,2,1
grauabit,2,1
grauabitur,3,1
grauaret,2,1
grauaretur,2,1
grauata,2,1
grauatae,2,1
grauati,2,1
grauatis,2,1
grauatum,2,1
grauatus,2,1
grauentur,2,1
graueris,2,1
grauetur,2,1
grauia,3,1
grauida,3,1
grauior,3,1
grauiora,2,1
grauiores,2,1
grauissima,3,1
grauissimis,3,1
grauissimo,3,1
grauissimus,3,1
grauitate,2,1
grauitatem,2,1
grauiter,3,1
grauius,3,1
gregatim,2,1
gregibus,3,1
gremio,3,1
gremium,3,1
gressibus,3,1
gubernabat,2,1
gubernacula,3,1
gubernaculis,3,1
gubernaculo,3,1
gubernans,2,1
gubernantis,2,1
gubernare,2,1
gubernat,2,1
gubernata,2,1
gubernator,2,1
gubernatores,2,1
gubernatori,2,1
gubernatorum,2,1
gubernatur,2,1
gubernauit,2,1
gurgites,3,1
gurgitum,3,1
gustabat,2,1
gustabit,2,1
gustabunt,2,1
gustare,2,1
gustarem,2,1
gustarent,2,1
gustaret,2,1
gustassent,2,1
gustasset,2,1
gustata,2,1
gustatum,2,1
gustaueris,3,1
gustauerit,3,1
gustauerunt,2,1
gustaui,2,1
gustauit,2,1
gutture,3,1
gutturi,3,1
gutturis,3,1
gymnasium,3,1
habeam,3,1
habeamus,2,1
habeant,3,1
habeantur,2,1
habearis,2,1
habeas,3,1
habeat,3,1
habeatis,2,1
habebam,2,1
habebamus,2,1
habebant,2,1
habebas,2,1
habebat,2,1
habebatis,2,1
habebimus,3,1
habebis,2,1
habebit,2,1
habebitis,3,1
habebitur,3,1
habebo,2,1
habebunt,2,1
habebuntur,2,1
habemus,2,1
habenae,2,1
habenas,2,1
habendum,2,1
habente,2,1
habentem,2,1
habentes,2,1
habenti,2,1
habentia,3,1
habentibus,3,1
habentis,2,1
habentium,3,1
habentur,2,1
habeo,3,1
habere,2,1
haberem,2,1
haberemus,2,1
haberent,2,1
haberentur,2,1
haberes,2,1
haberet,2,1
haberetis,2,1
haberi,2,1
habete,2,1
habetis,2,1
habeto,2,1
habetote,2,1
habetur,2,1
habita,3,1
habitabamus,2,1
habitabant,2,1
habitabantur,2,1
habitabat,2,1
habitabatur,2,1
habitabilem,3,1
habitabimus,3,1
habitabit,2,1
habitabitis,3,1
habitabitur,3,1
habitabo,2,1
habitabunt,2,1
habitacula,3,1
habitaculi,3,1
habitaculis,3,1
habitaculo,3,1
habitaculum,3,1
habitae,3,1
habitamus,2,1
habitandam,2,1
habitandi,2,1
habitando,2,1
habitandum,2,1
habitans,3,1
habitant,3,1
habitantem,2,1
habitantes,2,1
habitanti,2,1
habitantibus,3,1
habitantium,3,1
habitantur,2,1
habitare,2,1
habitarent,2,1
habitares,2,1
habitaret,2,1
habitaretur,2,1
habitari,2,1
habitas,3,1
habitasset,2,1
habitasti,2,1
habitastis,2,1
habitat,3,1
habitatio,3,1
habitatione,2,1
habitationem,2,1
habitationes,2,1
habitationibus,3,1
habitationis,2,1
habitatis,2,1
habitator,2,1
habitatore,2,1
habitatorem,2,1
habitatores,2,1
habitatori,2,1
habitatoribus,3,1
habitatoris,2,1
habitatorum,2,1
habitatur,2,1
habitaturi,2,1
habitaturus,2,1
habitauerant,3,1
habitauerat,3,1
habitauerint,3,1
habitaueris,3,1
habitauerit,3,1
habitauerunt,2,1
habitaui,2,1
habitauimus,3,1
habitauit,2,1
habitem,3,1
habitent,3,1
habitentur,2,1
habites,3,1
habitet,3,1
habitetis,2,1
habiti,3,1
habito,3,1
habitu,3,1
habitudine,3,1
habitudo,2,1
habitum,3,1
habiturum,2,1
habiturus,2,1
habitus,3,1
habuerant,3,1
habuerat,3,1
habuere,2,1
habuerimus,2|3,2
habuerint,3,1
habueris,3,1
habuerit,3,1
habueritis,2|3,2
habuero,3,1
habuerunt,2,1
habui,3,1
habuimus,3,1
habuisse,2,1
habuissent,2,1
habuisset,2,1
habuisti,2,1
habuistis,2,1
habuit,3,1
hadria,3,1
haedorum,2,1
haereat,3,1
haerebat,2,1
haereditas,3,1
haereditate,2,1
haereditatem,2,1
haereditatis,2,1
haerentem,2,1
haererent,2,1
haereses,3,1
haeresi,3,1
haeresis,3,1
haereticum,3,1
haesitabant,2,1
haesitabat,2,1
haesitans,3,1
haesitantes,2,1
haesitantibus,3,1
haesitaret,2,1
haesitat,3,1
haesitauit,2,1
haesito,3,1
halitu,3,1
halitum,3,1
halitus,3,1
hamato,2,1
harioli,3,1
hariolis,3,1
hariolo,3,1
hariolorum,2,1
hariolos,3,1
hariolum,3,1
haruspices,3,1
haruspicum,3,1
hastarum,2,1
hastile,2,1
hastili,2,1
hauriam,3,1
hauriant,3,1
haurias,3,1
hauriatur,2,1
hauriendam,2,1
hauriendum,2,1
hauriens,3,1
hauriet,3,1
haurire,2,1
hauriret,2,1
hauriretis,2,1
haurite,2,1
hauriunt,3,1
hauserant,3,1
hauserint,3,1
hauseris,3,1
hauserunt,2,1
hebdomada,3,1
hebdomadae,3,1
hebdomadam,3,1
hebdomadarum,2,1
hebdomadas,3,1
hebdomade,3,1
hebdomades,3,1
hebdomadibus,3,1
hebdomadis,3,1
hebraei,2,1
hebraeis,2,1
hebraeorum,2,1
hebraeos,2,1
hebraeum,2,1
hedera,3,1
hederam,3,1
heliodoro,2,1
heliodorum,2,1
heliodorus,2,1
hellade,3,1
herbarum,2,1
herculis,3,1
heredem,2,1
heredes,2,1
heredibus,3,1
hereditabit,2,1
hereditabunt,2,1
hereditario,3,1
hereditarium,3,1
hereditas,3,1
hereditate,2,1
hereditatem,2,1
hereditates,2,1
hereditati,2,1
hereditatis,2,1
hermogenes,3,1
herode,2,1
herodem,2,1
herodes,2,1
herodi,2,1
herodis,2,1
herodium,3,1
hesterna,2,1
hesterni,2,1
hicine,3,1
hiemalem,2,1
hiemali,2,1
hiemalis,2,1
hiemandum,2,1
hiemare,2,1
hiemauerat,3,1
hieme,3,1
hiemem,3,1
hiemis,3,1
hierapoli,3,1
hieronymus,3,1
hierosolyma,3,1
hierosolymis,3,1
hierosolymorum,2,1
hilarem,3,1
hilarior,3,1
hilariores,2,1
hilaris,3,1
hilaritas,3,1
hilaritate,2,1
hilaritatem,2,1
hilaritatis,2,1
hilariter,3,1
hinnitum,2,1
hinnitus,2,1
hirundines,3,1
hirundinis,3,1
hirundinum,3,1
hirundo,2,1
hispaniae,3,1
hispaniam,3,1
hispidus,3,1
historia,3,1
historiae,3,1
historiam,3,1
historiarum,2,1
historias,3,1
historiis,3,1
hodie,3,1
hodierna,2,1
hodiernae,2,1
hodierno,2,1
hodiernum,2,1
hodiernus,2,1
holera,3,1
holeribus,3,1
holerum,3,1
holocausta,2,1
holocausti,2,1
holocaustis,2,1
holocausto,2,1
holocaustorum,2,1
holocaustum,2,1
homicida,2,1
homicidae,2,1
homicidam,2,1
homicidas,2,1
homicidia,3,1
homicidii,3,1
homicidiis,3,1
homicidio,3,1
homicidis,2,1
homicidium,3,1
homine,3,1
hominem,3,1
homines,3,1
homini,3,1
hominibus,3,1
hominis,3,1
hominum,3,1
honesta,2,1
honestare,2,1
honestarum,2,1
honestas,2,1
honestate,2,1
honestatem,2,1
honestatis,2,1
honestauit,2,1
honeste,2,1
honestiori,2,1
honestum,2,1
honora,2,1
honorabile,3,1
honorabilem,3,1
honorabilis,3,1
honorabit,2,1
honorabitur,3,1
honorant,2,1
honorantur,2,1
honorare,2,1
honoraretur,2,1
honorari,2,1
honorat,2,1
honorate,2,1
honorati,2,1
honoratior,3,1
honoratioris,2,1
honoratorum,2,1
honoratum,2,1
honoratur,2,1
honoratus,2,1
honorauerunt,2,1
honorauit,2,1
honore,2,1
honorem,2,1
honores,2,1
honoribus,3,1
honorifica,3,1
honorificam,3,1
honorifice,3,1
honorificentia,3,1
honorifico,3,1
honorificum,3,1
honoris,2,1
horarum,2,1
hordea,3,1
hordeaceae,3,1
hordeaceis,3,1
hordeaceos,3,1
hordei,3,1
hordeo,3,1
hordeum,3,1
horologio,3,1
horrea,3,1
horreis,3,1
horrendam,2,1
horrendas,2,1
horrende,2,1
horrendi,2,1
horrendos,2,1
horrendum,2,1
horreo,3,1
horreorum,2,1
horreum,3,1
horribile,3,1
horribiles,3,1
horribili,3,1
horribilia,3,1
horribilis,3,1
horrore,2,1
horrorem,2,1
horroris,2,1
horruerunt,2,1
horruit,3,1
hortabantur,2,1
hortabatur,2,1
hortamur,2,1
hortare,2,1
hortaretur,2,1
hortati,2,1
hortatus,2,1
hortorum,2,1
hortulanus,2|3,2
hospita,3,1
hospitalem,2,1
hospitales,2,1
hospitalis,2,1
hospitalitatem,2,1
hospitandi,2,1
hospitatur,2,1
hospitem,3,1
hospites,3,1
hospitia,3,1
hospitii,3,1
hospitio,3,1
hospitis,3,1
hospitium,3,1
hostia,3,1
hostiae,3,1
hostiam,3,1
hostiarum,2,1
hostias,3,1
hostibus,3,1
hostiis,3,1
hostilem,2,1
hostili,2,1
hostilis,2,1
hostiliter,3,1
hostilium,3,1
hostium,3,1
humana,2,1
humanae,2,1
humanarum,2,1
humane,2,1
humani,2,1
humanis,2,1
humanitas,3,1
humanitatem,2,1
humanitatis,2,1
humano,2,1
humanum,2,1
humanus,2,1
humeri,2|3,2
humeris,2|3,2
humero,3,1
humeros,3,1
humerum,3,1
humerus,3,1
humile,3,1
humilem,3,1
humiles,3,1
humili,3,1
humilia,3,1
humiliabit,2,1
humiliabitur,3,1
humiliamini,3,1
humiliando,2,1
humilians,3,1
humiliare,2,1
humiliari,2,1
humiliasti,2,1
humiliat,3,1
humiliati,2,1
humiliationem,2,1
humiliato,2,1
humiliatum,2,1
humiliatur,2,1
humiliatus,2,1
humiliauerit,3,1
humiliauerunt,2,1
humiliauit,2,1
humilibus,3,1
humiliet,3,1
humilior,3,1
humiliora,2,1
humiliorem,2,1
humiliores,2,1
humilis,3,1
humilitas,3,1
humilitate,2,1
humilitatem,2,1
humilitatis,2,1
humiliter,3,1
humilium,3,1
humillima,3,1
humillimus,3,1
humore,2,1
humorem,2,1
hyacinthi,2,1
hyacinthina,3,1
hyacinthinas,3,1
hyacinthis,2,1
hyacintho,2,1
hyacinthum,2,1
hyacinthus,2,1
hyadas,3,1
hyaenae,2,1
hydria,3,1
hydriae,3,1
hydriam,3,1
hydrias,3,1
hydropicus,3,1
hymenaeus,2,1
hypocrisi,3,1
hypocrisis,3,1
hypocrita,3,1
hypocritae,3,1
hypocritis,3,1
hyssopi,2,1
hyssopo,2,1
hyssopum,2,1
iacebam,2,1
iacebant,2,1
iacebat,2,1
iacebis,2,1
iacebunt,2,1
iacente,2,1
iacentem,2,1
iacentes,2,1
iacentis,2,1
iacere,2|3,2
iacerent,2|3,2
iaceret,2|3,2
iaciam,3,1
iaciat,3,1
iaciebant,2,1
iaciendos,2,1
iaciens,3,1
iaciente,2,1
iacientes,2,1
iacies,3,1
iacio,3,1
iacitur,3,1
iactabant,2,1
iactabatur,2,1
iactando,2,1
iactandos,2,1
iactantes,2,1
iactantia,3,1
iactantiam,3,1
iactantibus,3,1
iactaret,2,1
iactasset,2,1
iactata,2,1
iactatis,2,1
iactauerunt,2,1
iacturam,2,1
iacuerat,3,1
iacuerit,3,1
iacuerunt,2,1
iacui,3,1
iacuit,3,1
iacula,3,1
iaculante,2,1
iaculatus,2,1
iaculi,3,1
iaculis,3,1
iaculo,3,1
iaculum,3,1
iampridem,2,1
ianitor,3,1
ianitorem,2,1
ianitores,2,1
ianitori,2,1
ianitoribus,3,1
ianitorum,2,1
ianthinas,3,1
ianthinum,3,1
ianua,3,1
ianuae,3,1
ianuam,3,1
ianuarum,2,1
ianuas,3,1
ianuis,3,1
iasone,3,1
iasonem,3,1
iasoni,3,1
iasonis,3,1
iaspide,3,1
iaspidem,3,1
iaspidi,3,1
iaspidis,3,1
ibamus,2,1
ibidem,2,1
ibimus,3,1
ibitis,3,1
iconii,3,1
iconio,3,1
iconium,3,1
ictibus,3,1
idcirco,2,1
ideo,3,1
idiota,2,1
idiotae,2,1
idola,2,1
idoli,2,1
idolis,2,1
idolo,2,1
idololatrae,3,1
idololatriae,3,1
idololatris,3,1
idolorum,2,1
idolothytis,3,1
idolothytum,3,1
idolum,2,1
idonei,3,1
idoneos,3,1
idoneus,3,1
idumaea,2,1
idumaeae,2,1
idumaeam,2,1
idumaeas,2,1
idumaei,2,1
idumaeos,2,1
iecere,2,1
iecerit,3,1
iecerunt,2,1
iecimus,3,1
iecore,3,1
iecori,3,1
iecoris,3,1
ieiunandum,2,1
ieiunans,2,1
ieiunant,2,1
ieiunantes,2,1
ieiunare,2,1
ieiunas,2,1
ieiunat,2,1
ieiunauerint,3,1
ieiuni,2,1
ieiunia,3,1
ieiunii,3,1
ieiuniis,3,1
ieiunio,3,1
ieiuniorum,2,1
ieiunium,3,1
ieiuno,2,1
ieiunos,2,1
ieiunus,2,1
ieremia,3,1
ieremiae,3,1
ieremiam,3,1
ieremias,3,1
iericho,3,1
ierimus,2|3,2
igitur,3,1
ignaui,2,1
ignauia,3,1
ignea,3,1
igneae,3,1
igneas,3,1
ignei,3,1
igneorum,2,1
igneos,3,1
igneum,3,1
igneus,3,1
igniculus,3,1
ignitis,2,1
ignitorum,2,1
ignitum,2,1
ignitus,2,1
ignium,3,1
ignobiles,3,1
ignobilia,3,1
ignobiliora,2,1
ignobilis,3,1
ignobilitate,2,1
ignobilitatem,2,1
ignobilium,3,1
ignominia,3,1
ignominiae,3,1
ignominiam,3,1
ignominiosa,2,1
ignominiosae,2,1
ignominiosus,2,1
ignorabam,2,1
ignorabant,2,1
ignorabas,2,1
ignorabat,2,1
ignorabatur,2,1
ignorabit,2,1
ignorabitur,3,1
ignorabo,2,1
ignoramus,2,1
ignorans,2,1
ignorant,2,1
ignorante,2,1
ignorantem,2,1
ignoranter,2,1
ignorantes,2,1
ignorantia,3,1
ignorantiae,3,1
ignorantiam,3,1
ignorantibus,3,1
ignorare,2,1
ignorarent,2,1
ignoraretur,2,1
ignoras,2,1
ignorasti,2,1
ignorastis,2,1
ignorat,2,1
ignoratis,2,1
ignoratum,2,1
ignoratur,2,1
ignoratus,2,1
ignorauerit,3,1
ignorauerunt,2,1
ignoraui,2,1
ignorauit,2,1
ignorem,2,1
ignoremus,2,1
ignorent,2,1
ignores,2,1
ignoret,2,1
ignoretur,2,1
ignoro,2,1
ignoscam,2,1
ignoscat,2,1
ignoscendum,2,1
ignoscens,2,1
ignoscere,2|3,2
ignoscet,2,1
ignosci,2,1
ignotae,2,1
ignotas,2,1
ignoti,2,1
ignoto,2,1
ignotos,2,1
ignotus,2,1
ilia,3,1
ilicem,3,1
ilico,3,1
illaesi,2,1
illaesos,2,1
illaesum,2,1
illarum,2,1
illata,2,1
illatas,2,1
illati,2,1
illationem,2,1
illatis,2,1
illatum,2,1
illaturum,2,1
illatus,2,1
illecebris,3,1
illectus,2,1
illicita,3,1
illicitam,3,1
illicitis,3,1
illicitum,3,1
illico,3,1
illique,3,1
illisit,2,1
illisum,2,1
illisus,2,1
illius,3,1
illorum,2,1
illotis,2,1
illucescente,2,1
illudent,2,1
illudere,2|3,2
illuminabit,2,1
illuminabitur,3,1
illuminans,3,1
illuminare,2,1
illuminaret,2,1
illuminas,3,1
illuminat,3,1
illuminata,2,1
illuminati,2,1
illuminatio,3,1
illuminatione,2,1
illuminationem,2,1
illuminatus,2,1
illuminauit,2,1
illuminent,3,1
illusione,2,1
illusit,2,1
illusor,2,1
illustrarunt,2,1
illustratione,2,1
illustre,2,1
illustrem,2,1
illustretur,2,1
illustri,2,1
illustris,2,1
illusus,2,1
illuuie,3,1
illuxerit,3,1
illuxisset,2,1
illuxit,2,1
illyricum,3,1
imagine,3,1
imaginem,3,1
imagines,3,1
imagini,3,1
imaginis,3,1
imago,2,1
imbecillem,2,1
imbecilles,2,1
imbecillis,2,1
imbecillitate,2,1
imbecillitatem,2,1
imbecillitates,2,1
imbecillo,2,1
imbribus,3,1
imitamini,3,1
imitando,2,1
imitandum,2,1
imitans,3,1
imitantes,2,1
imitantur,2,1
imitari,2,1
imitaris,2,1
imitatores,2,1
imitatur,2,1
imitatus,2,1
imiteris,2,1
immaculata,2,1
immaculatos,2,1
immaculatum,2,1
immaculatus,2,1
immanis,2,1
immatura,2,1
immemor,3,1
immensa,2,1
immensae,2,1
immensas,2,1
immensis,2,1
immensos,2,1
immensum,2,1
immensus,2,1
imminebant,2,1
imminebat,2,1
imminens,3,1
imminent,3,1
imminente,2,1
imminentes,2,1
imminentia,3,1
imminentis,2,1
imminet,3,1
imminuam,3,1
imminui,3,1
imminutae,2,1
imminuti,2,1
imminuto,2,1
imminutum,2,1
imminutus,2,1
immiserant,3,1
immisisti,2,1
immisit,2,1
immissi,2,1
immissionem,2,1
immites,2,1
immitis,2,1
immittam,2,1
immittas,2,1
immitte,2,1
immittere,2|3,2
immittes,2,1
immittet,2,1
immittetur,2,1
immittit,2,1
immixta,2,1
immobile,3,1
immobilem,3,1
immobiles,3,1
immobilia,3,1
immobilis,3,1
immoderata,2,1
immoderate,2,1
immola,3,1
immolabant,2,1
immolabantur,2,1
immolabat,2,1
immolabis,2,1
immolabit,2,1
immolabitur,3,1
immolabo,2,1
immolandum,2,1
immolant,3,1
immolantes,2,1
immolanti,2,1
immolantis,2,1
immolantur,2,1
immolare,2,1
immolarent,2,1
immolarentur,2,1
immolaret,2,1
immolari,2,1
immolasset,2,1
immolasti,2,1
immolat,3,1
immolata,2,1
immolatae,2,1
immolate,2,1
immolati,2,1
immolatis,2,1
immolato,2,1
immolatum,2,1
immolatur,2,1
immolatus,2,1
immolauerit,3,1
immolauerunt,2,1
immolaui,2,1
immolauit,2,1
immolemus,2,1
immolent,3,1
immolet,3,1
immoletur,2,1
immortali,2,1
immortalis,2,1
immortalitas,3,1
immortalitate,2,1
immortalitatem,2,1
immortalitatis,2,1
immunda,2,1
immundae,2,1
immundam,2,1
immundas,2,1
immunde,2,1
immundi,2,1
immundis,2,1
immunditia,3,1
immunditiae,3,1
immunditiam,3,1
immunditiarum,2,1
immunditiis,3,1
immundo,2,1
immundorum,2,1
immundos,2,1
immundum,2,1
immundus,2,1
immunem,2,1
immunes,2,1
immunis,2,1
immunita,2,1
immunitatis,2,1
immuta,2,1
immutabilis,3,1
immutabimur,3,1
immutabuntur,2,1
immutare,2,1
immutari,2,1
immutat,2,1
immutata,2,1
immutatae,2,1
immutatio,3,1
immutatis,2,1
immutatur,2,1
immutatus,2,1
immutauerunt,2,1
immutauit,2,1
immutetur,2,1
imparatos,2,1
impatiens,3,1
impatientiam,3,1
impediantur,2,1
impedias,3,1
impediat,3,1
impediatur,2,1
impediet,3,1
impedimenta,2,1
impedimento,2,1
impedimentum,2,1
impedire,2,1
impediret,2,1
impediri,2,1
impedit,3,1
impedita,2|3,2
impeditis,2,1
impeditus,2,1
impediuit,2,1
impegerunt,2,1
impegit,2,1
impellat,2,1
impellebat,2,1
impellens,2,1
impellere,2|3,2
impellit,2,1
impendam,2,1
impende,2,1
impendebant,2,1
impendebantur,2,1
impendere,2|3,2
impenderet,2|3,2
impendet,2,1
impendia,3,1
impendiis,3,1
impensa,2,1
impensas,2,1
impensius,3,1
impera,3,1
imperabant,2,1
imperabit,2,1
imperandi,2,1
imperans,3,1
imperant,3,1
imperante,2,1
imperantes,2,1
imperantium,3,1
imperantur,2,1
imperarat,2,1
imperare,2,1
imperarem,2,1
imperaret,2,1
imperasti,2,1
imperat,3,1
imperata,2,1
imperate,2,1
imperator,2,1
imperatorium,3,1
imperatum,2,1
imperaturus,2,1
imperauerat,3,1
imperauerit,3,1
imperauerunt,2,1
imperauit,2,1
imperent,3,1
imperes,3,1
imperet,3,1
imperfectum,2,1
imperia,3,1
imperii,3,1
imperiis,3,1
imperio,3,1
imperiti,2,1
imperitia,3,1
imperitiam,3,1
imperitis,2,1
imperitos,2,1
imperitus,2,1
imperium,3,1
impero,3,1
impertiar,3,1
impertientes,2,1
impertiret,2,1
impertiri,2,1
impertiunt,3,1
imperuius,3,1
impetiginem,3,1
impetrabis,2,1
impetu,3,1
impetum,3,1
impetus,3,1
impia,3,1
impiam,3,1
impie,3,1
impietas,3,1
impietate,2,1
impietatem,2,1
impietates,2,1
impietatibus,3,1
impietatis,2,1
impiger,3,1
impii,3,1
impiis,3,1
impingebant,2,1
impinguet,2,1
impio,3,1
impiorum,2,1
impios,3,1
impium,3,1
impius,3,1
impleam,3,1
impleamus,2,1
impleant,3,1
impleantur,2,1
impleas,3,1
impleat,3,1
impleatis,2,1
impleatur,2,1
implebantur,2,1
implebat,2,1
implebimus,3,1
implebis,2,1
implebit,2,1
implebitur,3,1
implebo,2,1
implebunt,2,1
implebuntur,2,1
implendum,2,1
implentes,2,1
implentur,2,1
impleo,3,1
implere,2,1
implerem,2,1
implerent,2,1
implerentur,2,1
impleret,2,1
impleretur,2,1
impleri,2,1
implesset,2,1
implesti,2,1
implestis,2,1
impleta,2,1
impletae,2,1
implete,2,1
impleti,2,1
impletis,2,1
impletum,2,1
impletur,2,1
impletus,2,1
impleuerant,3,1
impleuerat,3,1
impleuerint,3,1
impleueris,3,1
impleuerit,3,1
impleuero,3,1
impleuerunt,2,1
impleui,2,1
impleuimus,3,1
impleuisti,2,1
impleuit,2,1
implicat,3,1
implicati,2,1
implorante,2,1
imploraret,2,1
impolitis,2,1
impolluta,2,1
impollutam,2,1
impollutus,2,1
imponam,2,1
imponas,2,1
imponat,2,1
imponatur,2,1
impone,2,1
imponebant,2,1
imponendi,2,1
imponens,2,1
imponent,2,1
imponentes,2,1
imponentium,3,1
imponentur,2,1
imponere,2|3,2
imponeremus,2,1
imponerent,3,1
imponeret,3,1
impones,2,1
imponet,2,1
imponetis,2,1
imponi,2,1
imponit,2,1
imponite,3,1
imponitur,3,1
imponunt,2,1
important,2,1
importuna,2,1
importune,2,1
importunis,2,1
imposita,3,1
impositae,3,1
impositam,3,1
impositione,2,1
impositionem,2,1
impositis,3,1
imposito,3,1
impositum,3,1
impossibile,3,1
impossibilia,3,1
impossibilis,3,1
imposueris,3,1
imposuerunt,2,1
imposui,3,1
imposuissent,2,1
imposuisset,2,1
imposuisti,2,1
imposuit,3,1
impotens,3,1
impotentem,2,1
impotentis,2,1
impraesentiarum,2,1
imprecatus,2,1
improbam,3,1
improbitas,3,1
improbitatem,2,1
improbus,3,1
improperat,3,1
improperiorum,2,1
improperium,3,1
improuisa,2,1
improuiso,2,1
improuisus,2,1
imprudens,2,1
imprudentem,2,1
imprudentes,2,1
imprudenti,2,1
imprudentia,3,1
imprudentiam,3,1
imprudentis,2,1
impuberem,3,1
impudens,3,1
impudentem,2,1
impudenter,2,1
impudentis,2,1
impudice,2,1
impudici,2,1
impudicitia,3,1
impudicitiae,3,1
impudicitiis,3,1
impugnabant,2,1
impugnans,2,1
impugnant,2,1
impugnantes,2,1
impugnent,2,1
impulerit,3,1
impulerunt,2,1
impulit,3,1
impulsi,2,1
impulsus,2,1
impune,2,1
impunitum,2,1
impunitus,2,1
impuram,2,1
impuritatem,2,1
imputabit,2,1
imputabitur,3,1
imputabuntur,2,1
imputatur,2,1
imputauit,2,1
imputetur,2,1
inaccessa,2,1
inaccessam,2,1
inaccessibilem,3,1
inaccessis,2,1
inaestimabilis,3,1
inambulabo,2,1
inane,2,1
inanem,2,1
inanes,2,1
inania,3,1
inanibus,3,1
inanis,2,1
inanitatis,2,1
inaniter,3,1
inaquosa,2,1
inargentata,2,1
inargentati,2,1
inauditam,2,1
inauditis,2,1
inauditum,2,1
inaurata,2,1
inaurati,2,1
inaures,2,1
inauribus,3,1
inauris,2,1
inaurium,3,1
incalescat,2,1
incalesceret,3,1
incaluerat,3,1
incaluerit,3,1
incaluisset,2,1
incantantis,2,1
incantatione,2,1
incantationem,2,1
incantationes,2,1
incantationibus,3,1
incantationum,2,1
incantatores,2,1
incantatorum,2,1
incassum,2,1
incautos,2,1
incautus,2,1
incedam,2,1
incedant,2,1
incede,2,1
incedebant,2,1
incedebat,2,1
incedens,2,1
incedentem,2,1
incedentes,2,1
incedentibus,3,1
incedentis,2,1
incedere,2|3,2
incederent,3,1
incederes,3,1
incedet,2,1
incedit,2,1
incedo,2,1
incedunt,2,1
incenatus,2,1
incendas,2,1
incendat,2,1
incendatur,2,1
incendebant,2,1
incendemus,2,1
incendens,2,1
incendent,2,1
incenderant,3,1
incenderat,3,1
incendere,2|3,2
incenderent,3,1
incenderit,3,1
incenderunt,2,1
incendes,2,1
incendet,2,1
incendi,2,1
incendii,3,1
incendio,3,1
incendit,2,1
incenditur,3,1
incendium,3,1
incendunt,2,1
incensa,2,1
incensae,2,1
incensi,2,1
incensio,3,1
incensis,2,1
incenso,2,1
incensorum,2,1
incensum,2,1
incensurum,2,1
incensus,2,1
incentor,2,1
inceperunt,2,1
incepit,2,1
incerta,2,1
incertae,2,1
incertam,2,1
incerti,2,1
incertis,2,1
incerto,2,1
incertum,2,1
incertus,2,1
incessisti,2,1
incessu,2,1
incessum,2,1
incessus,2,1
incestus,2,1
inchoante,2,1
inchoat,3,1
incidam,2|3,2
incidamus,2,1
incidas,2|3,2
incidat,2|3,2
incide,2|3,2
incidebant,2,1
incidemus,2,1
incidens,2|3,2
incident,2|3,2
incidentes,2,1
incidere,2|3,2
inciderent,3,1
inciderit,3,1
inciderunt,2,1
incidet,2|3,2
incidi,2|3,2
incidissemus,2,1
incidissent,2,1
incidisti,2,1
incidit,2|3,2
incidunt,2|3,2
incipe,3,1
inciperent,3,1
inciperet,3,1
incipiam,3,1
incipiant,3,1
incipias,3,1
incipiat,3,1
incipiebant,2,1
incipiebat,2,1
incipiemus,2,1
incipiens,3,1
incipient,3,1
incipiente,2,1
incipientem,2,1
incipientes,2,1
incipienti,2,1
incipientibus,3,1
incipientis,2,1
incipiet,3,1
incipimus,3,1
incipio,3,1
incipit,3,1
incipite,3,1
incipiunt,3,1
incircumcisi,2,1
incircumcisis,2,1
incircumcisorum,2,1
incircumcisum,2,1
incircumcisus,2,1
incisi,2,1
incisuras,2,1
incisus,2,1
incitabatur,2,1
incitare,2,1
incitari,2,1
incitat,3,1
incitauit,2,1
inclamauit,2,1
inclina,2,1
inclinabit,2,1
inclinabo,2,1
inclinans,2,1
inclinant,2,1
inclinantes,2,1
inclinaretur,2,1
inclinasset,2,1
inclinat,2,1
inclinata,2,1
inclinati,2,1
inclinato,2,1
inclinatum,2,1
inclinatur,2,1
inclinatus,2,1
inclinauerat,3,1
inclinauerit,3,1
inclinauerunt,2,1
inclinaui,2,1
inclinauit,2,1
inclinentur,2,1
inclinet,2,1
inclita,3,1
inclite,3,1
incliti,3,1
inclitis,3,1
inclitos,3,1
inclitum,3,1
inclitus,3,1
includere,2|3,2
includet,2,1
includetur,2,1
inclusa,2,1
incluserit,3,1
incluserunt,2,1
inclusi,2,1
inclusit,2,1
inclusos,2,1
incognita,3,1
incohabat,2,1
incola,3,1
incolae,3,1
incolant,3,1
incolatus,2,1
incolebant,2,1
incolumem,3,1
incolumes,3,1
incolumis,3,1
incolunt,3,1
incommunicabile,3,1
incomparabili,3,1
incomparabilis,3,1
incompositos,3,1
incomprehensibilis,3,1
inconfusibilem,3,1
inconsideratus,2,1
inconstans,2,1
inconstantia,3,1
inconsulte,2,1
incontaminati,2,1
incontinentes,2,1
incontinentiam,3,1
inconueniens,3,1
incorruptam,2,1
incorruptelam,2,1
incorrupti,2,1
incorruptibilem,3,1
incorruptibili,3,1
incorruptibilis,3,1
incorruptione,2,1
incorruptionem,2,1
incorruptum,2,1
increbruit,3,1
incredibile,3,1
incredibiles,3,1
incredibili,3,1
incredibilis,3,1
incredula,3,1
increduli,3,1
incredulis,3,1
incredulitas,3,1
incredulitate,2,1
incredulitatem,2,1
incredulitatis,2,1
incredulorum,2,1
incredulos,3,1
incredulus,3,1
incrementa,2,1
incremento,2,1
incrementum,2,1
increpa,3,1
increpabant,2,1
increpabat,2,1
increpans,3,1
increpantibus,3,1
increpare,2,1
increparet,2,1
increpat,3,1
increpatio,3,1
increpatione,2,1
increpationem,2,1
increpationes,2,1
increpationibus,3,1
increpauit,2,1
increpet,3,1
increpuerit,3,1
increpuit,3,1
increscat,2,1
incresceret,3,1
increuerit,3,1
increuerunt,2,1
incubabat,2,1
incubantem,2,1
incubuerit,3,1
incubuit,3,1
incudem,2,1
inculta,2,1
incumbebat,2,1
incumbere,2|3,2
incumbit,2,1
incumbunt,2,1
incurrent,2,1
incurrit,2,1
incursio,3,1
incursu,2,1
incurua,2,1
incuruans,2,1
incuruantur,2,1
incuruare,2,1
incuruat,2,1
incuruata,2,1
incuruatae,2,1
incuruato,2,1
incuruatus,2,1
incuruauit,2,1
incussit,2,1
incussus,2,1
indecens,3,1
indeclinabilem,3,1
indeficiens,3,1
indemnatos,2,1
indemnatum,2,1
indesinenter,2,1
india,3,1
indiae,3,1
indica,3,1
indicabimus,3,1
indicabis,2,1
indicabit,2,1
indicabo,2,1
indicabunt,2,1
indicandam,2,1
indicans,3,1
indicare,2,1
indicarem,2,1
indicarent,2,1
indicas,2|3,2
indicasset,2,1
indicasti,2,1
indicat,2|3,2
indicate,2,1
indicati,2,1
indicatis,2,1
indicatum,2,1
indicauerat,3,1
indicauerit,3,1
indicauerunt,2,1
indicaui,2,1
indicauit,2,1
indicem,3,1
indicens,2,1
indicent,2|3,2
indices,2|3,2
indicet,2|3,2
indicio,3,1
indicium,3,1
indico,2|3,2
indictio,3,1
indictione,2,1
indictionis,2,1
indifferens,3,1
indigeant,3,1
indigeas,3,1
indigeat,3,1
indigebant,2,1
indigebis,2,1
indigebit,2,1
indigemus,2,1
indigena,3,1
indigenae,3,1
indigenis,3,1
indigens,3,1
indigent,3,1
indigenti,2,1
indigentiam,3,1
indigentis,2,1
indigeo,3,1
indigere,2,1
indigeremus,2,1
indigeret,2,1
indiges,3,1
indiget,3,1
indigetis,2,1
indigna,2,1
indignabantur,2,1
indignabitur,3,1
indignabor,2,1
indignandum,2,1
indignans,2,1
indignantes,2,1
indignaretur,2,1
indignari,2,1
indignati,2,1
indignatio,3,1
indignatione,2,1
indignationem,2,1
indignationis,2,1
indignatus,2,1
indigne,2,1
indigneris,2,1
indignetur,2,1
indigni,2,1
indignis,2,1
indigno,2,1
indignos,2,1
indignus,2,1
indiguerit,3,1
indixisset,2,1
indixit,2,1
indocti,2,1
indoctis,2,1
indocto,2,1
indoctos,2,1
indoctus,2,1
indolis,3,1
indomitus,3,1
indorum,2,1
induam,3,1
induantur,2,1
induaris,2,1
induat,3,1
inducam,2,1
inducamus,2,1
inducant,2,1
inducantur,2,1
inducas,2,1
inducat,2,1
inducens,2,1
inducent,2,1
inducere,2|3,2
inducerem,3,1
inducerent,3,1
induceres,3,1
induceret,3,1
induces,2,1
inducet,2,1
induci,2,1
inducit,2,1
inducitis,3,1
inducitur,3,1
inducturus,2,1
indue,3,1
induebant,2,1
induebatur,2,1
induens,3,1
induerat,3,1
induere,2|3,2
induerent,3,1
induerentur,2,1
indueretur,2,1
indueris,2|3,2
induerit,3,1
induerunt,2,1
induet,3,1
induetur,2,1
indui,3,1
induimur,3,1
induisti,2,1
induistis,2,1
induit,3,1
induite,3,1
indulge,2,1
indulgebo,2,1
indulgentia,3,1
indulgentiam,3,1
indulgeo,3,1
indulsimus,3,1
indulsisti,2,1
indumenta,2,1
indumenti,2,1
indumento,2,1
indumentum,2,1
indurare,2,1
indurat,2,1
induratum,2,1
induratur,2,1
induratus,2,1
indurauerat,3,1
indurauerunt,2,1
indurauit,2,1
industria,3,1
industriae,3,1
industriam,3,1
industrie,3,1
industrio,3,1
industrios,3,1
industrium,3,1
induta,2,1
induti,2,1
indutis,2,1
indutos,2,1
indutum,2,1
indutus,2,1
induunt,3,1
induxero,3,1
induxerunt,2,1
induxi,2,1
induxisset,2,1
induxisti,2,1
induxit,2,1
ineamus,2,1
ineant,3,1
ineas,3,1
ineat,3,1
inebrians,3,1
inebriantur,2,1
inebriare,2,1
inebriari,2,1
inebriat,3,1
inebriati,2,1
inebriatur,2,1
inebriauit,2,1
inebrient,3,1
inedia,3,1
inenarrabiles,3,1
inenarrabili,3,1
inenarrabilia,3,1
ineptas,2,1
inerat,3,1
inermes,2,1
inertia,3,1
ineundum,2,1
ineunt,3,1
inexcusabiles,3,1
inexcusabilis,3,1
inexorabilis,3,1
inexploratae,2,1
inexpugnabile,3,1
inexpugnabiles,3,1
inexpugnabili,3,1
inextinguibili,3,1
inextinguibilis,3,1
infames,2,1
infami,2,1
infamiam,3,1
infante,2,1
infantem,2,1
infantes,2,1
infantia,3,1
infantiae,3,1
infantiam,3,1
infantibus,3,1
infantis,2,1
infantium,3,1
infantulum,3,1
infantulus,3,1
infatigabiles,3,1
infatuatus,2,1
infecta,2,1
infectum,2,1
infecunda,2,1
infelices,2,1
infelicis,2,1
infelicitas,3,1
infelicitatem,2,1
infelicitatis,2,1
infelix,2,1
infensus,2,1
inferam,3,1
inferamus,2,1
inferant,3,1
inferas,3,1
inferat,3,1
inferatis,2,1
inferebant,2,1
inferebantur,2,1
inferebatur,2,1
inferemus,2,1
inferens,3,1
inferent,3,1
inferentes,2,1
inferentium,3,1
inferes,3,1
inferet,3,1
inferetur,2,1
inferi,3,1
inferior,3,1
inferiora,2,1
inferiore,2,1
inferiorem,2,1
inferiores,2,1
inferiori,2,1
inferioribus,3,1
inferioris,2,1
inferis,3,1
inferius,3,1
inferna,2,1
inferne,2,1
inferni,2,1
inferno,2,1
infernorum,2,1
infernum,2,1
infernus,2,1
inferorum,2,1
inferos,3,1
inferre,2,1
inferrent,2,1
inferrentur,2,1
inferret,2,1
inferri,2,1
inferte,2,1
infertis,2,1
infertur,2,1
inferunt,3,1
infidelem,2,1
infideles,2,1
infideli,2,1
infidelibus,3,1
infidelis,2,1
infidelitas,3,1
infideliter,3,1
infidelium,3,1
infima,3,1
infimis,3,1
infinita,2,1
infinitae,2,1
infinitam,2,1
infinitas,2|3,2
infiniti,2,1
infinitis,2,1
infinitum,2,1
infinitus,2,1
infirma,2,1
infirmabatur,2,1
infirmabitur,3,1
infirmam,2,1
infirmantur,2,1
infirmare,2,1
infirmarentur,2,1
infirmata,2,1
infirmatam,2,1
infirmati,2,1
infirmatur,2,1
infirmatus,2,1
infirmentur,2,1
infirmi,2,1
infirmior,3,1
infirmiora,2,1
infirmiorem,2,1
infirmiori,2,1
infirmis,2,1
infirmitas,3,1
infirmitate,2,1
infirmitatem,2,1
infirmitates,2,1
infirmitatibus,3,1
infirmitatis,2,1
infirmo,2,1
infirmor,2,1
infirmorum,2,1
infirmos,2,1
infirmum,2,1
infirmus,2,1
infixa,2,1
infixae,2,1
infixit,2,1
infixum,2,1
infixus,2,1
inflammat,2,1
inflammata,2,1
inflammatio,3,1
inflammatione,2,1
inflammatum,2,1
inflammatur,2,1
inflammatus,2,1
inflammauit,2,1
inflammet,2,1
inflati,2,1
inflationes,2,1
inflato,2,1
inflatos,2,1
inflatum,2,1
inflatur,2,1
inflatus,2,1
infletur,2,1
inflixerit,3,1
influat,3,1
influebat,2,1
infodit,2|3,2
informationem,2,1
informi,2,1
informibus,3,1
infremuit,3,1
infringere,2|3,2
infructuosae,2,1
infructuosis,2,1
infructuosum,2,1
infudit,2,1
infunde,2,1
infundens,2,1
infundis,2,1
infundit,2,1
infusa,2,1
infusus,2,1
ingemiscens,2,1
ingemiscere,2|3,2
ingemiscit,2,1
ingemiscunt,2,1
ingemuerunt,2,1
ingemuit,3,1
ingeniosus,2,1
ingenitae,3,1
ingenitum,3,1
ingenium,3,1
ingentem,2,1
ingentes,2,1
ingenti,2,1
ingentia,3,1
ingentis,2,1
ingerebant,2,1
inglorios,3,1
inglorius,3,1
ingrati,2,1
ingratos,2,1
ingratus,2,1
ingrauescente,2,1
ingredere,3,1
ingrederentur,2,1
ingrederer,3,1
ingrederetur,2,1
ingrederis,3,1
ingredi,3,1
ingrediamur,2,1
ingrediantur,2,1
ingrediar,3,1
ingrediaris,2,1
ingrediatur,2,1
ingrediebantur,2,1
ingrediebatur,2,1
ingrediens,3,1
ingrediente,2,1
ingredientem,2,1
ingredientes,2,1
ingredienti,2,1
ingredientibus,3,1
ingredientis,2,1
ingredientium,3,1
ingredientur,2,1
ingredieris,2,1
ingredietur,2,1
ingredimini,3,1
ingredimur,3,1
ingredior,3,1
ingreditur,3,1
ingrediuntur,2,1
ingressa,2,1
ingressae,2,1
ingressas,2,1
ingressi,2,1
ingressis,2,1
ingresso,2,1
ingressu,2,1
ingressum,2,1
ingressuri,2,1
ingressurus,2,1
ingressus,2,1
ingruente,2,1
ingruerit,3,1
ingruit,3,1
inguine,3,1
inhabitabant,2,1
inhabitabat,2,1
inhabitabilem,3,1
inhabitabiles,3,1
inhabitabili,3,1
inhabitabilis,3,1
inhabitabo,2,1
inhabitant,3,1
inhabitantes,2,1
inhabitantibus,3,1
inhabitantium,3,1
inhabitare,2,1
inhabitari,2,1
inhabitat,3,1
inhabitatio,3,1
inhabitator,2,1
inhabitatores,2,1
inhabitet,3,1
inhibere,2,1
inhonesta,2,1
inhoneste,2,1
inhonestis,2,1
inhonesto,2,1
inhonestus,2,1
inhonoratus,2,1
inhorruerunt,2,1
inibis,2,1
inibit,2,1
inibo,2,1
inibunt,2,1
inice,3,1
inicere,3,1
iniciam,3,1
iniecerunt,2,1
iniecit,2,1
inierant,3,1
inierat,3,1
iniere,2,1
inierit,3,1
inierunt,2,1
iniice,3,1
iniisset,2,1
iniit,3,1
inimica,2,1
inimice,2,1
inimici,2,1
inimicis,2,1
inimicitia,3,1
inimicitiae,3,1
inimicitiam,3,1
inimicitias,3,1
inimicitiis,3,1
inimico,2,1
inimicorum,2,1
inimicos,2,1
inimicum,2,1
inimicus,2,1
iniqua,2,1
iniquae,2,1
iniquam,2,1
iniquarum,2,1
iniquas,2,1
inique,2,1
iniqui,2,1
iniquis,2,1
iniquissimas,3,1
iniquitas,3,1
iniquitate,2,1
iniquitatem,2,1
iniquitates,2,1
iniquitati,2,1
iniquitatibus,3,1
iniquitatis,2,1
iniquitatum,2,1
iniquius,3,1
iniquo,2,1
iniquorum,2,1
iniquos,2,1
iniquum,2,1
iniquus,2,1
inire,2,1
inirent,2,1
iniret,2,1
inisset,2,1
inisti,2,1
inite,2|3,2
initi,3,1
initia,3,1
initiarent,2,1
initiatae,2,1
initiati,2,1
initiatus,2,1
initiauit,2,1
initiis,3,1
initio,3,1
initiorum,2,1
initium,3,1
inito,3,1
initum,3,1
initur,2,1
iniuria,3,1
iniuriae,3,1
iniuriam,3,1
iniuriarum,2,1
iniurias,3,1
iniuriis,3,1
iniusta,2,1
iniustae,2,1
iniustam,2,1
iniuste,2,1
iniusti,2,1
iniustis,2,1
iniustitia,3,1
iniustitiae,3,1
iniustitiam,3,1
iniustitias,3,1
iniusto,2,1
iniustorum,2,1
iniustos,2,1
iniustum,2,1
iniustus,2,1
innitaris,2,1
innitatur,2,1
innitebatur,2,1
innitentes,2,1
inniti,2,1
innixa,2,1
innixi,2,1
innixum,2,1
innixus,2,1
innocens,3,1
innocente,2,1
innocentem,2,1
innocentes,2,1
innocenti,2,1
innocentia,3,1
innocentiam,3,1
innocentis,2,1
innocentium,3,1
innocentum,2,1
innotescant,2,1
innotescat,2,1
innotescerent,3,1
innotuit,3,1
innouare,2,1
innouat,3,1
innouate,2,1
innouatione,2,1
innouemus,2,1
innoxia,3,1
innoxias,3,1
innoxii,3,1
innoxio,3,1
innoxium,3,1
innoxius,3,1
innuens,3,1
innuit,3,1
innumera,3,1
innumerabile,3,1
innumerabilem,3,1
innumerabiles,3,1
innumerabilibus,3,1
innumerabilis,3,1
innumerabilium,3,1
innumeri,3,1
innumeris,3,1
innupta,2,1
innuptam,2,1
innuptis,2,1
inobediens,3,1
inobedientia,3,1
inoboedientes,2,1
inoboedientia,3,1
inoboedientiae,3,1
inoboedientiam,3,1
inope,3,1
inopem,3,1
inopes,3,1
inopi,3,1
inopia,3,1
inopiae,3,1
inopiam,3,1
inopis,3,1
inopum,3,1
inordinate,2,1
inordinati,2,1
inquietari,2,1
inquietas,2,1
inquieti,2,1
inquietos,2,1
inquietudinem,3,1
inquietum,2,1
inquilini,2,1
inquilinus,2,1
inquinamentis,2,1
inquinamento,2,1
inquinamentum,2,1
inquinata,2,1
inquinatae,2,1
inquinatos,2,1
inquinatum,2,1
inquinatus,2,1
inquinauerunt,2,1
inquinaui,2,1
inquinentur,2,1
inquiram,2,1
inquirat,2,1
inquiratur,2,1
inquire,2,1
inquirentes,2,1
inquirentibus,3,1
inquirere,2|3,2
inquireretur,2,1
inquirimus,3,1
inquirit,2,1
inquirite,3,1
inquirunt,2,1
inquisisset,2,1
inquisitio,3,1
inquisitione,2,1
inquisitionem,2,1
inquisitores,2,1
inquiunt,3,1
insanabile,3,1
insanabili,3,1
insanabilibus,3,1
insanabilis,3,1
insania,3,1
insaniae,3,1
insaniam,3,1
insanias,3,1
insaniebat,2,1
insaniens,3,1
insanientes,2,1
insanio,3,1
insanire,2,1
insanis,2,1
insanisti,2,1
insanit,2,1
insanitis,2,1
insaniuit,2,1
insaniunt,3,1
insanum,2,1
insanus,2,1
insatiabiles,3,1
insatiabili,3,1
insatiabilis,3,1
inscia,3,1
inscientiae,3,1
inscientiam,3,1
inscii,3,1
inscio,3,1
inscius,3,1
inscripta,2,1
inscripti,2,1
inscriptio,3,1
inscriptionem,2,1
inscriptus,2,1
inscrutabilia,3,1
insectationibus,3,1
insecuti,2,1
insecutus,2,1
insederat,3,1
insederunt,2,1
insensata,2,1
insensati,2,1
insensatis,2,1
insensatos,2,1
insepultos,2,1
insepultus,2,1
insequebantur,2,1
insequentes,2,1
insequitur,3,1
inserar,3,1
inserendum,2,1
inserens,3,1
inserere,2|3,2
inseres,3,1
inseretur,2,1
insertas,2,1
inserti,2,1
insertus,2,1
inseruerunt,2,1
inseruiebant,2,1
insidebat,2,1
insidiabantur,2,1
insidiabatur,2,1
insidiaberis,3,1
insidiabitur,3,1
insidiabor,2,1
insidiae,3,1
insidiando,2,1
insidians,3,1
insidiantem,2,1
insidiantes,2,1
insidiantibus,3,1
insidiantium,3,1
insidiantur,2,1
insidiaretur,2,1
insidiarum,2,1
insidias,3,1
insidiati,2,1
insidiator,2,1
insidiatorem,2,1
insidiatores,2,1
insidiatoris,2,1
insidiatur,2,1
insidiatus,2,1
insidiemur,2,1
insidietur,2,1
insidiis,3,1
insidiose,2,1
insigne,2,1
insignem,2,1
insigni,2,1
insiliens,3,1
insiliuit,2,1
insiluit,3,1
insimulatum,2,1
insinuans,3,1
insipiens,3,1
insipiente,2,1
insipientem,2,1
insipienter,2,1
insipientes,2,1
insipienti,2,1
insipientia,3,1
insipientiae,3,1
insipientiam,3,1
insipientibus,3,1
insipientis,2,1
insipientium,3,1
insistebant,2,1
insistentes,2,1
insistere,2|3,2
insitum,3,1
insolubilis,3,1
insomnem,2,1
insontem,2,1
insontium,3,1
insonuit,3,1
inspectionem,2,1
inspector,2,1
insperatae,2,1
insperate,2,1
insperatus,2,1
inspexerant,3,1
inspexerunt,2,1
inspexisset,2,1
inspexit,2,1
inspice,3,1
inspicere,2|3,2
inspicerem,3,1
inspicerent,3,1
inspiciam,3,1
inspiciamus,2,1
inspicias,3,1
inspiciemus,2,1
inspicientibus,3,1
inspicietis,2,1
inspicite,3,1
inspirat,2,1
inspirata,2,1
inspiratione,2,1
inspirationem,2,1
inspirauit,2,1
instabant,2,1
instabat,2,1
instabile,3,1
instabiles,3,1
instabilis,3,1
instabit,2,1
instabunt,2,1
instante,2,1
instantem,2,1
instanter,2,1
instantes,2,1
instantia,3,1
instantiae,3,1
instantibus,3,1
instantis,2,1
instantius,3,1
instare,2,1
instarent,2,1
instaret,2,1
instauranda,2,1
instaurandum,2,1
instaurare,2,1
instaurarentur,2,1
instauraret,2,1
instauraretur,2,1
instaurari,2,1
instaurat,2,1
instaurati,2,1
instauratio,3,1
instauratione,2,1
instaurationem,2,1
instauratis,2,1
instauratur,2,1
instaurauerat,3,1
instaurauit,2,1
instaurent,2,1
instigasset,2,1
institerit,3,1
institi,3,1
institis,3,1
institores,2,1
institoris,2,1
institorum,2,1
institue,3,1
instituere,2|3,2
instituerunt,2,1
instituet,3,1
instituit,3,1
instituta,2,1
institutione,2,1
institutionem,2,1
institutiones,2,1
institutionibus,3,1
instituto,2,1
institutum,2,1
institutus,2,1
instruam,3,1
instruat,3,1
instruatur,2,1
instructa,2,1
instructi,2,1
instructionem,2,1
instructus,2,1
instrue,3,1
instruebat,2,1
instruentes,2,1
instruere,2|3,2
instrueret,3,1
instruit,3,1
instruite,3,1
instrumenta,2,1
instrumentum,2,1
instruxerunt,2,1
instruxit,2,1
insula,3,1
insulae,3,1
insulam,3,1
insularum,2,1
insulas,3,1
insulis,3,1
insulsa,2,1
insulsum,2,1
insultaret,2,1
insultet,2,1
insuper,3,1
insuperabilis,3,1
insurgentem,2,1
insurgentes,2,1
insurgentibus,3,1
insurgentium,3,1
insurgere,2|3,2
insurgunt,2,1
insurrexerunt,2,1
insuspicabilis,3,1
intacta,2,1
intactum,2,1
integer,3,1
integra,3,1
integrae,3,1
integram,3,1
integri,3,1
integritas,3,1
integritate,2,1
integritatem,2,1
integro,3,1
integros,3,1
integrum,3,1
intellecta,2,1
intellectibus,3,1
intellectu,2,1
intellectum,2,1
intellectus,2,1
intellegam,3,1
intellegant,3,1
intellegantur,2,1
intellegas,3,1
intellegat,3,1
intellegatis,2,1
intellege,3,1
intellegebam,2,1
intellegebant,2,1
intellegenda,2,1
intellegendum,2,1
intellegens,3,1
intellegent,3,1
intellegentem,2,1
intellegentes,2,1
intellegentia,3,1
intellegentiae,3,1
intellegentiam,3,1
intellegentias,3,1
intellegentibus,3,1
intellegere,2|3,2
intellegerem,3,1
intellegerent,3,1
intellegeres,3,1
intellegeret,3,1
intelleges,3,1
intelleget,3,1
intellegetis,2,1
intellegetur,2,1
intellegibile,3,1
intellegibiles,3,1
intellegimus,3,1
intellegis,3,1
intellegit,3,1
intellegite,3,1
intellegitis,3,1
intellegitur,3,1
intellego,3,1
intellegunt,3,1
intellexerant,3,1
intellexerint,3,1
intellexerit,3,1
intellexerunt,2,1
intellexi,2,1
intellexisset,2,1
intellexisti,2,1
intellexistis,2,1
intellexit,2,1
intelligam,3,1
intelligant,3,1
intelligas,3,1
intelligat,3,1
intelligatis,2,1
intellige,3,1
intelligebant,2,1
intelligenda,2,1
intelligendum,2,1
intelligens,3,1
intelligent,3,1
intelligentes,2,1
intelligentia,3,1
intelligentiae,3,1
intelligentiam,3,1
intelligentibus,3,1
intelligentis,2,1
intelligere,2|3,2
intelligerem,3,1
intelligerent,3,1
intelligeres,3,1
intelligeret,3,1
intelliges,3,1
intelliget,3,1
intelligimus,3,1
intelligis,3,1
intelligit,3,1
intelligite,3,1
intelligitis,3,1
intelligitur,3,1
intelligo,3,1
intelligunt,3,1
intempesta,2,1
intempestae,2,1
intende,2,1
intendebant,2,1
intendebat,2,1
intendens,2,1
intendentes,2,1
intendere,2|3,2
intenderent,3,1
intenderet,3,1
intenderunt,2,1
intendes,2,1
intendi,2,1
intendisset,2,1
intendit,2,1
intendite,3,1
intendunt,2,1
intenta,2,1
intentae,2,1
intente,2,1
intenti,2,1
intentionum,2,1
interanea,3,1
intercedat,2,1
intercedente,2,1
intercedet,2,1
intercessi,2,1
intercessisset,2,1
intercidentis,2,1
intercluditur,3,1
intercolumnia,3,1
interdiu,3,1
interdum,2,1
interea,3,1
intereant,3,1
intereas,3,1
intereat,3,1
interemerunt,2,1
interemptorum,2,1
interesset,2,1
interfecerant,3,1
interfecerat,3,1
interfecerit,3,1
interfecero,3,1
interfecerunt,2,1
interfeci,2,1
interfecissent,2,1
interfecisti,2,1
interfecistis,2,1
interfecit,2,1
interfecta,2,1
interfectae,2,1
interfecti,2,1
interfectio,3,1
interfectione,2,1
interfectionem,2,1
interfectionis,2,1
interfectis,2,1
interfecto,2,1
interfector,2,1
interfectorem,2,1
interfectores,2,1
interfectoris,2,1
interfectorum,2,1
interfectos,2,1
interfectum,2,1
interfectus,2,1
interfice,3,1
interficere,3,1
interficerem,3,1
interficerent,3,1
interficerentur,2,1
interficeret,3,1
interficeretur,2,1
interfici,3,1
interficiam,3,1
interficiamus,2,1
interficiant,3,1
interficiantur,2,1
interficiat,3,1
interficiatis,2,1
interficiatur,2,1
interficiebant,2,1
interficiebantur,2,1
interficiebat,2,1
interficiemus,2,1
interficiendi,2,1
interficiendos,2,1
interficiendum,2,1
interficiens,3,1
interficient,3,1
interficientem,2,1
interficientis,2,1
interficies,3,1
interficiet,3,1
interficit,3,1
interficite,3,1
interficiunt,3,1
interibit,2,1
interibunt,2,1
interierint,3,1
interierit,3,1
interierunt,2,1
interiit,3,1
interim,3,1
interimerent,3,1
interimeret,3,1
interior,3,1
interiora,2,1
interiore,2,1
interiorem,2,1
interiores,2,1
interiori,2,1
interioribus,3,1
interioris,2,1
interiorum,2,1
interire,2,1
interirent,2,1
interisset,2,1
interitu,3,1
interitum,3,1
interitus,3,1
interius,3,1
interminatis,2,1
intermisit,2,1
intermissione,2,1
intermissis,2,1
intermissum,2,1
intermittentes,2,1
internecionem,2,1
internorum,2,1
internum,2,1
interpellabant,2,1
interpellandum,2,1
interpellantes,2,1
interpellaret,2,1
interpellat,2,1
interpellationem,2,1
interpellauerint,3,1
interpellauit,2,1
interpellet,2,1
interponens,2,1
interponeret,3,1
interposuit,3,1
interpres,2,1
interpretabatur,2,1
interpretandi,2,1
interpretantes,2,1
interpretantur,2,1
interpretaretur,2,1
interpretari,2,1
interpretata,2,1
interpretatio,3,1
interpretatione,2,1
interpretationem,2,1
interpretationes,2,1
interpretationibus,3,1
interpretatum,2,1
interpretatur,2,1
interpretatus,2,1
interpretem,3,1
interpretes,3,1
interpretetur,2,1
interpretis,3,1
interroga,3,1
interrogabant,2,1
interrogabat,2,1
interrogabit,2,1
interrogabo,2,1
interrogabunt,2,1
interrogabuntur,2,1
interrogandum,2,1
interrogans,3,1
interrogant,3,1
interrogantem,2,1
interrogantes,2,1
interrogantis,2,1
interrogare,2,1
interrogarem,2,1
interrogarent,2,1
interrogaret,2,1
interrogaretur,2,1
interrogari,2,1
interrogas,3,1
interrogasset,2,1
interrogasti,2,1
interrogat,3,1
interrogate,2,1
interrogatio,3,1
interrogatione,2,1
interrogationem,2,1
interrogatis,2,1
interrogatus,2,1
interrogauerint,3,1
interrogaueris,3,1
interrogauerit,3,1
interrogauero,3,1
interrogauerunt,2,1
interrogaui,2,1
interrogauit,2,1
interrogemus,2,1
interrogent,3,1
interroges,3,1
interroget,3,1
interrogo,3,1
interrupit,2,1
interrupta,2,1
interruptio,3,1
intersum,2,1
interuallo,2,1
interuallum,2,1
interueniens,3,1
interueniente,2,1
intestina,2,1
intestinis,2,1
intextis,2,1
intextum,2,1
intexuit,3,1
intima,3,1
intinctam,2,1
intinctum,2,1
intingat,2,1
intolerabilem,3,1
intolerabilis,3,1
intoleranda,2,1
intolerantiam,3,1
intonsa,2,1
intonuit,3,1
intrabant,2,1
intrabat,2,1
intrabimus,3,1
intrabis,2,1
intrabit,2,1
intrabitis,3,1
intrabo,2,1
intrabunt,2,1
intrando,2,1
intrante,2,1
intrantem,2,1
intrantes,2,1
intrantibus,3,1
intrare,2,1
intrarent,2,1
intraret,2,1
intrasse,2,1
intrassent,2,1
intrasset,2,1
intrasti,2,1
intrastis,2,1
intrate,2,1
intrauerant,3,1
intrauerat,3,1
intraueris,3,1
intrauerit,3,1
intraueritis,2|3,2
intrauerunt,2,1
intraui,2,1
intrauimus,3,1
intrauit,2,1
intremuit,3,1
intretis,2,1
intrinsecus,3,1
introducam,2,1
introducat,2,1
introducatur,2,1
introducens,2,1
introducere,2|3,2
introducerent,3,1
introduceret,3,1
introduces,2,1
introduci,2,1
introducit,2,1
introducti,2,1
introductio,3,1
introductis,2,1
introductus,2,1
introduxerit,3,1
introduxerunt,2,1
introduxi,2,1
introduxisset,2,1
introduxistis,2,1
introduxit,2,1
introeamus,2,1
introeas,2,1
introeat,2,1
introeundi,2,1
introeunte,2,1
introeuntem,2,1
introeuntes,2,1
introeunti,2,1
introeuntibus,3,1
introeuntium,3,1
introgressi,2,1
introgressus,2,1
introi,3,1
introibant,2,1
introibat,2,1
introibis,2,1
introibit,2,1
introibo,2,1
introibunt,2,1
introiens,3,1
introieris,2|3,2
introierit,3,1
introieritis,2|3,2
introierunt,2,1
introire,2,1
introirent,2,1
introiret,2,1
introissemus,2,1
introissent,2,1
introisset,2,1
introit,3,1
introitu,3,1
introitum,3,1
introitus,3,1
introiuit,2,1
intromisit,2,1
introspexit,2,1
intueamur,2,1
intuearis,2,1
intueatur,2,1
intuebantur,2,1
intuebitur,3,1
intuebor,2,1
intuemini,3,1
intuens,3,1
intuentes,2,1
intuentibus,3,1
intuentur,2,1
intueor,3,1
intuere,2|3,2
intuerentur,2,1
intueri,2,1
intueris,2|3,2
intuetur,2,1
intuita,3,1
intuitu,3,1
intuitum,3,1
intuitus,3,1
intulerat,3,1
intulerint,3,1
intuleris,2|3,2
intulerunt,2,1
intulimus,3,1
intulisset,2,1
intulistis,2,1
intulit,3,1
intumescant,2,1
intumescat,2,1
intumescebat,2,1
intumescent,2,1
intumescentes,2,1
intumescere,2|3,2
intumescunt,2,1
intumuerunt,2,1
intumuit,3,1
inuadas,2,1
inuadat,2,1
inuaderent,3,1
inuaderes,3,1
inuaderet,3,1
inuadet,2,1
inuadit,2,1
inualescebant,2,1
inualescit,2,1
inualida,3,1
inualido,3,1
inualidus,3,1
inualuerat,3,1
inualuerit,3,1
inualuerunt,2,1
inualuit,3,1
inuaserat,3,1
inuaserit,3,1
inuaserunt,2,1
inuasisti,2,1
inuasit,2,1
inuectus,2,1
inuenerim,3,1
inuenerint,3,1
inueneris,3,1
inuenerit,3,1
inueneritis,2|3,2
inuenero,3,1
inuenerunt,2,1
inueni,2|3,2
inueniam,3,1
inueniamini,3,1
inueniamus,2,1
inueniant,3,1
inueniantur,2,1
inueniar,3,1
inueniat,3,1
inueniatis,2,1
inueniatur,2,1
inueniebant,2,1
inueniebantur,2,1
inueniebatur,2,1
inueniemus,2,1
inueniens,3,1
inuenient,3,1
inuenientes,2,1
inuenientibus,3,1
inuenientur,2,1
inuenieris,2,1
inuenies,3,1
inueniet,3,1
inuenietis,2,1
inuenietur,2,1
inuenimus,2|3,2
inuenio,3,1
inuenire,2,1
inuenirem,2,1
inuenirent,2,1
inueniret,2,1
inueniretur,2,1
inueniri,2,1
inuenisse,2,1
inuenissemus,2,1
inuenissent,2,1
inuenisset,2,1
inuenisti,2,1
inuenistis,2,1
inuenit,2|3,2
inuenitur,2,1
inueniunt,3,1
inueniuntur,2,1
inuenta,2,1
inuentae,2,1
inuenti,2,1
inuentio,3,1
inuentionem,2,1
inuentis,2,1
inuento,2,1
inuentor,2,1
inuentores,2,1
inuentum,2,1
inuentus,2,1
inuestiga,2,1
inuestigabam,2,1
inuestigabiles,3,1
inuestigabo,2,1
inuestigandum,2,1
inuestigans,2,1
inuestigare,2,1
inuestigaret,2,1
inuestigari,2,1
inuestigasti,2,1
inuestigat,2,1
inuestigatio,3,1
inuestigator,2,1
inuestigauero,3,1
inuestigauit,2,1
inuestigent,2,1
inueterati,2,1
inueterauerunt,2,1
inueteraui,2,1
inuia,3,1
inuiam,3,1
inuicem,3,1
inuictos,2,1
inuictus,2,1
inuideat,3,1
inuidebant,2,1
inuidebit,2,1
inuidentes,2,1
inuidet,3,1
inuidetis,2,1
inuidia,3,1
inuidiae,3,1
inuidiam,3,1
inuidias,3,1
inuidit,2,1
inuido,3,1
inuidus,3,1
inuiis,3,1
inuio,3,1
inuiolabili,3,1
inuiolati,2,1
inuios,3,1
inuisa,2,1
inuisere,2|3,2
inuiseret,3,1
inuisibilem,3,1
inuisibili,3,1
inuisibilia,3,1
inuisibilibus,3,1
inuisibilis,3,1
inuisit,2,1
inuisus,2,1
inuitans,2,1
inuitati,2,1
inuitatis,2,1
inuitatos,2,1
inuitatus,2,1
inuitauerat,3,1
inuitauit,2,1
inuiti,2,1
inuitus,2,1
inuium,3,1
inultum,2,1
inundans,2,1
inundantes,2,1
inundare,2,1
inundatio,3,1
inundatione,2,1
inundationem,2,1
inundatur,2,1
inundatus,2,1
inundauerunt,2,1
inundauit,2,1
inuoca,3,1
inuocabant,2,1
inuocabat,2,1
inuocabis,2,1
inuocabit,2,1
inuocabo,2,1
inuocabunt,2,1
inuocandum,2,1
inuocans,3,1
inuocant,3,1
inuocantem,2,1
inuocantibus,3,1
inuocare,2,1
inuocarem,2,1
inuocarent,2,1
inuocaret,2,1
inuocaretur,2,1
inuocasset,2,1
inuocat,3,1
inuocate,2,1
inuocatione,2,1
inuocationem,2,1
inuocatis,2,1
inuocato,2,1
inuocatum,2,1
inuocatus,2,1
inuocauerint,3,1
inuocaueris,3,1
inuocauerit,3,1
inuocauerunt,2,1
inuocaui,2,1
inuocauit,2,1
inuocemus,2,1
inuocent,3,1
inuocet,3,1
inuocetur,2,1
inuoco,3,1
inuoluam,2,1
inuoluatur,2,1
inuolucris,2,1
inuoluens,2,1
inuoluent,2,1
inuoluerunt,2,1
inuolues,2,1
inuoluet,2,1
inuoluit,2,1
inuoluta,2,1
inuolutae,2,1
inuoluti,2,1
inuolutos,2,1
inuolutum,2,1
inuolutus,2,1
inuoluunt,2,1
inurere,2|3,2
inutile,3,1
inutilem,3,1
inutiles,3,1
inutilia,3,1
inutilis,3,1
inutilitatem,2,1
inutilium,3,1
inuulnerabiles,3,1
ioachim,3,1
ioanne,2,1
ioannem,2,1
ioannes,2,1
ioanni,2,1
ioannis,2,1
iocantem,2,1
ionatha,3,1
ionathae,3,1
ionathan,3,1
ionathas,3,1
iordane,2,1
iordanem,2,1
iordanis,2,1
iosaphat,3,1
iosepho,2,1
iosephum,2,1
iosephus,2,1
ipsarum,2,1
ipsius,3,1
ipsorum,2,1
iracunda,2,1
iracundia,3,1
iracundiae,3,1
iracundiam,3,1
iracundis,2,1
iracundo,2,1
iracundum,2,1
iracundus,2,1
irascamini,3,1
irascantur,2,1
irascar,2,1
irascaris,2,1
irascatur,2,1
irascebatur,2,1
irascendum,2,1
irascens,2,1
irasceretur,2,1
irasceris,2|3,2
irascetur,2,1
irasci,2,1
irascimini,3,1
irascitur,3,1
irascor,2,1
irascuntur,2,1
irata,2,1
iratae,2,1
irati,2,1
iratus,2,1
iremus,2,1
irreligioso,2,1
irreuocabilem,3,1
irrideant,3,1
irrideas,3,1
irrideat,3,1
irridebant,2,1
irridebit,2,1
irridebunt,2,1
irridens,2,1
irridentes,2,1
irridentibus,3,1
irridet,2,1
irridetur,2,1
irrigandum,2,1
irrigans,3,1
irrigantur,2,1
irrigat,3,1
irriguae,3,1
irriguis,3,1
irriguum,3,1
irriguus,3,1
irriseris,3,1
irrisio,3,1
irrita,2|3,2
irritam,3,1
irritandum,2,1
irritans,2|3,2
irritare,2,1
irritarent,2,1
irritaret,2,1
irritas,2|3,2
irritat,2|3,2
irritata,2,1
irritatus,2,1
irritauerat,3,1
irritauit,2,1
irriti,3,1
irritum,3,1
irrogauerit,3,1
irruant,3,1
irruat,3,1
irruens,3,1
irruente,2,1
irruentes,2,1
irruerant,3,1
irruere,2|3,2
irruerent,3,1
irruerunt,2,1
irruit,3,1
irrumpere,2|3,2
irrumperent,3,1
irruperant,3,1
irruperunt,2,1
irrupit,2,1
irruunt,3,1
isaac,3,1
isaia,3,1
isaiae,3,1
isaiam,3,1
isaias,3,1
ismahel,3,1
ismahelis,2,1
israelitae,2,1
israelitas,2,1
israelitis,2,1
istarum,2,1
istius,3,1
istorum,2,1
italia,3,1
italiae,3,1
italiam,3,1
italica,3,1
itaque,3,1
itera,3,1
iterans,3,1
iterat,3,1
iteratione,2,1
iterato,2,1
iterauit,2,1
iteres,3,1
iteret,3,1
iterum,3,1
itinera,3,1
itinere,3,1
itineribus,3,1
itineris,3,1
ituraeos,2,1
ituri,2,1
iturus,2,1
iubeam,3,1
iubeamus,2,1
iubeas,3,1
iubeat,3,1
iubebit,2,1
iubebo,2,1
iubente,2,1
iubentes,2,1
iubentibus,3,1
iubere,2,1
iuberet,2,1
iubila,3,1
iubilare,2,1
iubilate,2,1
iubilo,3,1
iucunda,2,1
iucundabuntur,2,1
iucundas,2,1
iucunditas,3,1
iucunditate,2,1
iucunditatem,2,1
iucunditatis,2,1
iucundo,2,1
iucundum,2,1
iucundus,2,1
iudaea,2,1
iudaeae,2,1
iudaeam,2,1
iudaei,2,1
iudaeis,2,1
iudaeo,2,1
iudaeorum,2,1
iudaeos,2,1
iudaeum,2,1
iudaeus,2,1
iudaica,2,1
iudaicae,2,1
iudaici,2,1
iudaicis,2,1
iudaico,2,1
iudaismi,2,1
iudaismo,2,1
iudica,3,1
iudicabant,2,1
iudicabat,2,1
iudicabimini,3,1
iudicabimus,3,1
iudicabis,2,1
iudicabit,2,1
iudicabitis,3,1
iudicabitur,3,1
iudicabo,2,1
iudicabunt,2,1
iudicabuntur,2,1
iudicamus,2,1
iudicandi,2,1
iudicando,2,1
iudicandos,2,1
iudicandum,2,1
iudicans,3,1
iudicant,3,1
iudicante,2,1
iudicantes,2,1
iudicanti,2,1
iudicantibus,3,1
iudicantur,2,1
iudicare,2,1
iudicaremur,2,1
iudicarent,2,1
iudicarentur,2,1
iudicaret,2,1
iudicaretur,2,1
iudicari,2,1
iudicaris,2,1
iudicas,3,1
iudicasset,2,1
iudicasti,2,1
iudicastis,2,1
iudicat,3,1
iudicata,2,1
iudicate,2,1
iudicati,2,1
iudicatis,2,1
iudicatos,2,1
iudicatum,2,1
iudicatur,2,1
iudicaturus,2,1
iudicatus,2,1
iudicauerint,3,1
iudicauerit,3,1
iudicaueritis,2|3,2
iudicauero,3,1
iudicauerunt,2,1
iudicaui,2,1
iudicauimus,3,1
iudicauit,2,1
iudice,3,1
iudicem,3,1
iudicemini,3,1
iudicemur,2,1
iudicemus,2,1
iudicent,3,1
iudicentur,2,1
iudices,3,1
iudicet,3,1
iudicetis,2,1
iudicetur,2,1
iudici,3,1
iudicia,3,1
iudicialem,2,1
iudicialis,2,1
iudicibus,3,1
iudicii,3,1
iudiciis,3,1
iudicio,3,1
iudiciorum,2,1
iudicis,3,1
iudicium,3,1
iudico,3,1
iudicum,3,1
iuerint,3,1
iugales,2,1
iugali,2,1
iugera,3,1
iugeri,3,1
iugiter,3,1
iugulabit,2,1
iugulare,2,1
iugulate,2,1
iugulati,2,1
iugulatum,2,1
iugulauerunt,2,1
iugulauit,2,1
iuimus,3,1
iuisti,2,1
iuliam,3,1
iulio,3,1
iulius,3,1
iumenta,2,1
iumenti,2,1
iumentis,2,1
iumento,2,1
iumentorum,2,1
iumentum,2,1
iunctura,2,1
iuncturae,2,1
iuncturam,2,1
iuncturas,2,1
iuncturis,2,1
iungamus,2,1
iungantur,2,1
iungatur,2,1
iungebantur,2,1
iungebat,2,1
iungemus,2,1
iungenda,2,1
iungentes,2,1
iungentur,2,1
iungere,2|3,2
iungerentur,2,1
iungerer,3,1
iungeretur,2,1
iungimur,3,1
iungite,3,1
iunior,3,1
iuniorem,2,1
iuniores,2,1
iunioribus,3,1
iunioris,2,1
iuniperi,3,1
iuniperum,3,1
iunxerit,3,1
iunxerunt,2,1
iurabant,2,1
iurabis,2,1
iurabit,2,1
iurabitis,3,1
iurabo,2,1
iurabunt,2,1
iuramenta,2,1
iuramenti,2,1
iuramentis,2,1
iuramento,2,1
iuramentorum,2,1
iuramentum,2,1
iurandi,2,1
iurando,2,1
iurandum,2,1
iurante,2,1
iurantes,2,1
iurantis,2,1
iurare,2,1
iuraret,2,1
iurassent,2,1
iurasset,2,1
iurasti,2,1
iurate,2,1
iuratis,2,1
iuratorum,2,1
iurauerant,3,1
iurauerat,3,1
iuraueris,3,1
iurauerit,3,1
iurauerunt,2,1
iuraui,2,1
iurauimus,3,1
iurauit,2,1
iureiurando,2,1
iurgantes,2,1
iurgia,3,1
iurgio,3,1
iurgiorum,2,1
iurgium,3,1
iurisiurandi,2,1
iusiurandum,2,1
iusserat,3,1
iusseris,3,1
iusserit,3,1
iusserunt,2,1
iussimus,3,1
iussio,3,1
iussione,2,1
iussionem,2,1
iussioni,2,1
iussionibus,3,1
iussisset,2,1
iussisti,2,1
iustificabitur,3,1
iustificare,2,1
iustificari,2,1
iustificat,3,1
iustificata,2,1
iustificati,2,1
iustificatio,3,1
iustificationem,2,1
iustificationes,2,1
iustificationibus,3,1
iustificatur,2,1
iustificatus,2,1
iustificauerunt,2,1
iustificauit,2,1
iustificetur,2,1
iustior,3,1
iustiorem,2,1
iustissimi,3,1
iustissimis,3,1
iustitia,3,1
iustitiae,3,1
iustitiam,3,1
iustitias,3,1
iustitiis,3,1
iustorum,2,1
iuuari,2,1
iuuenci,2,1
iuuenculam,3,1
iuuene,3,1
iuuenem,3,1
iuuenes,3,1
iuueni,3,1
iuuenibus,3,1
iuuenile,2,1
iuuenilia,3,1
iuuenis,3,1
iuuentus,2,1
iuuentute,2,1
iuuentutem,2,1
iuuentutis,2,1
iuuenum,3,1
ixion,3,1
labaris,2|3,2
labatur,2,1
labente,2,1
labentur,2,1
labetur,2,1
labia,3,1
labiis,3,1
labio,3,1
labiorum,2,1
labitur,3,1
labium,3,1
labora,2,1
laborabant,2,1
laborabat,2,1
laborabis,2,1
laborabit,2,1
laborabunt,2,1
laboramus,2,1
laborans,2,1
laborant,2,1
laborantem,2,1
laborantes,2,1
laboranti,2,1
laborantis,2,1
laborantium,3,1
laborare,2,1
laboras,2,1
laborasti,2,1
laborat,2,1
laboratis,2,1
laboraturus,2,1
laborauerat,3,1
laborauerim,3,1
laborauerit,3,1
laborauerunt,2,1
laboraui,2,1
laborauit,2,1
labore,2,1
laborem,2,1
laborent,2,1
labores,2,1
laboret,2,1
laboribus,3,1
laboriosa,2,1
laboriosae,2,1
laboriosas,2,1
laboriose,2,1
laboris,2,1
laboro,2,1
laborum,2,1
labrusca,2,1
lacedaemonios,3,1
lacerabitur,3,1
lacerabunt,2,1
lacerandum,2,1
lacerantes,2,1
lacerare,2,1
lacerasti,2,1
lacerata,2,1
laceratione,2,1
laceratum,2,1
laceratus,2,1
lacerauerunt,2,1
lacerauit,2,1
lacero,3,1
lacerta,2,1
lacertorum,2,1
lacertos,2,1
lacessentes,2,1
lacinia,3,1
laciniae,3,1
lacinias,3,1
lacrima,3,1
lacrimabili,3,1
lacrimae,3,1
lacrimam,3,1
lacrimans,3,1
lacrimarum,2,1
lacrimas,3,1
lacrimatur,2,1
lacrimatus,2,1
lacrimis,3,1
lactantem,2,1
lactantes,2,1
lactantibus,3,1
lactauerint,3,1
lactauerunt,2,1
lactentem,2,1
lactentes,2,1
lactentis,2,1
lactucis,2,1
lacunas,2,1
lacuum,3,1
ladanum,3,1
laedere,2|3,2
laederent,3,1
laederentur,2,1
laederet,3,1
laedetur,2,1
laeseris,3,1
laeserit,3,1
laesio,3,1
laesiones,2,1
laesisti,2,1
laesura,2,1
laetabantur,2,1
laetabatur,2,1
laetaberis,3,1
laetabitur,3,1
laetabor,2,1
laetabunda,2,1
laetabuntur,2,1
laetamini,3,1
laetamur,2,1
laetandum,2,1
laetante,2,1
laetantem,2,1
laetantes,2,1
laetanti,2,1
laetantium,3,1
laetantur,2,1
laetare,2,1
laetari,2,1
laetaris,2,1
laetata,2,1
laetati,2,1
laetatum,2,1
laetatur,2,1
laetatus,2,1
laetemur,2,1
laetentur,2,1
laeteris,2,1
laetetur,2,1
laetifica,3,1
laetificat,3,1
laetificatus,2,1
laetificauit,2,1
laetitia,3,1
laetitiae,3,1
laetitiam,3,1
lagana,3,1
laganum,3,1
lagunculam,3,1
laicos,3,1
lambere,2|3,2
lamentabantur,2,1
lamentantes,2,1
lamentantur,2,1
lamentare,2,1
lamentatio,3,1
lamentatione,2,1
lamentationem,2,1
lamentationes,2,1
lamentationibus,3,1
lamentationis,2,1
lamentauimus,3,1
lamentum,2,1
lamia,3,1
lamiae,3,1
lamina,3,1
laminae,3,1
laminam,3,1
laminas,3,1
laminis,3,1
lampades,3,1
lampadibus,3,1
lampadis,3,1
lampsaco,3,1
lanarum,2,1
lancea,3,1
lanceae,3,1
lanceam,3,1
lanceas,3,1
lanceis,3,1
lanceolis,3,1
lanea,3,1
laneo,3,1
laneum,3,1
languebant,2,1
languebit,2,1
languebunt,2,1
languens,3,1
languente,2,1
languentium,3,1
languerat,3,1
languerunt,2,1
languescere,2|3,2
languescunt,2,1
languet,3,1
languidos,3,1
languidum,3,1
languidus,3,1
languor,3,1
languore,2,1
languorem,2,1
languores,2,1
languoribus,3,1
lanugo,2,1
lapicidinarum,2,1
lapicidinis,2,1
lapidabit,2,1
lapidabunt,2,1
lapidare,2,1
lapidarii,3,1
lapidas,3,1
lapidatum,2,1
lapidatus,2,1
lapidauit,2,1
lapide,3,1
lapidea,3,1
lapideae,3,1
lapideas,3,1
lapidei,3,1
lapideis,3,1
lapidem,3,1
lapideos,3,1
lapides,3,1
lapideum,3,1
lapidi,3,1
lapidibus,3,1
lapidis,3,1
lapidum,3,1
lapilli,2,1
lapillus,2,1
laquearia,3,1
laquearibus,3,1
laqueatis,2,1
laquei,3,1
laqueis,3,1
laqueo,3,1
laqueos,3,1
laqueum,3,1
laqueus,3,1
largiente,2,1
largior,3,1
largioris,2,1
largissimae,3,1
largitate,2,1
largitatem,2,1
largiter,3,1
largitur,2,1
largitus,2,1
lasciuiens,3,1
lasciuientes,2,1
lasciuientium,3,1
lasciuus,2,1
lassata,2,1
lassatae,2,1
lassati,2,1
lassitudine,3,1
lassitudinem,3,1
lateat,3,1
latebant,2,1
latendi,2,1
latentem,2,1
latenter,2,1
latentes,2,1
latentibus,3,1
latera,3,1
latere,2|3,2
laterem,2|3,2
laterent,2,1
lateres,2|3,2
lateret,2,1
lateri,2|3,2
lateribus,3,1
latericio,3,1
lateris,2|3,2
laterum,3,1
latibula,3,1
latibulis,3,1
latibulum,3,1
latine,2,1
latinis,2,1
lationes,2,1
latior,3,1
latiorem,2,1
latioris,2,1
latissima,3,1
latissimae,3,1
latissimam,3,1
latissime,3,1
latissimi,3,1
latissimum,3,1
latissimus,3,1
latitant,3,1
latitantem,2,1
latitat,3,1
latitauit,2,1
latitudine,3,1
latitudinem,3,1
latitudinis,3,1
latitudo,2,1
latius,3,1
latrabit,2,1
latrare,2,1
latrinas,2,1
latrocinantes,2,1
latrocinia,3,1
latrone,2,1
latronem,2,1
latrones,2,1
latronibus,3,1
latronis,2,1
latronum,2,1
latrunculi,3,1
latrunculos,3,1
latrunculus,3,1
latuerant,3,1
latuerunt,2,1
latuit,3,1
lauabant,2,1
lauabantur,2,1
lauabis,2,1
lauabit,2,1
lauabo,2,1
lauacri,2,1
lauacro,2,1
lauacrum,2,1
lauandos,2,1
lauandum,2,1
lauantem,2,1
lauare,2,1
lauarent,2,1
lauaret,2,1
lauaretur,2,1
lauari,2,1
lauate,2,1
lauatio,3,1
lauationem,2,1
laudabant,2,1
laudabantur,2,1
laudabat,2,1
laudabile,3,1
laudabilem,3,1
laudabilis,3,1
laudabimur,3,1
laudabimus,3,1
laudabis,2,1
laudabit,2,1
laudabitis,3,1
laudabitur,3,1
laudabo,2,1
laudabunt,2,1
laudabuntur,2,1
laudamus,2,1
laudando,2,1
laudandum,2,1
laudantem,2,1
laudantes,2,1
laudantis,2,1
laudantium,3,1
laudare,2,1
laudarent,2,1
laudaretur,2,1
laudasti,2,1
laudate,2,1
laudatio,3,1
laudatione,2,1
laudationem,2,1
laudationes,2,1
laudatur,2,1
laudauerunt,2,1
laudaui,2,1
laudauit,2,1
laudemus,2,1
lauderis,2,1
laudibus,3,1
lauerat,3,1
lauerint,3,1
laueris,2|3,2
lauerit,3,1
lauero,3,1
lauerunt,2,1
lauetur,2,1
lauisset,2,1
lauisti,2,1
laxabo,2,1
laxantes,2,1
laxate,2,1
laxati,2,1
laxatur,2,1
leaena,2,1
leaenae,2,1
leaenam,2,1
leaenis,2,1
lebetem,2,1
lebetes,2,1
lecticis,2,1
lectio,3,1
lectione,2,1
lectionem,2,1
lectioni,2,1
lectionis,2,1
lectorum,2,1
lectuli,3,1
lectulis,3,1
lectulo,3,1
lectulum,3,1
lectulus,3,1
lecturi,2|3,2
legati,2,1
legatione,2,1
legationem,2,1
legationis,2,1
legatis,2,1
legatos,2,1
legatum,2,1
legatur,2,1
legatus,2,1
legebant,2,1
legebantur,2,1
legebat,2,1
legebatur,2,1
legente,2,1
legentem,2,1
legentes,2,1
legentibus,3,1
legentium,3,1
legerat,3,1
legere,2|3,2
legerent,3,1
legerentur,2,1
legeretur,2,1
legeris,2|3,2
legerit,3,1
legerunt,2,1
legetis,2,1
legibus,3,1
legifer,3,1
legio,3,1
legione,2,1
legionem,2,1
legiones,2,1
legionibus,3,1
legionis,2,1
legislator,2,1
legislatorem,2,1
legisperiti,2,1
legissent,2,1
legisset,2,1
legisti,2,1
legistis,2,1
legite,3,1
legitima,3,1
legitimam,3,1
legitimas,3,1
legitime,3,1
legitimis,3,1
legitimum,3,1
legitis,3,1
legitur,3,1
legumina,3,1
leguntur,2,1
lenia,3,1
lenieris,2|3,2
lenietur,2,1
lenior,3,1
lenire,2,1
lenirent,2,1
lenitas,2|3,2
lenitate,2,1
lenitatis,2,1
leniter,3,1
lenticulam,3,1
leone,2,1
leonem,2,1
leones,2,1
leoni,2,1
leonibus,3,1
leonis,2,1
leonum,2,1
leporem,2,1
leprosi,2,1
leprosum,2,1
leprosus,2,1
leuabantur,2,1
leuabat,2,1
leuabatur,2,1
leuabis,2,1
leuabit,2,1
leuabitur,3,1
leuabo,2,1
leuantem,2,1
leuantes,2,1
leuare,2,1
leuaret,2,1
leuasset,2,1
leuasti,2,1
leuata,2,1
leuate,2,1
leuatis,2,1
leuato,2,1
leuauerit,3,1
leuauerunt,2,1
leuaui,2,1
leuauit,2,1
leuemus,2,1
leuia,3,1
leuiora,2,1
leuiores,2,1
leuissimo,3,1
leuissimos,3,1
leuitae,2,1
leuitarum,2,1
leuitas,2|3,2
leuitate,2,1
leuiter,3,1
leuites,2,1
leuitici,3,1
leuitis,2,1
leuius,3,1
libabant,2,1
libamen,2,1
libamenta,2,1
libamentis,2,1
libamentum,2,1
libamina,3,1
libamine,3,1
libaminum,3,1
libamus,2,1
libandum,2,1
libane,3,1
libani,3,1
libano,3,1
libantes,2,1
libanum,3,1
libanus,3,1
libare,2,1
libatione,2,1
libationem,2,1
libationes,2,1
libatis,2,1
libauit,2,1
libello,2,1
libellum,2,1
libemus,2,1
libenter,2,1
libentissime,3,1
libera,3,1
liberabat,2,1
liberaberis,3,1
liberabis,2,1
liberabit,2,1
liberabitur,3,1
liberabo,2,1
liberabunt,2,1
liberabuntur,2,1
liberae,3,1
liberali,2,1
liberalissimi,3,1
liberam,3,1
liberandum,2,1
liberans,3,1
liberant,3,1
liberantur,2,1
liberarat,2,1
liberare,2,1
liberarem,2,1
liberaremur,2,1
liberarent,2,1
liberarentur,2,1
liberaret,2,1
liberaretur,2,1
liberari,2,1
liberas,3,1
liberassem,2,1
liberasti,2,1
liberastis,2,1
liberat,3,1
liberata,2,1
liberate,2,1
liberati,2,1
liberatio,3,1
liberatione,2,1
liberationem,2,1
liberato,2,1
liberator,2,1
liberatus,2,1
liberauerat,3,1
liberauerit,3,1
liberauerunt,2,1
liberaui,2,1
liberauit,2,1
libere,2|3,2
liberem,2|3,2
liberemini,3,1
liberemur,2,1
liberemus,2,1
liberent,2|3,2
liberentur,2,1
liberer,2|3,2
liberes,2|3,2
liberet,2|3,2
liberi,2|3,2
liberis,2|3,2
libero,3,1
liberorum,2,1
liberos,3,1
libertas,2,1
libertate,2,1
libertatem,2,1
libertatis,2,1
libertinorum,2,1
libertus,2,1
liberum,3,1
libidine,3,1
libidinem,3,1
libidini,3,1
libidinis,3,1
librabat,2,1
librariis,3,1
librauit,2,1
librorum,2,1
libya,3,1
libyae,3,1
libyam,3,1
libyes,3,1
liceat,3,1
licebat,2,1
licebit,2,1
licentia,3,1
licentiam,3,1
liceret,2,1
licio,3,1
licitum,3,1
lictores,2,1
ligabis,2,1
ligabit,2,1
ligare,2,1
ligari,2,1
ligata,2,1
ligatae,2,1
ligatas,2,1
ligati,2,1
ligatis,2,1
ligatum,2,1
ligatura,2,1
ligatus,2,1
ligaueris,3,1
ligauerunt,2,1
ligauit,2,1
ligetur,2,1
lignea,3,1
ligneae,3,1
ligneam,3,1
ligneas,3,1
lignei,3,1
ligneis,3,1
ligneos,3,1
ligneum,3,1
lignorum,2,1
ligonem,2,1
ligones,2,1
ligonibus,3,1
ligurius,3,1
lilia,3,1
lilii,3,1
liliis,3,1
lilium,3,1
limati,2,1
limatus,2,1
limina,3,1
limine,3,1
liminibus,3,1
liminis,3,1
liminum,3,1
limpidae,3,1
limpido,3,1
linea,3,1
lineae,3,1
lineam,3,1
linearum,2,1
lineas,3,1
lineis,3,1
lineo,3,1
lineum,3,1
linguarum,2,1
linguosus,2,1
lintea,3,1
linteamina,3,1
linteis,3,1
linteo,3,1
linteolis,3,1
linteum,3,1
liquefaciens,3,1
liquefacta,2,1
liquefactum,2,1
liquescens,2,1
litare,2,1
litationem,2,1
litibus,3,1
litigantibus,3,1
litigare,2,1
litigatis,2,1
litiges,3,1
litigiosa,2,1
litigiosos,2,1
litigiosum,2,1
litigiosus,2,1
litora,3,1
litore,3,1
litoribus,3,1
littera,3,1
litterae,3,1
litteram,3,1
litterarum,2,1
litteras,3,1
litteraturam,2,1
litteratus,2,1
litteris,3,1
littore,3,1
littoribus,3,1
litura,2,1
liuidi,3,1
liuido,3,1
liuidus,3,1
liuore,2,1
liuorem,2,1
liuores,2,1
lixiuo,2,1
locabit,2,1
locata,2,1
locatis,2,1
locauerunt,2,1
locauit,2,1
locorum,2,1
loculo,3,1
loculos,3,1
loculum,3,1
locuples,3,1
locupletare,2,1
locupletari,2,1
locupletati,2,1
locupletatus,2,1
locuplete,2,1
locupletius,3,1
locusta,2,1
locustae,2,1
locustam,2,1
locustarum,2,1
locustas,2,1
locuta,2,1
locuti,2,1
locutor,2,1
locutum,2,1
locutura,2,1
locutus,2,1
longaeuam,2,1
longaeui,2,1
longaeuis,2,1
longaeuo,2,1
longaeuum,2,1
longaeuus,2,1
longanimis,3,1
longanimitate,2,1
longanimitatem,2,1
longanimiter,3,1
longinqua,2,1
longinquae,2,1
longinquam,2,1
longinquas,2,1
longinqui,2,1
longinquis,2,1
longinquo,2,1
longinquos,2,1
longinquum,2,1
longior,3,1
longiora,2,1
longiore,2,1
longiores,2,1
longiori,2,1
longioris,2,1
longissima,3,1
longissimam,3,1
longissimos,3,1
longissimus,3,1
longitudine,3,1
longitudinem,3,1
longitudinis,3,1
longitudo,2,1
longius,3,1
loquacitas,3,1
loquacitatem,2,1
loquamini,3,1
loquamur,2,1
loquantur,2,1
loquaris,2,1
loquatur,2,1
loquebamur,2,1
loquebantur,2,1
loquebar,2,1
loquebaris,2,1
loquebatur,2,1
loquela,2,1
loquelae,2,1
loquelam,2,1
loquemur,2,1
loquendi,2,1
loquendo,2,1
loquendum,2,1
loquente,2,1
loquentem,2,1
loquentes,2,1
loquenti,2,1
loquentibus,3,1
loquentis,2,1
loquentium,3,1
loquentur,2,1
loquere,2|3,2
loqueremur,2,1
loquerentur,2,1
loquerer,3,1
loquereris,2,1
loqueretur,2,1
loqueris,2|3,2
loquetur,2,1
loquimini,3,1
loquimur,3,1
loquitur,3,1
loquuntur,2,1
lorica,2,1
loricae,2,1
loricam,2,1
loricarum,2,1
loricas,2,1
loricatam,2,1
loricationes,2,1
loricatos,2,1
loricatus,2,1
loricis,2,1
lubrico,3,1
lubricum,3,1
luceant,3,1
luceat,3,1
lucebant,2,1
lucebit,2,1
lucebunt,2,1
lucentes,2,1
lucenti,2,1
lucentis,2,1
lucere,2,1
lucerent,2,1
luceret,2,1
lucerna,2,1
lucernae,2,1
lucernam,2,1
lucernarum,2,1
lucernas,2,1
lucernis,2,1
lucesceret,3,1
lucescit,2,1
lucetis,2,1
lucida,3,1
lucidam,3,1
lucide,3,1
lucidius,3,1
lucido,3,1
lucidum,3,1
lucidus,3,1
lucifer,3,1
luciferum,3,1
lucius,3,1
lucorum,2,1
lucratus,2,1
lucretur,2,1
luctabatur,2,1
luctaretur,2,1
luctari,2,1
luctatus,2,1
luctui,3,1
ludebant,2,1
ludebat,2,1
ludendum,2,1
ludentem,2,1
ludentes,2,1
ludentibus,3,1
ludentium,3,1
ludere,2|3,2
luderet,3,1
ludibria,3,1
ludibriis,3,1
ludibrio,3,1
ludibrium,3,1
ludii,3,1
luditis,3,1
lugeam,3,1
lugeat,3,1
lugebam,2,1
lugebant,2,1
lugebat,2,1
lugebis,2,1
lugebit,2,1
lugebitis,3,1
lugebunt,2,1
lugentes,2,1
lugenti,2,1
lugentibus,3,1
lugentium,3,1
lugere,2,1
lugeret,2,1
lugete,2,1
lugetis,2,1
lugubre,3,1
lugubri,3,1
lumbare,2,1
lumborum,2,1
luminare,2,1
luminaria,3,1
luminarium,3,1
lumine,3,1
lumini,3,1
luminibus,3,1
luminis,3,1
luminum,3,1
lupanar,2,1
lupanari,2,1
lupanaribus,3,1
luporum,2,1
lusibus,3,1
lusistis,2,1
lustrabit,2,1
lustrali,2,1
lustrantes,2,1
lustrata,2,1
lustrationis,2,1
lustrato,2,1
lustrauerant,3,1
lustraui,2,1
lustrauit,2,1
luteas,3,1
lutei,3,1
luteo,3,1
luteus,3,1
luxatum,2,1
luxerunt,2,1
luxuria,3,1
luxuriabitur,3,1
luxuriae,3,1
luxuriam,3,1
luxurias,3,1
luxuriosa,2,1
luxuriosam,2,1
luxuriose,2,1
luxuriosus,2,1
lycaoniae,3,1
lyciae,3,1
lyciam,3,1
lydia,3,1
lydiam,3,1
lydii,3,1
lysia,3,1
lysiae,3,1
lysiam,3,1
lysias,3,1
lysimachi,3,1
lysimacho,3,1
lysimachum,3,1
lysimachus,3,1
macedo,3,1
macedone,3,1
macedones,3,1
macedonia,3,1
macedoniae,3,1
macedoniam,3,1
macedonibus,3,1
macedonum,3,1
macello,2,1
maceria,3,1
maceriae,3,1
maceriam,3,1
maceriarum,2,1
machabaeorum,2,1
machinae,3,1
machinam,3,1
machinamenta,2,1
machinantur,2,1
machinarum,2,1
machinas,3,1
machinationes,2,1
machinatur,2,1
machinatus,2,1
machinis,3,1
macie,3,1
macilentum,2,1
mactabis,2,1
mactabitur,3,1
mactari,2,1
mactate,2,1
mactatis,2,1
mactatum,2,1
mactatur,2,1
mactauerunt,2,1
mactauit,2,1
mactetur,2,1
macula,3,1
maculae,3,1
maculam,3,1
maculant,3,1
maculat,3,1
maculata,2,1
maculatam,2,1
maculatum,2,1
maculatur,2,1
maculatus,2,1
maculis,3,1
maculosa,2,1
maculosas,2,1
maculosum,2,1
madidus,3,1
maereat,3,1
maerentem,2,1
maerentes,2,1
maerentia,3,1
maerentium,3,1
maerere,2,1
maerore,2,1
maerorem,2,1
maerori,2,1
maeroribus,3,1
maeroris,2,1
maestitia,3,1
maestitiam,3,1
magias,3,1
magicae,3,1
magiis,3,1
magister,2,1
magistratibus,3,1
magistratum,2,1
magistratus,2,1
magistratuum,3,1
magistri,2,1
magistris,2,1
magistro,2,1
magistrorum,2,1
magistros,2,1
magistrum,2,1
magnalia,3,1
magnanimorum,2,1
magnarum,2,1
magnifica,3,1
magnificabant,2,1
magnificabimus,3,1
magnificabis,2,1
magnificabit,2,1
magnificant,3,1
magnificare,2,1
magnificas,3,1
magnificat,3,1
magnificata,2,1
magnificatus,2,1
magnificauit,2,1
magnifice,3,1
magnificent,3,1
magnificentia,3,1
magnificentiae,3,1
magnificentiam,3,1
magnificetur,2,1
magnifici,3,1
magnifico,3,1
magnificos,3,1
magnificum,3,1
magnificus,3,1
magniloquam,3,1
magniloquos,3,1
magnitudine,3,1
magnitudinem,3,1
magnitudini,3,1
magnitudinis,3,1
magnitudo,2,1
magnopere,3,1
magnorum,2,1
magorum,2,1
maiestas,2,1
maiestate,2,1
maiestatem,2,1
maiestati,2,1
maiestatis,2,1
maiora,2,1
maiore,2,1
maiorem,2,1
maiores,2,1
maiori,2,1
maioribus,3,1
maioris,2,1
maiorum,2,1
malagma,2,1
maledicam,2|3,2
maledicas,2|3,2
maledicat,2,1
maledicendi,2,1
maledicendum,2,1
maledicent,2,1
maledicentem,2,1
maledicentes,2,1
maledicenti,2,1
maledicentibus,3,1
maledicere,2|3,2
malediceret,3,1
maledici,2|3,2
maledicimus,3,1
maledicis,2|3,2
maledicit,2,1
maledicos,3,1
maledicta,2,1
maledicti,2,1
maledictio,3,1
maledictione,2,1
maledictionem,2,1
maledictiones,2,1
maledictionibus,3,1
maledictionis,2,1
maledictis,2,1
maledicto,2,1
maledictum,2,1
maledictus,2,1
maledicum,3,1
maledicunt,2,1
maledicus,3,1
maledixeris,3,1
maledixerit,3,1
maledixisti,2,1
maledixit,2,1
malefaciant,3,1
malefactoribus,3,1
malefactorum,2,1
malefactum,2,1
maleficam,3,1
malefici,3,1
maleficia,3,1
maleficiis,3,1
maleficiorum,2,1
maleficis,3,1
maleficium,3,1
maleficos,3,1
maleficus,3,1
maligna,2,1
malignantium,3,1
maligne,2,1
maligni,2,1
malignis,2,1
malignitas,3,1
malignitate,2,1
malignitatibus,3,1
maligno,2,1
malignorum,2,1
malignum,2,1
malignus,2,1
malitia,3,1
malitiae,3,1
malitiam,3,1
malitias,3,1
malitiis,3,1
malitiose,2,1
malitiosus,2,1
malleator,2,1
mallei,3,1
malleis,3,1
malleo,3,1
malleolis,3,1
malleos,3,1
malleum,3,1
malleus,3,1
malogranatum,2,1
malorum,2,1
maluimus,3,1
maluisses,2,1
mamilla,2,1
mamillas,2,1
mammarum,2,1
manabant,2,1
manabat,2,1
manabit,2,1
manantem,2,1
mananti,2,1
manasse,2,1
manasses,2,1
mancipari,2,1
mancipia,3,1
mancipiorum,2,1
mandabit,2,1
mandabitis,3,1
mandabitur,3,1
mandabo,2,1
mandamus,2,1
mandare,2,1
mandassem,2,1
mandassent,2,1
mandasset,2,1
mandasti,2,1
mandastis,2,1
mandata,2,1
mandate,2,1
mandati,2,1
mandatis,2,1
mandato,2,1
mandatorum,2,1
mandatum,2,1
mandaueram,3,1
mandauerat,3,1
mandauerim,3,1
mandauerit,3,1
mandauero,3,1
mandauerunt,2,1
mandaui,2,1
mandauimus,3,1
mandauit,2,1
mandetis,2,1
mandragorae,3,1
mandragoras,3,1
manduca,2,1
manducabant,2,1
manducabis,2,1
manducabit,2,1
manducabo,2,1
manducabunt,2,1
manducandi,2,1
manducandum,2,1
manducans,2,1
manducant,2,1
manducantem,2,1
manducare,2,1
manducarent,2,1
manducaret,2,1
manducasse,2,1
manducat,2,1
manducauerit,3,1
manducauerunt,2,1
manducaui,2,1
manducauit,2,1
manducem,2,1
manducemus,2,1
manducent,2,1
manduces,2,1
manducet,2,1
manducetis,2,1
manducetur,2,1
maneamus,2,1
maneant,3,1
maneas,3,1
maneat,3,1
maneatis,2,1
manebam,2,1
manebant,2,1
manebat,2,1
manebimus,3,1
manebis,2,1
manebit,2,1
manebo,2,1
manebunt,2,1
manemus,2,1
manendum,2,1
manentem,2,1
manentes,2,1
manentibus,3,1
maneo,3,1
manere,2,1
manerem,2,1
manerent,2,1
maneret,2,1
manete,2,1
manetis,2,1
manibus,3,1
manicis,3,1
manifesta,2,1
manifestabitur,3,1
manifestae,2,1
manifestam,2,1
manifestantur,2,1
manifestare,2,1
manifestaretur,2,1
manifestari,2,1
manifestat,2,1
manifestata,2,1
manifestatio,3,1
manifestatione,2,1
manifestatum,2,1
manifestatur,2,1
manifestatus,2,1
manifestauit,2,1
manifeste,2,1
manifestet,2,1
manifestetur,2,1
manifesti,2,1
manifestius,3,1
manifesto,2,1
manifestos,2,1
manifestum,2,1
manifestus,2,1
manilius,3,1
manipulis,3,1
manipulorum,2,1
manipulos,3,1
manipulum,3,1
manipulus,3,1
manius,3,1
manserant,3,1
manserint,3,1
manseris,3,1
manserit,3,1
manserunt,2,1
mansimus,3,1
mansione,2,1
mansionem,2,1
mansiones,2,1
mansionibus,3,1
mansissent,2,1
mansiunculas,3,1
mansueti,2,1
mansuetis,2,1
mansuetos,2,1
mansuetudine,3,1
mansuetudinem,3,1
mansuetudinis,3,1
mansuetudo,2,1
mansuetum,2,1
mansuetus,2,1
manubias,3,1
manubiis,3,1
manubrio,3,1
manui,3,1
manuum,3,1
marcescant,2,1
marcescere,2|3,2
marcescit,2,1
marcetis,2,1
marcidus,3,1
margarita,2,1
margaritae,2,1
margaritarum,2,1
margaritas,2,1
margaritis,2,1
margaritum,2,1
margine,3,1
marginem,3,1
margines,3,1
marginibus,3,1
marginum,3,1
maria,3,1
mariae,3,1
mariam,3,1
maribus,3,1
marinam,2,1
maritali,2,1
mariti,2,1
maritima,3,1
maritimae,3,1
maritimam,3,1
maritimarum,2,1
maritimas,3,1
maritimis,3,1
maritimum,3,1
maritis,2,1
marito,2,1
maritorum,2,1
maritos,2,1
maritum,2,1
maritus,2,1
marium,3,1
marmore,3,1
marmoreae,3,1
marmoreis,3,1
martyrum,3,1
masculi,3,1
masculini,2,1
masculinis,2,1
masculino,2,1
masculinum,2,1
masculis,3,1
masculo,3,1
masculorum,2,1
masculos,3,1
masculum,3,1
masculus,3,1
materia,3,1
materiam,3,1
materias,3,1
materterae,3,1
matribus,3,1
matricem,2,1
matrimonia,3,1
matrimonio,3,1
matthaeum,2,1
matthaeus,2,1
maturae,2,1
maturauit,2,1
mature,2,1
maturescens,2,1
maturescere,2|3,2
maturitate,2,1
maturitatem,2,1
maturius,3,1
matutina,2,1
matutinae,2,1
matutinam,2,1
matutini,2,1
matutinis,2,1
matutino,2,1
matutinum,2,1
matutinus,2,1
mausoleo,3,1
maxilla,2,1
maxillae,2,1
maxillam,2,1
maxillas,2,1
maxillis,2,1
maxima,3,1
maximam,3,1
maximas,3,1
maxime,3,1
maximi,3,1
maximis,3,1
maximo,3,1
maximum,3,1
maximus,3,1
mearum,2,1
medebitur,3,1
medela,2,1
medelae,2,1
medelam,2,1
mederer,2,1
medetur,2,1
media,3,1
mediae,3,1
mediam,3,1
mediante,2,1
medias,3,1
mediator,2,1
mediatorem,2,1
mediatoris,2,1
medicamenta,2,1
medicamentis,2,1
medicamentum,2,1
medicamina,3,1
medicamine,3,1
medicaminum,3,1
medice,3,1
medici,3,1
medicina,2,1
medicinam,2,1
medicis,3,1
medico,3,1
medicorum,2,1
medicos,3,1
medicum,3,1
medicus,3,1
medietas,3,1
medietate,2,1
medietatem,2,1
medii,3,1
mediis,3,1
medio,3,1
mediocris,3,1
medios,3,1
meditabantur,2,1
meditabar,2,1
meditabitur,3,1
meditabor,2,1
meditandum,2,1
meditantes,2,1
meditare,2,1
meditarer,2,1
meditati,2,1
meditatio,3,1
meditatione,2,1
meditationes,2,1
meditationi,2,1
meditatur,2,1
meditatus,2,1
meditentur,2,1
mediterranea,3,1
medium,3,1
medius,3,1
medorum,2,1
medulla,2,1
medullam,2,1
medullarum,2,1
medullis,2,1
melior,3,1
meliora,2,1
meliore,2,1
meliorem,2,1
meliores,2,1
meliori,2,1
melioribus,3,1
melioris,2,1
melita,3,1
melius,3,1
melodiam,3,1
membrana,2,1
membranas,2,1
membratim,2,1
membrorum,2,1
memento,2,1
mementote,2,1
memineram,3,1
memineris,3,1
meminerit,3,1
memineritis,2|3,2
meminero,3,1
memini,3,1
meminisse,2,1
meminissent,2,1
meminit,3,1
memmius,3,1
memorabilis,3,1
memorabilium,3,1
memorabitur,3,1
memorans,3,1
memorare,2,1
memorarentur,2,1
memoraretur,2,1
memorari,2,1
memorati,2,1
memoratum,2,1
memoratus,2,1
memoraui,2,1
memorauimus,3,1
memorem,3,1
memorentur,2,1
memores,3,1
memoretur,2,1
memoria,3,1
memoriae,3,1
memoriale,2,1
memorialis,2,1
memorialium,3,1
memoriam,3,1
memoriter,3,1
mendacem,2,1
mendaces,2,1
mendaci,2,1
mendacia,3,1
mendacibus,3,1
mendacii,3,1
mendaciis,3,1
mendacio,3,1
mendaciorum,2,1
mendacis,2,1
mendaciter,3,1
mendacium,3,1
mendicabit,2,1
mendicans,2|3,2
mendicare,2,1
mendicatio,3,1
mendicitas,3,1
mendicitate,2,1
mendicitatem,2,1
mendico,2|3,2
mendicum,2,1
mendicus,2,1
menelai,3,1
menelao,3,1
menelaum,3,1
menelaus,3,1
mensarum,2,1
mensibus,3,1
mensium,3,1
mensorum,2,1
menstrua,3,1
menstruae,3,1
menstruali,2,1
menstrualis,2,1
menstruatae,2,1
menstrui,3,1
menstruis,3,1
menstruo,3,1
menstruum,3,1
mensura,2,1
mensurae,2,1
mensuram,2,1
mensurari,2,1
mensuras,2,1
mensuris,2,1
mentiantur,2,1
mentiar,3,1
mentiatur,2,1
mentibus,3,1
mentiens,3,1
mentientes,2,1
mentientur,2,1
mentietur,2,1
mentimur,2,1
mentior,3,1
mentiri,2,1
mentiris,2,1
mentita,2,1
mentiti,2,1
mentitum,2,1
mentitur,2,1
mentitus,2,1
mentium,3,1
mentiuntur,2,1
meorum,2,1
mercarentur,2,1
mercator,2,1
mercatores,2,1
mercatoribus,3,1
mercatorum,2,1
mercatu,2,1
mercatus,2,1
mercede,2,1
mercedem,2,1
mercedes,2,1
mercedibus,3,1
mercedis,2,1
mercenarii,3,1
mercenariis,3,1
mercenarium,3,1
mercenarius,3,1
mercennarii,3,1
mercennariis,3,1
mercennario,3,1
mercennarios,3,1
mercennarium,3,1
mercennarius,3,1
mercibus,3,1
mercium,3,1
mercurii,3,1
mercurium,3,1
merear,3,1
merebitur,3,1
merentur,2,1
mererentur,2,1
mereri,2,1
meretrice,2,1
meretricem,2,1
meretrices,2,1
meretrici,2,1
meretricibus,3,1
meretriciis,3,1
meretricio,3,1
meretricis,2,1
meretrix,3,1
meretur,2,1
mergerentur,2,1
mergeretur,2,1
meridiana,2,1
meridianae,2,1
meridianam,2,1
meridiani,2,1
meridiano,2,1
meridianum,2,1
meridianus,2,1
meridie,3,1
meridiem,3,1
meridies,3,1
meridionalis,2,1
merito,3,1
meritum,3,1
merui,3,1
meruit,3,1
mesopotamia,3,1
mesopotamiae,3,1
mesopotamiam,3,1
messiam,3,1
messionis,2,1
messium,3,1
messorem,2,1
messores,2,1
messoribus,3,1
messorum,2,1
messui,3,1
metalla,2,1
metalli,2,1
metallum,2,1
metati,2,1
metatis,2,1
metatur,2,1
metatus,2,1
metebant,2,1
metemus,2,1
metendum,2,1
metere,2|3,2
metiantur,2,1
metiar,3,1
metiaris,2,1
metientes,2,1
metientur,2,1
metieris,2,1
metietur,2,1
metire,2,1
metiretur,2,1
metiri,2,1
metite,2|3,2
metiuntur,2,1
metretae,2,1
metretas,2,1
metuamus,2,1
metuant,3,1
metuas,3,1
metuat,3,1
metuebant,2,1
metuebat,2,1
metuendus,2,1
metuens,3,1
metuentem,2,1
metuentes,2,1
metuentibus,3,1
metuere,2|3,2
metuerent,3,1
metuet,3,1
metuis,3,1
metuit,3,1
metuunt,3,1
micantes,2,1
micantis,2,1
micare,2,1
migrabit,2,1
migrabunt,2,1
migrantium,3,1
migrare,2,1
migrationes,2,1
migrauit,2,1
mileti,2,1
mileto,2,1
miletum,2,1
milia,3,1
milibus,3,1
milicho,3,1
milies,3,1
militamus,2,1
militans,3,1
militant,3,1
militarem,2,1
militari,2,1
militat,3,1
militauerunt,2,1
milite,3,1
militem,3,1
milites,3,1
militi,3,1
militia,3,1
militiae,3,1
militiam,3,1
militibus,3,1
militum,3,1
milium,3,1
millia,3,1
millibus,3,1
millies,3,1
millium,3,1
minabamur,2,1
minabantur,2,1
minabatur,2,1
minamur,2,1
minantes,2,1
minarum,2,1
minatur,2,1
minentur,2,1
minima,3,1
minimam,3,1
minime,3,1
minimis,3,1
minimo,3,1
minimum,3,1
minimus,3,1
minister,2,1
ministeria,3,1
ministerii,3,1
ministeriis,3,1
ministerio,3,1
ministeriorum,2,1
ministerium,3,1
ministra,2,1
ministrabant,2,1
ministrabat,2,1
ministrabit,2,1
ministrando,2,1
ministrans,2,1
ministrant,2,1
ministrantes,2,1
ministrantibus,3,1
ministrare,2,1
ministrarent,2,1
ministraret,2,1
ministraretur,2,1
ministrari,2,1
ministrat,2,1
ministrata,2,1
ministrate,2,1
ministratio,3,1
ministrationum,2,1
ministratis,2,1
ministrator,2,1
ministratur,2,1
ministrauerit,3,1
ministraui,2,1
ministrauit,2,1
ministrent,2,1
ministret,2,1
ministri,2,1
ministris,2,1
ministro,2,1
ministrorum,2,1
ministros,2,1
ministrum,2,1
minora,2,1
minoratur,2,1
minoratus,2,1
minore,2,1
minorem,2,1
minores,2,1
minori,2,1
minoribus,3,1
minoris,2,1
minorum,2,1
minuas,3,1
minue,3,1
minuentur,2,1
minuere,2|3,2
minuerentur,2,1
minuet,3,1
minuetur,2,1
minui,3,1
minuisti,2,1
minuitur,3,1
minuta,2,1
minutatim,2,1
minuto,2,1
minutum,2,1
minuunt,3,1
mirabantur,2,1
mirabatur,2,1
mirabile,3,1
mirabilem,3,1
mirabiles,3,1
mirabili,3,1
mirabilia,3,1
mirabilibus,3,1
mirabilis,3,1
mirabiliter,3,1
mirabilium,3,1
mirabitur,3,1
mirabuntur,2,1
miraculis,3,1
miraculo,3,1
miraculum,3,1
miramini,3,1
miranda,2,1
mirantes,2,1
mirantibus,3,1
mirantur,2,1
mirarentur,2,1
miraretur,2,1
mirari,2,1
miraris,2,1
miratae,2,1
mirati,2,1
miratus,2,1
miremini,3,1
mireris,2,1
mirifica,3,1
misceantur,2,1
misceatur,2,1
miscebant,2,1
miscebitur,3,1
miscendam,2,1
miscentur,2,1
miscere,2,1
misceri,2,1
miscete,2,1
miscuerit,3,1
miscui,3,1
miscuit,3,1
misera,3,1
miserabili,3,1
miserabiliores,2,1
miserabilis,3,1
miserae,3,1
miseram,3,1
miserans,3,1
miserant,3,1
miserante,2,1
miserantem,2,1
miserantur,2,1
miserat,3,1
miseratio,3,1
miseratione,2,1
miserationem,2,1
miserationes,2,1
miserationibus,3,1
miserationis,2,1
miserationum,2,1
miserator,2,1
miseratus,2,1
misereamini,3,1
misereamur,2,1
misereantur,2,1
miserearis,2,1
misereatur,2,1
misereberis,3,1
miserebitur,3,1
miserebor,2,1
miseremini,3,1
miserentur,2,1
misereor,3,1
miserere,2,1
misereretur,2,1
misereri,2,1
misereris,2,1
miseretur,2,1
miseri,3,1
miseria,3,1
miseriae,3,1
miseriam,3,1
miserias,3,1
misericordia,3,1
misericordiae,3,1
misericordiam,3,1
misericordiarum,2,1
misericordias,3,1
misericors,3,1
miseriis,3,1
miserim,3,1
miseris,3,1
miserit,3,1
miseritis,2|3,2
misero,3,1
miseros,3,1
miserrima,3,1
miserunt,2,1
misimus,3,1
misissem,2,1
misissent,2,1
misisset,2,1
misisti,2,1
misistis,2,1
missurus,2,1
mithridates,2,1
mithridatis,2,1
mitibus,3,1
mitigabit,2,1
mitigare,2,1
mitigas,3,1
mitigat,3,1
mitigatio,3,1
mitigationis,2,1
mitiges,3,1
mitiores,2,1
mitissimus,3,1
mitius,3,1
mitrarum,2,1
mittamus,2,1
mittantur,2,1
mittaris,2,1
mittatis,2,1
mittatur,2,1
mittebam,2,1
mittebant,2,1
mittebantur,2,1
mittebat,2,1
mittendas,2,1
mittendum,2,1
mittendus,2,1
mittentem,2,1
mittentes,2,1
mittentis,2,1
mittentur,2,1
mittere,2|3,2
mitterem,3,1
mitterent,3,1
mittereris,2,1
mitteret,3,1
mitteretur,2,1
mitteris,2|3,2
mittetis,2,1
mittetur,2,1
mittimus,3,1
mittite,3,1
mittitur,3,1
mittuntur,2,1
mixtura,2,1
mixturam,2,1
mnesthei,3,1
moabitae,2,1
moabitarum,2,1
mobilibus,3,1
mobilior,3,1
mobilis,3,1
mobilium,3,1
moderate,2,1
moderationem,2,1
moderato,2,1
moderatur,2,1
modesta,2,1
modeste,2,1
modesti,2,1
modestia,3,1
modestiae,3,1
modestiam,3,1
modestis,2,1
modestos,2,1
modestum,2,1
modestus,2,1
modica,3,1
modicae,3,1
modicam,3,1
modice,3,1
modicis,3,1
modico,3,1
modicum,3,1
modicus,3,1
modii,3,1
modiis,3,1
modio,3,1
modioli,3,1
modiorum,2,1
modios,3,1
modius,3,1
modulata,2,1
moechaberis,3,1
moechantur,2,1
moechari,2,1
moechatur,2,1
moechatus,2,1
moenia,3,1
molarem,2,1
molares,2,1
molaribus,3,1
molaris,2,1
molere,2|3,2
molesta,2,1
molestat,2,1
moleste,2,1
molesti,2,1
molestia,3,1
molestiae,3,1
molestiam,3,1
molestos,2,1
molestum,2,1
molestus,2,1
moliebantur,2,1
moliebatur,2,1
molimur,2|3,2
molirentur,2,1
moliri,2,1
molitur,2|3,2
moliuntur,2,1
mollescat,2,1
mollia,3,1
mollibus,3,1
mollierit,3,1
molliti,2,1
mollitiem,3,1
molliuit,2,1
molliunt,3,1
momenta,2,1
momentis,2,1
momento,2,1
momentorum,2,1
momentum,2,1
moneam,3,1
monebat,2,1
monentes,2,1
monentis,2,1
moneo,3,1
monere,2,1
moneret,2,1
monetae,2,1
monetam,2,1
monili,2,1
monilia,3,1
monilibus,3,1
monilium,3,1
monimento,2,1
monimentum,2,1
monita,3,1
monstrabatur,2,1
monstrabo,2,1
monstraret,2,1
monstratum,2,1
monstratur,2,1
monstrauerit,3,1
monstraui,2,1
monstrauit,2,1
monstrorum,2,1
montana,2,1
montanae,2,1
montanam,2,1
montanis,2,1
montibus,3,1
montium,3,1
montuosa,2,1
montuosis,2,1
monuit,3,1
monumenta,2,1
monumenti,2,1
monumentis,2,1
monumento,2,1
monumentum,2,1
morabantur,2,1
morabatur,2,1
morabitur,3,1
morabor,2,1
morabuntur,2,1
moramini,3,1
morante,2,1
morantes,2,1
morantur,2,1
moraremur,2,1
morarentur,2,1
morarer,2,1
moraretur,2,1
moraris,2,1
morata,2,1
morati,2,1
moratur,2,1
moratus,2,1
morbidum,3,1
mordeant,3,1
mordeat,3,1
mordebit,2,1
morderent,2,1
moremini,3,1
morere,2|3,2
moreremur,2,1
morerentur,2,1
morerer,3,1
moreretur,2,1
moreris,2|3,2
moria,3,1
moriamini,3,1
moriamur,2,1
moriantur,2,1
moriar,3,1
moriaris,2,1
moriatur,2,1
moribus,3,1
moriebantur,2,1
moriebatur,2,1
moriemini,3,1
moriemur,2,1
moriendi,2,1
moriendum,2,1
moriens,3,1
morientem,2,1
morientes,2,1
morientibus,3,1
morientis,2,1
morientium,3,1
morientur,2,1
morieris,2,1
morietur,2,1
morimur,2|3,2
morior,3,1
moritur,2|3,2
moritura,2,1
morituros,2,1
moriturum,2,1
moriturus,2,1
moriuntur,2,1
morsibus,3,1
mortale,2,1
mortalem,2,1
mortales,2,1
mortali,2,1
mortalia,3,1
mortalibus,3,1
mortalis,2,1
mortalium,3,1
mortaria,3,1
mortario,3,1
mortariola,3,1
mortariolum,3,1
mortibus,3,1
morticina,2,1
morticini,2,1
morticinum,2,1
mortiferae,3,1
mortiferis,3,1
mortifero,3,1
mortiferum,3,1
mortificare,2,1
mortificat,3,1
mortificationem,2,1
mortua,3,1
mortuae,3,1
mortuam,3,1
mortui,3,1
mortuis,3,1
mortuo,3,1
mortuorum,2,1
mortuos,3,1
mortuum,3,1
mortuus,3,1
motabilem,3,1
motionem,2,1
moueamini,3,1
moueantur,2,1
mouear,3,1
mouearis,2,1
moueat,3,1
moueatur,2,1
mouebant,2,1
mouebantur,2,1
mouebas,2,1
mouebatur,2,1
mouebit,2,1
mouebitur,3,1
mouebo,2,1
mouebunt,2,1
mouebuntur,2,1
mouemini,3,1
mouemur,2,1
mouenda,2,1
mouentes,2,1
mouentur,2,1
mouere,2,1
mouerem,2,1
mouerentur,2,1
moueret,2,1
moueretur,2,1
moueri,2,1
mouerit,3,1
mouerunt,2,1
mouete,2,1
mouetur,2,1
mouissent,2,1
mugientium,3,1
mugiet,3,1
mugitu,2,1
muliebrem,3,1
muliebri,3,1
muliebria,3,1
mulier,3,1
mulierculas,3,1
muliere,3,1
mulierem,3,1
mulieres,3,1
mulieri,3,1
mulieribus,3,1
mulieris,3,1
mulierum,3,1
multarum,2,1
multati,2,1
multato,2,1
multifariam,3,1
multiformis,2,1
multiloquio,3,1
multiplex,3,1
multiplica,3,1
multiplicabis,2,1
multiplicabit,2,1
multiplicabitur,3,1
multiplicabo,2,1
multiplicabuntur,2,1
multiplicamini,3,1
multiplicans,3,1
multiplicant,3,1
multiplicantur,2,1
multiplicare,2,1
multiplicari,2,1
multiplicasti,2,1
multiplicat,3,1
multiplicata,2,1
multiplicatae,2,1
multiplicatam,2,1
multiplicate,2,1
multiplicati,2,1
multiplicatione,2,1
multiplicationem,2,1
multiplicatum,2,1
multiplicatus,2,1
multiplicaueris,3,1
multiplicauit,2,1
multiplicem,3,1
multiplicentur,2,1
multiplices,3,1
multiplicet,3,1
multiplicetur,2,1
multiplici,3,1
multiplicia,3,1
multipliciter,3,1
multitudine,3,1
multitudinem,3,1
multitudines,3,1
multitudini,3,1
multitudinis,3,1
multitudo,2,1
multorum,2,1
mundabis,2,1
mundabitur,3,1
mundantur,2,1
mundare,2,1
mundari,2,1
mundata,2,1
mundati,2,1
mundatis,2,1
mundatur,2,1
mundatus,2,1
mundauit,2,1
mundissima,3,1
mundissimae,3,1
mundissimis,3,1
mundissimo,3,1
mundissimum,3,1
munditia,3,1
munditiae,3,1
munditiam,3,1
munera,3,1
munere,3,1
muneribus,3,1
muneris,3,1
munerum,3,1
muniat,3,1
municeps,3,1
muniendam,2,1
muniendum,2,1
muniens,3,1
munierit,3,1
munierunt,2,1
munimen,2,1
munimenta,2,1
munimento,2,1
munimentum,2,1
munita,2,1
munitae,2,1
munitam,2,1
munitas,2,1
munitio,3,1
munitione,2,1
munitionem,2,1
munitiones,2,1
munitionibus,3,1
munitionis,2,1
munitionum,2,1
munitis,2,1
munitissima,3,1
munitissimam,3,1
munitissimas,3,1
munitissimis,3,1
munito,2,1
munitum,2,1
munitus,2,1
muniuit,2,1
muniunt,3,1
munuscula,3,1
munusculum,3,1
murata,2,1
muratae,2,1
muratas,2,1
murenulas,3,1
murice,3,1
murium,3,1
murmurabant,2,1
murmurant,3,1
murmurantem,2,1
murmurantes,2,1
murmurare,2,1
murmurat,3,1
murmuratione,2,1
murmurationis,2,1
murmuratores,2,1
murmurauit,2,1
murmuris,3,1
murorum,2,1
muscarum,2,1
musica,3,1
musicam,3,1
musicis,3,1
musicorum,2,1
musicos,3,1
musicum,3,1
mussitabo,2,1
mussitantes,2,1
mustela,2,1
mutabant,2,1
mutabatur,2,1
mutabis,2,1
mutabit,2,1
mutabitur,3,1
mutabo,2,1
mutabunt,2,1
mutabuntur,2,1
mutandum,2,1
mutantem,2,1
mutare,2,1
mutaret,2,1
mutari,2,1
mutasset,2,1
mutata,2,1
mutatam,2,1
mutate,2,1
mutati,2,1
mutatio,3,1
mutato,2,1
mutatos,2,1
mutatum,2,1
mutatur,2,1
mutatus,2,1
mutauerit,3,1
mutauerunt,2,1
mutauit,2,1
mutentur,2,1
mutetur,2,1
mutilo,3,1
mutilum,3,1
mutire,2,1
mutorum,2,1
mutua,3,1
mutuabitur,3,1
mutuae,3,1
mutuam,3,1
mutuari,2,1
mutuatur,2,1
mutuatus,2,1
mutuis,3,1
mutuo,3,1
mutuos,3,1
mutuum,3,1
myricae,2,1
myrice,2,1
myrteta,2,1
mysiam,3,1
mysteria,3,1
mysterii,3,1
mysterio,3,1
mysteriorum,2,1
mysterium,3,1
mystici,3,1
nabathaeos,2,1
nabuchodonosor,3,1
narcissi,2,1
naribus,3,1
narium,3,1
narrabant,2,1
narrabat,2,1
narrabimus,3,1
narrabis,2,1
narrabit,2,1
narrabitur,3,1
narrabo,2,1
narrabunt,2,1
narrandi,2,1
narrantes,2,1
narrantibus,3,1
narrare,2,1
narrarent,2,1
narraret,2,1
narrasset,2,1
narrata,2,1
narratam,2,1
narrate,2,1
narratio,3,1
narrationem,2,1
narrationes,2,1
narrationis,2,1
narratum,2,1
narrauerunt,2,1
narraui,2,1
narrauimus,3,1
narrauit,2,1
narremus,2,1
narrentur,2,1
narretur,2,1
nascantur,2,1
nascatur,2,1
nascebantur,2,1
nascendi,2,1
nascentia,3,1
nascentur,2,1
nascerentur,2,1
nasceretur,2,1
nascetur,2,1
nascitur,3,1
nascuntur,2,1
natales,2,1
natali,2,1
natalicius,3,1
natalis,2,1
natandum,2,1
natantia,3,1
natare,2,1
natibus,3,1
natio,3,1
natione,2,1
nationem,2,1
nationes,2,1
nationi,2,1
nationibus,3,1
nationis,2,1
nationum,2,1
natiuitate,2,1
natiuitatem,2,1
natiuitates,2,1
natiuitatis,2,1
natorum,2,1
natura,2,1
naturae,2,1
naturalem,2,1
naturali,2,1
naturalibus,3,1
naturalis,2,1
naturaliter,3,1
naturam,2,1
naturas,2,1
naufragium,3,1
nauibus,3,1
nauicula,3,1
nauiculam,3,1
nauiculas,3,1
nauigabamus,2,1
nauigabat,2,1
nauigandum,2,1
nauigant,3,1
nauigantem,2,1
nauigantes,2,1
nauigantibus,3,1
nauigare,2,1
nauigaremus,2,1
nauigarent,2,1
nauigaret,2,1
nauigassent,2,1
nauigat,3,1
nauigatio,3,1
nauigatione,2,1
nauigauerunt,2,1
nauigauimus,3,1
nauigauit,2,1
nauigia,3,1
nauigii,3,1
nauigio,3,1
nauium,3,1
nauseam,3,1
nauseat,3,1
nauticos,3,1
nazareni,2,1
nazarenum,2,1
nazarenus,2,1
neapolim,3,1
nebimus,3,1
nebula,3,1
nebulae,3,1
nebulam,3,1
nebulas,3,1
nebulosa,2,1
necabitur,3,1
necarentur,2,1
necares,2,1
necari,2,1
necatores,2,1
necauerunt,2,1
necauit,2,1
necessaria,3,1
necessariae,3,1
necessarias,3,1
necessarii,3,1
necessariis,3,1
necessario,3,1
necessarios,3,1
necessarium,3,1
necessarius,3,1
necesse,2,1
necessitas,3,1
necessitate,2,1
necessitatem,2,1
necessitates,2,1
necessitati,2,1
necessitatibus,3,1
necessitatis,2,1
necessitatum,2,1
necessitudine,3,1
necetur,2,1
necterentur,2,1
necteretur,2,1
nefandorum,2,1
nefandos,2,1
nefaria,3,1
nefariam,3,1
nefarias,3,1
nefarie,3,1
nefarii,3,1
nefario,3,1
nefarium,3,1
negabant,2,1
negabat,2,1
negabimus,3,1
negabis,2,1
negabit,2,1
negabitur,3,1
negabo,2,1
negabunt,2,1
negandum,2,1
negantes,2,1
negantibus,3,1
negare,2,1
negassem,2,1
negasti,2,1
negastis,2,1
negatio,3,1
negatione,2,1
negaturus,2,1
negauerit,3,1
negauerunt,2,1
negaui,2,1
negauit,2,1
neglecta,2,1
neglectis,2,1
neglegas,3,1
neglegens,3,1
neglegenter,2,1
neglegentia,3,1
neglegere,2|3,2
neglegerentur,2,1
neglegetis,2,1
neglegimus,3,1
neglegit,3,1
neglexerit,3,1
neglexerunt,2,1
neglexi,2,1
neglexistis,2,1
neglexit,2,1
negligas,3,1
negligens,3,1
negligenter,2,1
negligentia,3,1
negligentiam,3,1
negligentius,3,1
negligere,2|3,2
negligimus,3,1
negligit,3,1
negotia,3,1
negotiabuntur,2,1
negotians,3,1
negotiantes,2,1
negotiati,2,1
negotiatio,3,1
negotiatione,2,1
negotiationem,2,1
negotiationes,2,1
negotiationi,2,1
negotiationibus,3,1
negotiationis,2,1
negotiator,2,1
negotiatore,2,1
negotiatores,2,1
negotiatori,2,1
negotiatoribus,3,1
negotiatorum,2,1
negotiatrix,2,1
negotiatus,2,1
negotientur,2,1
negotii,3,1
negotiis,3,1
negotio,3,1
negotiorum,2,1
negotium,3,1
nemine,3,1
neminem,3,1
nemini,3,1
nemore,3,1
nemoribus,3,1
nemoris,3,1
nemorosa,2,1
nemorosae,2,1
nemorosi,2,1
nemorosum,2,1
nemorosus,2,1
nemorum,3,1
neomeniae,3,1
nepotem,2,1
nepotes,2,1
nepotibus,3,1
nepotum,2,1
nequando,2,1
nequaquam,2,1
nequeant,3,1
nequeas,3,1
nequeat,3,1
nequeo,3,1
nequeunt,3,1
nequibant,2,1
nequiorem,2,1
nequiores,2,1
nequissima,3,1
nequissimi,3,1
nequissimis,3,1
nequissimo,3,1
nequissimum,3,1
nequiter,3,1
nequitia,3,1
nequitiae,3,1
nequitiam,3,1
nequitias,3,1
nequitiis,3,1
nequiuerunt,2,1
nequius,3,1
nesciamus,2,1
nesciant,3,1
nescias,3,1
nesciat,3,1
nesciebam,2,1
nesciebamus,2,1
nesciebant,2,1
nesciebas,2,1
nesciebat,2,1
nesciens,3,1
nescientes,2,1
nescienti,2,1
nescientibus,3,1
nescieris,2|3,2
nescierunt,2,1
nescies,3,1
nescimus,2,1
nescio,3,1
nescire,2,1
nescirem,2,1
nescisti,2,1
nescitis,2,1
nesciui,2,1
nesciuit,2,1
nesciunt,3,1
nescius,3,1
neuerant,3,1
nicanor,2,1
nicanore,3,1
nicanorem,3,1
nicanori,3,1
nicanoris,3,1
nicolaum,3,1
nicopolim,3,1
nidificans,3,1
nidificat,3,1
nidulo,3,1
nigrescentes,2,1
nigrescere,2|3,2
nigriores,2,1
nihili,3,1
nihilo,3,1
nihilominus,3,1
nihilum,3,1
nimia,3,1
nimiae,3,1
nimiam,3,1
nimietate,2,1
nimiis,3,1
nimio,3,1
nimirum,2,1
nimium,3,1
nimius,3,1
niniue,3,1
niniuen,3,1
niniuitae,2,1
niniuitis,2,1
nitebantur,2,1
nitebar,2,1
nitebatur,2,1
nitentes,2,1
nitentibus,3,1
niterentur,2,1
niteretur,2,1
niteris,2|3,2
nitidiores,2,1
nitidius,3,1
nitimini,3,1
nititur,3,1
nituntur,2,1
niuium,3,1
nobilem,3,1
nobiles,3,1
nobilia,3,1
nobilior,3,1
nobiliores,2,1
nobilioribus,3,1
nobilis,3,1
nobilissimam,3,1
nobilissimi,3,1
nobilissimis,3,1
nobilissimo,3,1
nobilitate,2,1
nobilitatis,2,1
nobiliter,3,1
nobiscum,2,1
noceas,3,1
noceat,3,1
nocebit,2,1
nocebo,2,1
nocebunt,2,1
nocentes,2,1
nocenti,2,1
nocere,2,1
noceret,2,1
noceri,2,1
nociua,2,1
noctibus,3,1
noctium,3,1
noctua,3,1
noctuae,3,1
noctuam,3,1
nocturna,2,1
nocturnae,2,1
nocturno,2,1
nocturnos,2,1
nocuerunt,2,1
nocui,3,1
nocuit,3,1
nolebant,2,1
nolebat,2,1
nolentes,2,1
nolentis,2,1
nolite,2,1
noluerant,3,1
noluerint,3,1
nolueris,3,1
noluerit,3,1
nolueritis,2|3,2
noluerunt,2,1
nolui,3,1
noluimus,3,1
noluisset,2,1
noluisti,2,1
noluistis,2,1
noluit,3,1
nolumus,3,1
nomades,3,1
nomina,3,1
nominabit,2,1
nominabitur,3,1
nominans,3,1
nominaretur,2,1
nominasset,2,1
nominat,3,1
nominata,2,1
nominati,2,1
nominatim,2,1
nominatio,3,1
nominatissimus,3,1
nominatorum,2,1
nominatos,2,1
nominatum,2,1
nominatur,2,1
nominatus,2,1
nominauit,2,1
nomine,3,1
nominetur,2,1
nomini,3,1
nominibus,3,1
nominis,3,1
nominum,3,1
nonagenaria,3,1
nonaginta,2,1
nongenti,2,1
nongentorum,2,1
nongentos,2,1
nonnulli,2,1
noscitur,3,1
nostrarum,2,1
nostrorum,2,1
notarent,2,1
notate,2,1
notitia,3,1
notitiae,3,1
notitiam,3,1
nouacula,3,1
nouale,2,1
noualibus,3,1
nouarum,2,1
nouate,2,1
nouellae,2,1
nouellis,2,1
nouellum,2,1
noueram,3,1
nouerant,3,1
noueras,3,1
nouerat,3,1
nouerca,2,1
nouerim,3,1
nouerint,3,1
noueris,2|3,2
nouerit,3,1
noueritis,2|3,2
nouerunt,2,1
nouimus,3,1
nouisset,2,1
nouissima,3,1
nouissimae,3,1
nouissimam,3,1
nouissimas,3,1
nouissime,3,1
nouissimi,3,1
nouissimis,3,1
nouissimo,3,1
nouissimorum,2,1
nouissimos,3,1
nouissimum,3,1
nouissimus,3,1
nouisti,2,1
nouitate,2,1
nouitates,2,1
nouorum,2,1
noxia,3,1
noxiae,3,1
noxiorum,2,1
noxios,3,1
noxius,3,1
nubecula,3,1
nubentes,2,1
nubentur,2,1
nubere,2|3,2
nubibus,3,1
nubila,3,1
nubilis,3,1
nubilo,3,1
nubium,3,1
nudabatur,2,1
nudaberis,3,1
nudabit,2,1
nudabitur,3,1
nudabunt,2,1
nudare,2,1
nudassent,2,1
nudasset,2,1
nudata,2,1
nudate,2,1
nudati,2,1
nudatus,2,1
nudaueris,3,1
nudaui,2,1
nudauit,2,1
nudetur,2,1
nuditas,3,1
nuditate,2,1
nuditatem,2,1
nuditatis,2,1
nudius,3,1
nullius,3,1
numera,3,1
numerabant,2,1
numerabantur,2,1
numerabis,2,1
numerabit,2,1
numerabitis,3,1
numerabitur,3,1
numerabo,2,1
numerabuntur,2,1
numerare,2,1
numerarent,2,1
numeraret,2,1
numeraretur,2,1
numerari,2,1
numerasti,2,1
numerat,3,1
numeratae,2,1
numerate,2,1
numerati,2,1
numeratus,2,1
numeraueris,3,1
numeraui,2,1
numerauit,2,1
numeretur,2,1
numeri,3,1
numero,3,1
numerorum,2,1
numeros,3,1
numerosi,2,1
numerum,3,1
numerus,3,1
nummulariis,3,1
nummulariorum,2,1
nummularios,3,1
nundinas,3,1
nundinis,3,1
nuntia,3,1
nuntiabant,2,1
nuntiabat,2,1
nuntiabis,2,1
nuntiabit,2,1
nuntiabo,2,1
nuntiabunt,2,1
nuntiamus,2,1
nuntians,3,1
nuntiantem,2,1
nuntiantes,2,1
nuntianti,2,1
nuntiare,2,1
nuntiarem,2,1
nuntiaret,2,1
nuntiaretur,2,1
nuntiari,2,1
nuntias,3,1
nuntiasset,2,1
nuntiata,2,1
nuntiate,2,1
nuntiatum,2,1
nuntiatur,2,1
nuntiauerat,3,1
nuntiauerunt,2,1
nuntiauit,2,1
nuntiem,3,1
nuntient,3,1
nuntiet,3,1
nuntietis,2,1
nuntii,3,1
nuntiis,3,1
nuntio,3,1
nuntiorum,2,1
nuntios,3,1
nuntium,3,1
nuntius,3,1
nupserit,3,1
nupserunt,2,1
nuptiae,3,1
nuptialem,2,1
nuptiali,2,1
nuptiarum,2,1
nuptias,3,1
nuptiis,3,1
nurui,3,1
nutabunt,2,1
nutantes,2,1
nutaret,2,1
nutibus,3,1
nutriat,3,1
nutrice,2,1
nutricem,2,1
nutrices,2,1
nutrici,2,1
nutricis,2,1
nutricius,3,1
nutriebat,2,1
nutrientibus,3,1
nutrierat,3,1
nutrierunt,2,1
nutriet,3,1
nutrimenta,2,1
nutrire,2,1
nutriret,2,1
nutrita,2,1
nutriti,2,1
nutritus,2,1
nutriui,2,1
nutriuit,2,1
nutriunt,3,1
obaudiunt,3,1
obcaecat,2,1
obcaecatum,2,1
obdormierant,3,1
obdormisset,2,1
obdormiui,2,1
obdormiuit,2,1
obducam,2,1
obducitur,3,1
obducta,2,1
obductum,2,1
obdurare,2,1
obduretur,2,1
obduxero,3,1
obediant,3,1
obediat,3,1
obediendum,2,1
obediens,3,1
obedient,3,1
obedientem,2,1
obedientes,2,1
obedientia,3,1
obedientiae,3,1
obedientiam,3,1
obedire,2,1
obedirent,2,1
obedit,2,1
obedite,2,1
obediunt,3,1
obesis,2,1
obiciens,3,1
obicientes,2,1
obicit,3,1
obiectione,2,1
obiectionem,2,1
obierit,3,1
obierunt,2,1
obiiciens,3,1
obiicientes,2,1
obiicit,3,1
obiisset,2,1
obiit,3,1
obisset,2,1
obitu,3,1
obitum,3,1
obitus,3,1
obiurgans,2,1
obiurgatio,3,1
obiurgaui,2,1
oblata,2,1
oblatae,2,1
oblati,2,1
oblatio,3,1
oblatione,2,1
oblationem,2,1
oblationes,2,1
oblationibus,3,1
oblationis,2,1
oblationum,2,1
oblatis,2,1
oblatos,2,1
oblatum,2,1
oblatus,2,1
oblecta,2,1
oblectamentum,2,1
oblectantur,2,1
oblectaret,2,1
oblectat,2,1
oblectatio,3,1
oblectatione,2,1
oblectationem,2,1
oblectationibus,3,1
oblectatur,2,1
oblecteris,2,1
obligans,3,1
obligat,3,1
obligata,2,1
obligati,2,1
obligatione,2,1
obligationes,2,1
obligauerit,3,1
obligauit,2,1
obliquae,2,1
obliquas,2,1
obliquitas,3,1
oblita,2|3,2
obliti,2|3,2
oblitus,2|3,2
obliuio,3,1
obliuione,2,1
obliuionem,2,1
obliuioni,2,1
obliuionis,2,1
obliuiosus,2,1
obliuiscamini,3,1
obliuiscantur,2,1
obliuiscar,2,1
obliuiscaris,2,1
obliuiscatur,2,1
obliuiscebatur,2,1
obliuiscere,2|3,2
obliuiscerentur,2,1
obliuisceris,2|3,2
obliuiscetur,2,1
obliuisci,2,1
obliuiscitur,3,1
obliuiscuntur,2,1
obmutesce,2,1
obmutescere,2|3,2
obmutescet,2,1
obmutui,3,1
obmutuit,3,1
obnixe,2,1
obnoxia,3,1
obnoxii,3,1
obnoxium,3,1
obnoxius,3,1
oboediant,3,1
oboediebat,2,1
oboediendo,2,1
oboediendum,2,1
oboediens,3,1
oboedientes,2,1
oboedientia,3,1
oboedientiae,3,1
oboedientiam,3,1
oboedientibus,3,1
oboedierunt,2,1
oboediet,3,1
oboedio,3,1
oboedire,2,1
oboedirent,2,1
oboediret,2,1
oboedit,2,1
oboediunt,3,1
obolos,3,1
oborta,2,1
obriguit,3,1
obruat,3,1
obruent,3,1
obruentur,2,1
obruerunt,2,1
obruet,3,1
obruetur,2,1
obrutus,3,1
obscura,2,1
obscurabuntur,2,1
obscurans,2,1
obscuraretur,2,1
obscurat,2,1
obscurata,2,1
obscuratae,2,1
obscurati,2,1
obscuratum,2,1
obscuratus,2,1
obscurauit,2,1
obscurent,2,1
obscurentur,2,1
obscuretur,2,1
obscurior,3,1
obscuris,2,1
obscuritas,3,1
obscuro,2,1
obscurus,2,1
obsecra,3,1
obsecramus,2,1
obsecrans,3,1
obsecrantem,2,1
obsecrantes,2,1
obsecraret,2,1
obsecrat,3,1
obsecratio,3,1
obsecratione,2,1
obsecrationem,2,1
obsecrationes,2,1
obsecrationibus,3,1
obsecrationis,2,1
obsecrauerint,3,1
obsecrauit,2,1
obsecret,3,1
obsecro,3,1
obsecuti,2,1
obsederat,3,1
obsederint,3,1
obsederis,3,1
obsederunt,2,1
obsedit,2,1
obsequentes,2,1
obsequi,3,1
obsequii,3,1
obsequiis,3,1
obsequio,3,1
obsequium,3,1
obserua,2,1
obseruabant,2,1
obseruabantur,2,1
obseruabat,2,1
obseruabis,2,1
obseruabit,2,1
obseruabo,2,1
obseruabunt,2,1
obseruabuntur,2,1
obseruanda,2,1
obseruant,2,1
obseruantem,2,1
obseruantes,2,1
obseruantiam,3,1
obseruare,2,1
obseruarent,2,1
obseruarentur,2,1
obseruares,2,1
obseruaret,2,1
obseruas,2,1
obseruasti,2,1
obseruat,2,1
obseruate,2,1
obseruatio,3,1
obseruatione,2,1
obseruationem,2,1
obseruationes,2,1
obseruationibus,3,1
obseruationum,2,1
obseruatis,2,1
obseruauerint,3,1
obseruaueris,3,1
obseruauerit,3,1
obseruauerunt,2,1
obseruaui,2,1
obseruauimus,3,1
obseruauit,2,1
obseruemus,2,1
obseruent,2,1
obseruentur,2,1
obserues,2,1
obseruet,2,1
obseruetis,2,1
obseruo,2,1
obsessa,2,1
obsessae,2,1
obsessi,2,1
obsesso,2,1
obsessus,2,1
obside,2|3,2
obsideas,3,1
obsideat,3,1
obsidebant,2,1
obsidebantur,2,1
obsidebat,2,1
obsidebimus,3,1
obsidebunt,2,1
obsidens,2|3,2
obsident,2|3,2
obsidentibus,3,1
obsidere,2|3,2
obsiderent,2|3,2
obsideret,2|3,2
obsides,2|3,2
obsidet,2|3,2
obsidio,3,1
obsidione,2,1
obsidionem,2,1
obsidionis,2,1
obsidum,3,1
obsigna,2,1
obsignatae,2,1
obsignatam,2,1
obsignauit,2,1
obsistente,2,1
obsoniis,3,1
obstetrices,2,1
obstetricibus,3,1
obstetrix,3,1
obstinato,2,1
obstiterunt,2,1
obstrinxerat,3,1
obstruatur,2,1
obstructum,2,1
obstruere,2|3,2
obstruxerunt,2,1
obstruxit,2,1
obstupefacti,2,1
obstupefactus,2,1
obstupescent,2,1
obstupescere,2|3,2
obstupescunt,2,1
obstupuerunt,2,1
obstupuit,3,1
obtectum,2,1
obtemperant,3,1
obtemperantibus,3,1
obtemperat,3,1
obtempero,3,1
obtendere,2|3,2
obtentu,2,1
obtestatus,2,1
obtexit,2,1
obtigit,3,1
obtineant,3,1
obtinebas,2,1
obtinebat,2,1
obtinebis,2,1
obtinebit,2,1
obtinebunt,2,1
obtinendam,2,1
obtinere,2,1
obtinerent,2,1
obtineret,2,1
obtinet,3,1
obtingere,2|3,2
obtinuerant,3,1
obtinuerat,3,1
obtinuerimus,2|3,2
obtinuerunt,2,1
obtinui,3,1
obtinuissent,2,1
obtinuisset,2,1
obtinuit,3,1
obtrectans,2,1
obtriuit,2,1
obtulerant,3,1
obtulerat,3,1
obtulere,2|3,2
obtulerint,3,1
obtuleris,2|3,2
obtulerit,3,1
obtulerunt,2,1
obtuli,3,1
obtulimus,3,1
obtulissent,2,1
obtulisset,2,1
obtulisti,2,1
obtulistis,2,1
obtulit,3,1
obturat,2,1
obturauit,2,1
obtusi,2,1
obueniet,3,1
obuiam,3,1
obuiare,2,1
obuias,3,1
obuiauerunt,2,1
obuiauit,2,1
obuium,3,1
obuius,3,1
obumbrabit,2,1
obumbrans,2,1
obumbratio,3,1
obumbrauit,2,1
obuolutae,2,1
obuolutis,2,1
obuolutum,2,1
obuolutus,2,1
occasio,3,1
occasione,2,1
occasionem,2,1
occasiones,2,1
occasu,2,1
occasum,2,1
occasus,2,1
occidam,2|3,2
occidamus,2,1
occidantur,2,1
occidar,2|3,2
occidas,2|3,2
occidat,2|3,2
occidatis,2,1
occidatur,2,1
occide,2|3,2
occidebant,2,1
occidebat,2,1
occidemus,2,1
occidendi,2,1
occidendum,2,1
occidendus,2,1
occident,2|3,2
occidentale,2,1
occidentalem,2,1
occidentali,2,1
occidentalis,2,1
occidente,2,1
occidentem,2,1
occidentes,2,1
occidentis,2,1
occidentium,3,1
occidentur,2,1
occiderant,3,1
occiderat,3,1
occidere,2|3,2
occiderem,3,1
occiderent,3,1
occiderentur,2,1
occideres,3,1
occideret,3,1
occideretis,2,1
occideretur,2,1
occideris,2|3,2
occiderit,3,1
occideritis,2|3,2
occidero,3,1
occiderunt,2,1
occides,2|3,2
occidet,2|3,2
occidetur,2,1
occidi,2|3,2
occidimus,3,1
occidis,2|3,2
occidisse,2,1
occidissem,2,1
occidissent,2,1
occidisset,2,1
occidisti,2,1
occidistis,2,1
occidit,2|3,2
occidite,3,1
occiditis,3,1
occiditur,3,1
occidunt,2|3,2
occiduntur,2,1
occisa,2,1
occisi,2,1
occisione,2,1
occisionem,2,1
occisionis,2,1
occisis,2,1
occisor,2,1
occisorum,2,1
occisos,2,1
occisum,2,1
occisurum,2,1
occisus,2,1
occlusum,2,1
occubuerit,3,1
occubuisse,2,1
occubuissemus,2,1
occubuisset,2,1
occubuit,3,1
occulta,2,1
occultabat,2,1
occultabit,2,1
occultantem,2,1
occultare,2,1
occultas,2,1
occultasset,2,1
occultat,2,1
occultata,2,1
occultatum,2,1
occultatus,2,1
occultauit,2,1
occulte,2,1
occultis,2,1
occulto,2,1
occultorum,2,1
occultos,2,1
occultum,2,1
occultus,2,1
occumbere,2|3,2
occumberet,3,1
occupabit,2,1
occupans,3,1
occupare,2,1
occuparentur,2,1
occupat,3,1
occupata,2,1
occupate,2,1
occupati,2,1
occupatio,3,1
occupationem,2,1
occupatis,2,1
occupatum,2,1
occupatus,2,1
occupauerat,3,1
occupauerunt,2,1
occupauit,2,1
occupet,3,1
occurram,2,1
occurramus,2,1
occurrant,2,1
occurrat,2,1
occurre,2,1
occurrebant,2,1
occurrent,2,1
occurrentes,2,1
occurrerant,3,1
occurrerat,3,1
occurrere,2|3,2
occurreret,3,1
occurrerint,3,1
occurrerit,3,1
occurrerunt,2,1
occurret,2,1
occurri,2,1
occurris,2,1
occurrissent,2,1
occurrisset,2,1
occurristi,2,1
occurrit,2,1
occurrite,3,1
occursantes,2,1
occursantibus,3,1
occursu,2,1
occursum,2,1
occursus,2,1
ocreas,3,1
octaua,2,1
octauam,2,1
octaui,2,1
octauo,2,1
octauum,2,1
octauus,2,1
octingenta,2,1
octingentas,2,1
octingenti,2,1
octingentis,2,1
octingentos,2,1
octogenarius,3,1
octogesimo,3,1
octoginta,2,1
oculi,3,1
oculis,3,1
oculo,3,1
oculorum,2,1
oculos,3,1
oculum,3,1
oculus,3,1
oderam,3,1
oderant,3,1
oderas,3,1
oderat,3,1
oderim,3,1
oderint,3,1
oderis,3,1
oderit,3,1
oderunt,2,1
odia,3,1
odibiles,3,1
odibilis,3,1
odii,3,1
odio,3,1
odiosa,2,1
odiosae,2,1
odiosam,2,1
odiosos,2,1
odiosum,2,1
odiosus,2,1
odisse,2,1
odisses,2,1
odisti,2,1
odistis,2,1
odiui,2,1
odiuit,2,1
odium,3,1
odoramenta,2,1
odoramentorum,2,1
odorantur,2,1
odoratus,2,1
odore,2,1
odorem,2,1
odoribus,3,1
odoris,2,1
offendant,2,1
offendas,2,1
offendat,2,1
offendebat,2,1
offendens,2,1
offendent,2,1
offenderant,3,1
offenderit,3,1
offenderunt,2,1
offendes,2,1
offendet,2,1
offendicula,3,1
offendiculo,3,1
offendiculum,3,1
offendimus,3,1
offendisse,2,1
offendistis,2,1
offendit,2,1
offenditur,3,1
offendunt,2,1
offensa,2,1
offensio,3,1
offensione,2,1
offensionem,2,1
offensiones,2,1
offensioni,2,1
offensionibus,3,1
offensionis,2,1
offensum,2,1
offensus,2,1
offeram,3,1
offeramus,2,1
offerant,3,1
offeras,3,1
offerat,3,1
offeratis,2,1
offeratur,2,1
offerebant,2,1
offerebantur,2,1
offerebat,2,1
offerebatur,2,1
offerenda,2,1
offerendis,2,1
offerendo,2,1
offerendum,2,1
offerens,3,1
offerent,3,1
offerente,2,1
offerentem,2,1
offerentes,2,1
offerenti,2,1
offerentibus,3,1
offerentium,3,1
offeres,3,1
offeret,3,1
offeretis,2,1
offeretur,2,1
offerimus,2|3,2
offero,3,1
offerre,2,1
offerrent,2,1
offerrentur,2,1
offerret,2,1
offerretur,2,1
offerri,2,1
offerte,2,1
offertur,2,1
offerunt,3,1
offeruntur,2,1
officia,3,1
officii,3,1
officiis,3,1
officio,3,1
officium,3,1
olea,3,1
oleae,3,1
oleastri,2,1
oleastro,2,1
olei,3,1
olentem,2,1
olentis,2,1
oleo,3,1
olera,3,1
oleribus,3,1
olerum,3,1
oleum,3,1
oliua,2,1
oliuae,2,1
oliuam,2,1
oliuarum,2,1
oliuas,2,1
oliueta,2,1
oliueti,2,1
oliuetis,2,1
oliueto,2,1
oliuis,2,1
olympiadem,3,1
olympii,3,1
omina,3,1
omine,3,1
omiserunt,2,1
omisit,2,1
omisso,2,1
omittat,2,1
omittens,2,1
omittere,2|3,2
omittite,3,1
omnia,3,1
omnibus,3,1
omnimoda,3,1
omnino,2,1
omnipotens,3,1
omnipotente,2,1
omnipotentem,2,1
omnipotenti,2,1
omnipotentis,2,1
omnium,3,1
onera,3,1
oneratas,2,1
onerati,2,1
oneratis,2,1
onere,3,1
onerem,3,1
oneri,3,1
oneribus,3,1
oneris,3,1
onerosa,2,1
onerosi,2,1
onerosus,2,1
onustos,2,1
onustum,2,1
onustus,2,1
onychinus,3,1
opaco,2,1
opera,3,1
operabantur,2,1
operabatur,2,1
operabitur,3,1
operam,3,1
operamini,3,1
operandi,2,1
operando,2,1
operandum,2,1
operans,3,1
operantem,2,1
operantes,2,1
operanti,2,1
operantibus,3,1
operantis,2,1
operantium,3,1
operantur,2,1
operare,2,1
operarentur,2,1
operaretur,2,1
operari,2,1
operarii,3,1
operariis,3,1
operario,3,1
operariorum,2,1
operarios,3,1
operaris,2,1
operarium,3,1
operarius,3,1
operas,3,1
operata,2,1
operati,2,1
operatio,3,1
operatione,2,1
operationem,2,1
operationes,2,1
operationis,2,1
operationum,2,1
operator,2,1
operatum,2,1
operatur,2,1
operatus,2,1
operculum,3,1
opere,3,1
operemur,2,1
operetur,2,1
operi,3,1
operiant,3,1
operiantur,2,1
operias,3,1
operiat,3,1
operiatur,2,1
operibus,3,1
operiebant,2,1
operiebat,2,1
operienda,2,1
operiens,3,1
operient,3,1
operiente,2,1
operientes,2,1
operies,3,1
operiet,3,1
operimentis,2,1
operimento,2,1
operimentum,2,1
operire,2,1
operirent,2,1
operiretur,2,1
operiri,2,1
operis,3,1
operit,3,1
operite,2,1
operitur,2,1
operiunt,3,1
operor,3,1
operta,2,1
opertam,2,1
operti,2,1
opertis,2,1
operto,2,1
opertorium,3,1
opertos,2,1
opertum,2,1
opertus,2,1
operuerat,3,1
operuerit,3,1
operuerunt,2,1
operui,3,1
operuit,3,1
operum,3,1
opibus,3,1
opifices,3,1
opificibus,3,1
opificum,3,1
opilio,3,1
opinaretur,2,1
opinio,3,1
opiniones,2,1
opitulentur,2,1
oporteat,3,1
oportebat,2,1
oportere,2,1
oporteret,2,1
oportet,2,1
oportuerat,3,1
oportuerit,3,1
oportuit,3,1
oppida,3,1
oppidi,3,1
oppidis,3,1
oppido,3,1
oppidorum,2,1
oppidum,3,1
opponet,2,1
opportuna,2,1
opportunam,2,1
opportunas,2,1
opportune,2,1
opportunis,2,1
opportunitas,3,1
opportunitate,2,1
opportunitatem,2,1
opportunitatibus,3,1
opportunitatis,2,1
opportuno,2,1
opportunum,2,1
opportunus,2,1
oppositiones,2,1
oppositus,3,1
opposuerunt,2,1
opposuimus,3,1
opposuisti,2,1
opposuit,3,1
oppressa,2,1
oppressam,2,1
oppresserat,3,1
oppresserint,3,1
oppresserit,3,1
oppresserunt,2,1
oppressi,2,1
oppressione,2,1
oppressionem,2,1
oppressiones,2,1
oppressis,2,1
oppressit,2,1
oppresso,2,1
oppressores,2,1
oppressorum,2,1
oppressos,2,1
oppressum,2,1
oppressura,2,1
oppressus,2,1
opprimant,3,1
opprimantur,2,1
opprimas,3,1
opprimat,3,1
opprimebant,2,1
opprimens,3,1
oppriment,3,1
opprimere,2|3,2
opprimerent,3,1
opprimes,3,1
opprimet,3,1
opprimetur,2,1
opprimi,3,1
opprimit,3,1
opprimunt,3,1
opprimuntur,2,1
opprobria,3,1
opprobrii,3,1
opprobriis,3,1
opprobrio,3,1
opprobrium,3,1
oppugnabant,2,1
oppugnabat,2,1
oppugnabis,2,1
oppugnando,2,1
oppugnans,2,1
oppugnant,2,1
oppugnantem,2,1
oppugnantes,2,1
oppugnantis,2,1
oppugnare,2,1
oppugnarent,2,1
oppugnat,2,1
oppugnauerunt,2,1
oppugnauit,2,1
optabam,2,1
optabant,2,1
optarem,2,1
optata,2,1
optatam,2,1
optatis,2,1
optatum,2,1
optauerat,3,1
optaui,2,1
optima,3,1
optimae,3,1
optimam,3,1
optimas,3,1
optimates,2,1
optimatibus,3,1
optimatium,3,1
optimatum,2,1
optime,3,1
optimi,3,1
optimis,3,1
optimo,3,1
optimorum,2,1
optimos,3,1
optimum,3,1
optimus,3,1
optio,3,1
optionem,2,1
opulenta,2,1
opulentae,2,1
opulentam,2,1
opulentas,2,1
opulenti,2,1
opulentum,2,1
opulentus,2,1
orabam,2,1
orabant,2,1
orabat,2,1
orabis,2,1
orabit,2,1
orabo,2,1
orabunt,2,1
oracula,3,1
oraculi,3,1
oraculo,3,1
oraculum,3,1
oramus,2,1
orando,2,1
orandum,2,1
orante,2,1
orantem,2,1
orantes,2,1
oranti,2,1
orare,2,1
orarem,2,1
orarent,2,1
oraret,2,1
orassent,2,1
orasset,2,1
orate,2,1
oratio,3,1
oratione,2,1
orationem,2,1
orationes,2,1
orationi,2,1
orationibus,3,1
orationis,2,1
oratis,2,1
oratore,2,1
oratorium,3,1
oraueris,3,1
orauerit,3,1
orauerunt,2,1
oraui,2,1
orauimus,3,1
orauit,2,1
orbata,2,1
orbatus,2,1
orbauit,2,1
orbitas,2|3,2
orbitatem,2,1
orbitatis,2,1
ordina,3,1
ordinabis,2,1
ordinabuntur,2,1
ordinans,3,1
ordinant,3,1
ordinantes,2,1
ordinare,2,1
ordinassent,2,1
ordinata,2,1
ordinatae,2,1
ordinate,2,1
ordinati,2,1
ordinatione,2,1
ordinationem,2,1
ordinationi,2,1
ordinatis,2,1
ordinato,2,1
ordinatores,2,1
ordinaturus,2,1
ordinatus,2,1
ordinauerunt,2,1
ordinauit,2,1
ordine,3,1
ordinem,3,1
ordines,3,1
ordini,3,1
ordinibus,3,1
ordinis,3,1
ordinum,3,1
oremus,2,1
oretur,2,1
organa,3,1
organi,3,1
organicis,3,1
organis,3,1
organo,3,1
organum,3,1
oriantur,2,1
oriatur,2,1
orichalco,2,1
orichalcum,2,1
oriebantur,2,1
oriebatur,2,1
oriens,3,1
orientale,2,1
orientalem,2,1
orientales,2,1
orientali,2,1
orientalibus,3,1
orientalis,2,1
orientalium,3,1
oriente,2,1
orientem,2,1
orientis,2,1
orientur,2,1
orietur,2,1
originali,2,1
origine,3,1
originem,3,1
oriona,2,1
orionem,2,1
oriretur,2,1
oriri,2,1
oritur,2|3,2
oriuntur,2,1
ornabant,2,1
ornabatur,2,1
ornabit,2,1
ornamenta,2,1
ornamenti,2,1
ornamentis,2,1
ornamento,2,1
ornamentorum,2,1
ornamentum,2,1
ornanda,2,1
ornandam,2,1
ornandum,2,1
ornantes,2,1
ornare,2,1
ornaret,2,1
ornasti,2,1
ornata,2,1
ornatam,2,1
ornatibus,3,1
ornatis,2,1
ornato,2,1
ornatu,2,1
ornatum,2,1
ornatus,2,1
ornauerunt,2,1
ornaui,2,1
ornauit,2,1
orphani,3,1
orphanis,3,1
orphanorum,2,1
orthosiam,3,1
ortygometra,2,1
oscitauit,2,1
oscula,3,1
osculabantur,2,1
osculabatur,2,1
osculans,3,1
osculantes,2,1
osculantur,2,1
osculare,2,1
oscularetur,2,1
osculari,2,1
osculata,2,1
osculati,2,1
osculatur,2,1
osculatus,2,1
osculer,3,1
osculetur,2,1
osculo,3,1
osculum,3,1
ossibus,3,1
ostendam,2,1
ostendamus,2,1
ostendantur,2,1
ostendas,2,1
ostendat,2,1
ostende,2,1
ostendebat,2,1
ostendemus,2,1
ostendendam,2,1
ostendens,2,1
ostendent,2,1
ostendentes,2,1
ostenderat,3,1
ostendere,2|3,2
ostenderem,3,1
ostenderent,3,1
ostenderes,3,1
ostenderet,3,1
ostenderetur,2,1
ostenderim,3,1
ostenderis,2|3,2
ostenderit,3,1
ostenderitis,2|3,2
ostendero,3,1
ostenderunt,2,1
ostendes,2,1
ostendet,2,1
ostendi,2,1
ostendimus,3,1
ostendis,2,1
ostendisset,2,1
ostendisti,2,1
ostendistis,2,1
ostendit,2,1
ostendite,3,1
ostendo,2,1
ostendunt,2,1
ostensa,2,1
ostensio,3,1
ostensione,2,1
ostensionem,2,1
ostenso,2,1
ostensum,2,1
ostensurus,2,1
ostensus,2,1
ostenta,2,1
ostentant,2,1
ostentantem,2,1
ostentantes,2,1
ostentare,2,1
ostentationis,2,1
ostentui,3,1
ostia,3,1
ostiaria,3,1
ostiarii,3,1
ostiarius,3,1
ostii,3,1
ostiis,3,1
ostio,3,1
ostiola,3,1
ostiorum,2,1
ostium,3,1
otio,3,1
otiosa,2,1
otiosae,2,1
otiosam,2,1
otiosi,2,1
otioso,2,1
otiosos,2,1
otiosum,2,1
otium,3,1
ouibus,3,1
ouile,2,1
ouili,2,1
ouium,3,1
pabuli,3,1
pabulum,3,1
pacatae,2,1
pacatam,2,1
pacatissimum,3,1
pacatum,2,1
pacifica,3,1
pacificam,3,1
pacificans,3,1
pacificas,3,1
pacifice,3,1
pacifici,3,1
pacificis,3,1
pacifico,3,1
pacificorum,2,1
pacificum,3,1
pacificus,3,1
pactionibus,3,1
paedagogo,2,1
paedagogorum,2,1
paedagogus,2,1
paedore,2,1
paeniteat,3,1
paenitebat,2,1
paenitebit,2,1
paenitentia,3,1
paenitentiae,3,1
paenitentiam,3,1
paenitentibus,3,1
paeniteret,2,1
paeniteri,2,1
paenitet,3,1
paenitudine,3,1
paenituit,3,1
paenulam,3,1
palaestini,2,1
palaestinorum,2,1
palaestra,2,1
palaestrae,2,1
palantes,2,1
palatia,3,1
palatii,3,1
palatio,3,1
palatium,3,1
palato,2,1
palatum,2,1
palea,3,1
paleae,3,1
palearia,3,1
palearum,2,1
paleas,3,1
paleis,3,1
paliurus,2,1
pallia,3,1
pallida,3,1
pallidus,3,1
pallii,3,1
palliis,3,1
pallio,3,1
palliola,3,1
palliolum,3,1
palliorum,2,1
pallium,3,1
pallore,2,1
pallorem,2,1
palmarum,2,1
palmitem,3,1
palmites,3,1
palmitum,3,1
palmorum,2,1
palmyram,2,1
palorum,2,1
palpare,2,1
palpari,2,1
palpate,2,1
palpebrae,3,1
palpebras,3,1
palpebris,3,1
palpitans,3,1
palpitare,2,1
palpitaret,2,1
paludem,2,1
paludes,2,1
paludis,2,1
palustria,3,1
palustribus,3,1
pamphylia,3,1
pamphyliae,3,1
pamphyliam,3,1
pandetur,2,1
panibus,3,1
papilionibus,3,1
papilionis,2,1
papilionum,2,1
papularum,2,1
papulas,3,1
papyri,2,1
parabam,2,1
parabant,2,1
parabat,2,1
parabatur,2,1
parabis,2,1
parabit,2,1
parabo,2,1
parabola,3,1
parabolae,3,1
parabolam,3,1
parabolarum,2,1
parabolas,3,1
parabolis,3,1
parabunt,2,1
parabuntur,2,1
paraclitum,2,1
paraclitus,2,1
paradisi,2,1
paradiso,2,1
paradisum,2,1
paradisus,2,1
paralysi,3,1
paralytico,3,1
paralyticos,3,1
paralyticum,3,1
paralyticus,3,1
parantibus,3,1
parantur,2,1
parare,2,1
pararent,2,1
pararentur,2,1
pararet,2,1
parari,2,1
parassent,2,1
parasti,2,1
parata,2,1
paratae,2,1
paratam,2,1
parate,2,1
parati,2,1
paratis,2,1
paratos,2,1
paratum,2,1
paratur,2,1
paraturam,2,1
paraturus,2,1
paratus,2,1
parauerant,3,1
parauerat,3,1
parauerunt,2,1
paraui,2,1
parauimus,3,1
parauit,2,1
parcamus,2,1
parcatis,2,1
parcebant,2,1
parcebat,2,1
parcendo,2,1
parcendum,2,1
parcentes,2,1
parcere,2|3,2
parceres,3,1
parceret,3,1
parciores,2,1
parcite,3,1
pardorum,2,1
pareamus,2,1
pareant,3,1
parebant,2,1
parebit,2,1
parebo,2,1
parebunt,2,1
paremus,2,1
parentem,2,1
parentes,2,1
parenti,2,1
parentibus,3,1
parentis,2,1
parentum,2,1
parentur,2,1
parere,2|3,2
parerem,2|3,2
parerent,2|3,2
pareret,2|3,2
paretis,2,1
paretur,2,1
paria,3,1
pariam,3,1
pariant,3,1
pariat,3,1
paribus,3,1
pariebant,2,1
pariebas,2,1
pariendi,2,1
pariens,3,1
parientis,2,1
paries,3,1
pariet,3,1
pariete,3,1
parietem,3,1
parietes,3,1
parieti,3,1
parietibus,3,1
parietinis,3,1
parietis,2|3,2
parietum,3,1
parietur,2,1
pario,3,1
pariter,3,1
paritura,2,1
parium,3,1
pariunt,3,1
paropside,3,1
parricidis,2,1
partibus,3,1
particeps,3,1
participans,3,1
participant,3,1
participat,3,1
participatio,3,1
participauit,2,1
participem,3,1
participes,3,1
participibus,3,1
particula,3,1
particulam,3,1
particulatim,2,1
partiones,2,1
partiri,2,1
partiti,2,1
partitionem,2,1
partitiones,2,1
partito,2,1
partitus,2,1
partium,3,1
partui,3,1
parturiens,3,1
parturientem,2,1
parturientes,2,1
parturientis,2,1
parturientium,3,1
parturio,3,1
parturis,2|3,2
parturit,3,1
parturiunt,3,1
parui,3,1
paruit,3,1
parumper,2,1
paruorum,2,1
paruula,3,1
paruulam,3,1
paruulas,3,1
paruuli,3,1
paruulis,3,1
paruulo,3,1
paruulorum,2,1
paruulos,3,1
paruulum,3,1
paruulus,3,1
pascantur,2,1
pascatur,2,1
pascebant,2,1
pascebantur,2,1
pascebat,2,1
pascenda,2,1
pascendis,2,1
pascentem,2,1
pascentes,2,1
pascentium,3,1
pascentur,2,1
pascere,2|3,2
pascerent,3,1
pasceret,3,1
pasceris,2|3,2
pascetur,2,1
pascite,3,1
pascitur,3,1
pascua,3,1
pascuae,3,1
pascuis,3,1
pascuntur,2,1
passere,3,1
passerem,3,1
passeres,3,1
passeribus,3,1
passeris,3,1
passibilis,3,1
passibus,3,1
passione,2,1
passionem,2,1
passiones,2,1
passioni,2,1
passionibus,3,1
passionum,2,1
passuros,2,1
passurus,2,1
passuum,3,1
pastoralem,2,1
pastore,2,1
pastorem,2,1
pastores,2,1
pastori,2,1
pastoribus,3,1
pastoris,2,1
pastorum,2,1
patara,3,1
pataram,3,1
patebit,2,1
patebunt,2,1
patefacti,2,1
patefactum,2,1
patentes,2,1
patentium,3,1
paterae,3,1
pateram,3,1
pateras,3,1
patere,2|3,2
pateremini,3,1
paterentur,2,1
pateretur,2,1
pateris,2|3,2
paterna,2,1
paternae,2,1
paternarum,2,1
paternis,2,1
paternitas,3,1
paternos,2,1
paternum,2,1
patiamini,3,1
patiamur,2,1
patiantur,2,1
patiar,3,1
patiaris,2,1
patiatur,2,1
patibulis,3,1
patibulo,3,1
patiebantur,2,1
patiebatur,2,1
patiemini,3,1
patiemur,2,1
patiens,3,1
patientem,2,1
patienter,2,1
patientes,2,1
patienti,2,1
patientia,3,1
patientiae,3,1
patientiam,3,1
patientibus,3,1
patientur,2,1
patieris,2,1
patietur,2,1
patimini,3,1
patimur,3,1
patior,3,1
patitur,3,1
patiuntur,2,1
patrarat,2,1
patratis,2,1
patria,3,1
patriae,3,1
patriam,3,1
patriarcha,2,1
patriarchae,2,1
patriarcharum,2,1
patriarchas,2,1
patrias,3,1
patribus,3,1
patrii,3,1
patriis,3,1
patrio,3,1
patrios,3,1
patruelem,2,1
patruelis,2,1
patrui,3,1
patruorum,2,1
patruos,3,1
patruum,3,1
patruus,3,1
patuit,3,1
paucarum,2,1
pauciores,2,1
paucioribus,3,1
paucissimi,3,1
paucissimos,3,1
paucitas,3,1
paucitate,2,1
paucitatem,2,1
paucorum,2,1
pauculas,3,1
paueam,3,1
paueant,3,1
paueas,3,1
pauebit,2,1
pauentem,2,1
pauentes,2,1
pauere,2,1
pauerunt,2,1
pauidi,3,1
pauido,3,1
pauidos,3,1
pauidum,3,1
pauidus,3,1
pauimenti,2,1
pauimento,2,1
pauimentum,2,1
pauimus,2|3,2
paulatim,2,1
paulisper,2,1
paululum,3,1
pauore,2,1
pauorem,2,1
pauores,2,1
pauoris,2,1
paupercula,3,1
pauperculam,3,1
pauperculum,3,1
paupere,3,1
pauperem,3,1
pauperes,3,1
pauperi,3,1
pauperibus,3,1
pauperies,3,1
pauperis,3,1
paupertas,2,1
paupertate,2,1
paupertatem,2,1
paupertatis,2,1
pauperum,3,1
pauxillum,2,1
paxilli,2,1
paxillis,2,1
paxillo,2,1
paxillum,2,1
paxillus,2,1
peccabis,2,1
peccabit,2,1
peccabitis,3,1
peccandi,2,1
peccandum,2,1
peccante,2,1
peccantem,2,1
peccantes,2,1
peccanti,2,1
peccantibus,3,1
peccantium,3,1
peccare,2,1
peccarent,2,1
peccares,2,1
peccasse,2,1
peccassent,2,1
peccasset,2,1
peccasti,2,1
peccata,2,1
peccati,2,1
peccatis,2,1
peccato,2,1
peccator,2,1
peccatore,2,1
peccatorem,2,1
peccatores,2,1
peccatori,2,1
peccatoribus,3,1
peccatoris,2,1
peccatorum,2,1
peccatricem,2,1
peccatrici,2,1
peccatrix,2,1
peccatum,2,1
peccaturi,2,1
peccaturus,2,1
peccauerant,3,1
peccauerat,3,1
peccauerim,3,1
peccauerint,3,1
peccaueris,3,1
peccauerit,3,1
peccauerunt,2,1
peccaui,2,1
peccauimus,3,1
peccauit,2,1
peccemus,2,1
peccetis,2,1
pecora,3,1
pecore,3,1
pecoribus,3,1
pecoris,3,1
pecorum,3,1
pectora,3,1
pectoralis,2,1
pectore,3,1
pectoris,3,1
pectusculum,3,1
pecudibus,3,1
peculiarem,2,1
peculiaria,3,1
peculiaris,2,1
peculio,3,1
peculium,3,1
pecunia,3,1
pecuniae,3,1
pecuniam,3,1
pecuniarum,2,1
pecunias,3,1
pecuniis,3,1
pedalis,2,1
pedestre,2,1
pedestres,2,1
pedibus,3,1
pedica,3,1
pedicas,3,1
pediculis,3,1
pedisequae,3,1
pedisequas,3,1
pedisequos,3,1
pedites,3,1
peditibus,3,1
peditum,3,1
peierarit,2,1
peierauerit,3,1
peiora,2,1
pelagus,3,1
pellibus,3,1
pelliceas,3,1
pellicula,3,1
pellium,3,1
peluibus,3,1
pelusium,3,1
pendeat,3,1
pendebant,2,1
pendebat,2,1
pendebit,2,1
pendentem,2,1
pendentes,2,1
pendere,2|3,2
penderent,2|3,2
penduli,3,1
penetrabit,2,1
penetralibus,3,1
penetrans,3,1
penetrant,3,1
penetrantes,2,1
penetrarat,2,1
penetrare,2,1
penetrat,3,1
penetraui,2,1
penetrauit,2,1
penitus,2|3,2
pennarum,2,1
pennata,2,1
pennatae,2,1
pensitationes,2,1
pentapolim,3,1
pentecosten,2,1
pentecostes,2,1
penuria,3,1
penuriae,3,1
penuriam,3,1
pependerat,3,1
pependit,2,1
pepercerint,3,1
pepercerit,3,1
peperci,2,1
pepercisti,2,1
pepercit,2,1
pepererant,3,1
pepererat,3,1
pepererit,3,1
pepererunt,2,1
peperi,3,1
peperimus,3,1
peperisset,2,1
peperisti,2,1
peperit,3,1
pepigeram,3,1
pepigerant,3,1
pepigi,3,1
pepigisti,2,1
pepigit,3,1
peracto,2,1
peragere,2|3,2
peragit,3,1
peragrantes,2,1
peragratis,2,1
perambula,3,1
perambulabam,2,1
perambulans,3,1
perambulant,3,1
perambulante,2,1
perambulare,2,1
perambulat,3,1
perambulauit,2,1
perceperunt,2,1
percepit,2,1
perceptum,2,1
percipe,3,1
percipere,3,1
perciperent,3,1
perciperet,3,1
percipiebant,2,1
percipiendi,2,1
percipiendum,2,1
percipiet,3,1
percipietis,2,1
percipit,3,1
percipite,3,1
percipitur,3,1
percipiunt,3,1
percrebruisset,2,1
percrebruit,3,1
perculsi,2,1
percurrat,2,1
percurrens,2,1
percurrentes,2,1
percurrite,3,1
percussa,2,1
percussae,2,1
percusserant,3,1
percusserat,3,1
percusseris,3,1
percusserit,3,1
percussero,3,1
percusserunt,2,1
percussi,2,1
percussio,3,1
percussisse,2,1
percussissem,2,1
percussisses,2,1
percussisset,2,1
percussisti,2,1
percussit,2,1
percusso,2,1
percussor,2,1
percussorem,2,1
percussoribus,3,1
percussoris,2,1
percussos,2,1
percussum,2,1
percussurus,2,1
percussus,2,1
percute,3,1
percutere,3,1
percuteret,3,1
percuteretur,2,1
percuti,3,1
percutiam,3,1
percutias,3,1
percutiat,3,1
percutiatur,2,1
percutiebant,2,1
percutiebantur,2,1
percutiebat,2,1
percutiens,3,1
percutientes,2,1
percutientis,2,1
percuties,3,1
percutiet,3,1
percutimus,3,1
percutis,3,1
percutit,3,1
percutite,3,1
percutiunt,3,1
perdamus,2,1
perdendas,2,1
perdendi,2,1
perdendos,2,1
perdendum,2,1
perdere,2|3,2
perderent,3,1
perderes,3,1
perderet,3,1
perdicem,2,1
perdideram,3,1
perdiderit,3,1
perdiderunt,2,1
perdidi,3,1
perdidisti,2,1
perdidistis,2,1
perdidit,3,1
perdita,3,1
perditam,3,1
perditi,3,1
perditio,3,1
perditione,2,1
perditionem,2,1
perditioni,2,1
perditionis,2,1
perditis,3,1
perditorum,2,1
perditum,3,1
perditura,2,1
perditus,3,1
perducebant,2,1
perducent,2,1
perducere,2|3,2
perducerent,3,1
perduceret,3,1
perducet,2,1
perduci,2,1
perductus,2,1
perducunt,2,1
perduxerunt,2,1
perduxi,2,1
perduxisset,2,1
perduxit,2,1
pereamus,2,1
pereant,3,1
pereas,3,1
pereat,3,1
pereatis,2,1
peregre,3,1
peregrina,2,1
peregrinae,2,1
peregrinam,2,1
peregrinamur,2,1
peregrinandum,2,1
peregrinante,2,1
peregrinantes,2,1
peregrinantur,2,1
peregrinare,2,1
peregrinaretur,2,1
peregrinari,2,1
peregrinas,2,1
peregrinata,2,1
peregrinati,2,1
peregrinatione,2,1
peregrinationem,2,1
peregrinationes,2,1
peregrinationi,2,1
peregrinationis,2,1
peregrinatur,2,1
peregrinatus,2,1
peregrini,2,1
peregrinis,2,1
peregrino,2,1
peregrinorum,2,1
peregrinos,2,1
peregrinum,2,1
peregrinus,2,1
peremerunt,2,1
peremit,2|3,2
perendie,3,1
perennem,2,1
perennes,2,1
perennis,2,1
pereo,3,1
pereunt,3,1
pereunte,2,1
pereuntem,2,1
pereuntes,2,1
pereuntibus,3,1
pereuntium,3,1
perfecerant,3,1
perfeceris,3,1
perfeceritis,2|3,2
perfecerunt,2,1
perfecisset,2,1
perfecisti,2,1
perfecit,2,1
perfecta,2,1
perfectae,2,1
perfectam,2,1
perfectas,2,1
perfecte,2,1
perfecti,2,1
perfectio,3,1
perfectionem,2,1
perfectionis,2,1
perfectiora,2,1
perfectis,2,1
perfectissimo,3,1
perfectius,3,1
perfecto,2,1
perfectorum,2,1
perfectos,2,1
perfectum,2,1
perfecturus,2,1
perfectus,2,1
perferant,3,1
perferebatur,2,1
perferentes,2,1
perferre,2,1
perferri,2,1
perfice,3,1
perficere,3,1
perficeret,3,1
perficiam,3,1
perficias,3,1
perficiat,3,1
perficiatur,2,1
perficiebat,2,1
perficiendi,2,1
perficiendum,2,1
perficiens,3,1
perficient,3,1
perficientes,2,1
perficiet,3,1
perficio,3,1
perficit,3,1
perficite,3,1
perficitis,3,1
perficitur,3,1
perficiunt,3,1
perfidia,3,1
perfidiam,3,1
perfode,3,1
perfodi,2|3,2
perfodientes,2,1
perfodissem,2,1
perfodit,2|3,2
perforari,2,1
perforatur,2,1
perfringere,2|3,2
perfruatur,2,1
perfruere,2|3,2
perfrueris,2|3,2
perfruetur,2,1
perfuderit,3,1
perfugas,3,1
perfugis,3,1
perfundi,2,1
perfusa,2,1
perfusam,2,1
perfusus,2,1
pergami,3,1
pergamo,3,1
pergamum,3,1
pergamus,2,1
pergebam,2,1
pergebant,2,1
pergebat,2,1
pergemus,2,1
pergentem,2,1
pergentes,2,1
pergentibus,3,1
pergere,2|3,2
pergeremus,2,1
pergerent,3,1
pergeres,3,1
pergeret,3,1
pergimus,3,1
pergite,3,1
pergitis,3,1
pergrandem,2,1
perhibebat,2,1
perhibemus,2,1
perhibent,3,1
perhibente,2,1
perhibeo,3,1
perhibere,2,1
perhiberet,2,1
perhibes,3,1
perhibet,3,1
perhibetis,2,1
perhibui,3,1
perhibuit,3,1
peribant,2,1
peribat,2,1
peribimus,3,1
peribis,2,1
peribit,2,1
peribitis,3,1
peribunt,2,1
periclitabantur,2,1
periclitabatur,2,1
periclitabitur,3,1
periclitamur,2,1
periclitarentur,2,1
periclitari,2,1
periclitatur,2,1
periclitatus,2,1
pericula,3,1
periculis,3,1
periculo,3,1
periculosa,2,1
periculosae,2,1
periculum,3,1
perierant,3,1
perierat,3,1
perierint,3,1
perierit,3,1
perierunt,2,1
perii,3,1
periissem,2,1
periisses,2,1
periisset,2,1
periisti,2,1
periit,3,1
perimus,2|3,2
peripsema,2,1
perire,2,1
perirent,2,1
periret,2,1
periscelides,3,1
perisse,2,1
perissemus,2,1
perisses,2,1
perisset,2,1
peristi,2,1
periti,2,1
peritia,3,1
peritiam,3,1
peritis,2,1
peritos,2,1
peritum,2,1
perituram,2,1
perituri,2,1
perituros,2,1
peritus,2,1
periuris,2,1
periurium,3,1
periurus,2,1
perizomata,3,1
perlata,2,1
perlatum,2,1
perlaturum,2,1
perlatus,2,1
permane,3,1
permaneant,3,1
permaneas,3,1
permaneat,3,1
permanebant,2,1
permanebat,2,1
permanebit,2,1
permanebo,2,1
permanebunt,2,1
permanens,3,1
permanent,2|3,2
permanente,2,1
permanentem,2,1
permanentis,2,1
permanere,2,1
permanerent,2,1
permanes,2|3,2
permanet,2|3,2
permanetis,2,1
permanserint,3,1
permanseris,3,1
permanserit,3,1
permanserunt,2,1
permansissent,2,1
permansistis,2,1
permansit,2,1
permiserit,3,1
permiserunt,2,1
permisi,2,1
permisissent,2,1
permisisset,2,1
permisit,2,1
permissu,2,1
permissum,2,1
permittant,2,1
permittas,2,1
permittatis,2,1
permitte,2,1
permittebat,2,1
permitteret,3,1
permittes,2,1
permitti,2,1
permittis,2,1
permittite,3,1
permittitis,3,1
permittitur,3,1
permitto,2,1
permixti,2,1
permixtis,2,1
permodicus,3,1
permutationes,2,1
pernicem,2,1
perniciem,3,1
pernicies,3,1
perniciosus,2,1
pernoctabant,2,1
pernoctandum,2,1
pernoctans,2,1
pernoctant,2,1
pernoctauerunt,2,1
pernoctauit,2,1
pernoctet,2,1
perorauit,2,1
perpauca,2,1
perpaucis,2,1
perpendiculum,3,1
perperam,3,1
perpessa,2,1
perpessus,2,1
perpetrarunt,2,1
perpetrata,2,1
perpetratum,2,1
perpetrauit,2,1
perpetua,3,1
perpetuae,3,1
perpetuas,3,1
perpetuo,3,1
perpetuum,3,1
perpetuus,3,1
perplexi,2,1
perquire,2,1
perquirendas,2,1
perquirens,2,1
perquirerent,3,1
perquirit,2,1
perquirite,3,1
perrexerant,3,1
perrexerat,3,1
perrexerunt,2,1
perrexit,2,1
persarum,2,1
perscripturum,2,1
perscrutabantur,2,1
perscrutabor,2,1
perscrutantes,2,1
persea,3,1
persecuti,2,1
persecutio,3,1
persecutione,2,1
persecutionem,2,1
persecutiones,2,1
persecutionibus,3,1
persecutor,2,1
persecutores,2,1
persecutoribus,3,1
persecutus,2,1
persepolis,3,1
persequamur,2,1
persequantur,2,1
persequar,3,1
persequatur,2,1
persequebantur,2,1
persequebar,2,1
persequebatur,2,1
persequemur,2,1
persequendum,2,1
persequens,3,1
persequente,2,1
persequentem,2,1
persequentes,2,1
persequentibus,3,1
persequentis,2,1
persequentium,3,1
persequentur,2,1
persequere,2|3,2
persequerentur,2,1
persequeretur,2,1
persequeris,2|3,2
persequetur,2,1
persequi,3,1
persequimini,3,1
persequitur,3,1
persequor,3,1
persequuntur,2,1
perseuerabat,2,1
perseuerabit,2,1
perseuerabitis,3,1
perseuerans,2,1
perseuerant,2|3,2
perseuerante,2,1
perseuerantes,2,1
perseuerantia,3,1
perseuerarent,2,1
perseueraret,2,1
perseuerat,2|3,2
perseuerauerint,3,1
perseuerauerit,3,1
perseuerauerunt,2,1
perseueraui,2,1
perseuerauit,2,1
perseuerent,2,1
perseueretis,2,1
persidam,2,1
perside,2|3,2
persidis,2,1
persistens,2,1
persona,2|3,2
personabant,2,1
personabat,2,1
personabunt,2,1
personae,2|3,2
personam,2|3,2
personantes,2,1
personaret,2,1
personarum,2,1
personas,2|3,2
personis,2|3,2
personuit,3,1
perspecta,2,1
perspexerint,3,1
perspexeris,3,1
perspexerit,3,1
perspexero,3,1
perspexi,2,1
perspeximus,3,1
perspexisti,2,1
perspicies,3,1
perspicietis,2,1
perspicis,3,1
perspicuae,3,1
perspicue,3,1
perspicuum,3,1
perspicuus,3,1
perstiterunt,2,1
perstrepebat,2,1
perstringens,2,1
persuadere,2,1
persuadet,2,1
persuaserunt,2,1
persuasio,3,1
persuasione,2,1
persuasit,2,1
persuaso,2,1
persuasum,2,1
persuasurum,2,1
perterrita,3,1
perterriti,3,1
perterritum,3,1
perterritus,3,1
perterruit,3,1
pertimescat,2,1
pertimescet,2,1
pertimesco,2,1
pertimuimus,3,1
pertimuissent,2,1
pertimuit,3,1
pertinax,3,1
pertineant,3,1
pertinebant,2,1
pertinebat,2,1
pertinebit,2,1
pertinens,3,1
pertinent,3,1
pertinentes,2,1
pertinentium,3,1
pertinere,2,1
pertinerent,2,1
pertinet,3,1
pertingat,2,1
pertingens,2,1
pertingentes,2,1
pertingit,2,1
pertracta,2,1
pertractans,2,1
pertransiens,3,1
pertransire,2,1
pertransiret,2,1
pertransit,2,1
pertransiuit,2,1
pertulerat,3,1
pertulerunt,2,1
pertulit,3,1
perturbabat,2,1
perturbant,2,1
perturbare,2,1
perturbaret,2,1
perturbata,2,1
perturbati,2,1
perturbatio,3,1
perturbatione,2,1
perturbationem,2,1
perturbationes,2,1
perturbatus,2,1
perturbauit,2,1
perturbet,2,1
pertusum,2,1
peruectus,2,1
peruenerat,3,1
peruenerim,3,1
peruenerint,3,1
perueneris,2|3,2
peruenero,3,1
peruenerunt,2,1
perueni,2|3,2
perueniamus,2,1
perueniant,3,1
peruenias,3,1
perueniat,3,1
perueniatur,2,1
perueniens,3,1
peruenient,3,1
peruenientes,2,1
perueniet,3,1
peruenimus,2|3,2
peruenire,2,1
peruenirent,2,1
perueniret,2,1
peruenissent,2,1
peruenisset,2,1
peruenisti,2,1
peruenistis,2,1
peruenit,2|3,2
perueniunt,3,1
peruersa,2,1
peruersae,2,1
peruerse,2,1
peruersi,2,1
peruersis,2,1
peruersitatem,2,1
peruerso,2,1
peruersum,2,1
peruersus,2,1
peruertat,2,1
peruertere,2|3,2
peruerteret,3,1
peruerteris,2|3,2
peruertet,2,1
peruerti,2,1
peruertit,2,1
peruertitis,3,1
peruertunt,2,1
peruiae,3,1
peruicaci,2,1
peruigilant,3,1
peruium,3,1
peruulgatam,2,1
pessima,3,1
pessimae,3,1
pessimam,3,1
pessimarum,2,1
pessimas,3,1
pessime,3,1
pessimi,3,1
pessimis,3,1
pessimo,3,1
pessimorum,2,1
pessimos,3,1
pessimum,3,1
pessimus,3,1
pessuli,3,1
pessulum,3,1
pestifer,3,1
pestifero,3,1
pestiferum,3,1
pestilens,3,1
pestilentem,2,1
pestilentes,2,1
pestilentia,3,1
pestilentiae,3,1
pestilentiam,3,1
petasum,3,1
petatis,2,1
petebant,2,1
petebatur,2,1
petentes,2,1
petenti,2,1
petentibus,3,1
petere,2|3,2
peteremus,2,1
peterent,3,1
peteret,3,1
petetis,2,1
petierat,3,1
petierimus,2|3,2
petierint,3,1
petieris,3,1
petierit,3,1
petieritis,2|3,2
petierunt,2,1
petii,3,1
petiit,3,1
petimus,3,1
petissent,2,1
petisses,2,1
petisti,2,1
petistis,2,1
petite,2|3,2
petitio,3,1
petitione,2,1
petitionem,2,1
petitiones,2,1
petitioni,2,1
petitis,2|3,2
petiui,2,1
petiuit,2,1
petrarum,2,1
petrosa,2,1
phalangas,2,1
phantasias,3,1
phantasma,2,1
phantasmata,3,1
pharao,3,1
pharaone,2,1
pharaonem,2,1
pharaoni,2,1
pharaonis,2,1
pharetra,3,1
pharetrae,3,1
pharetram,3,1
pharetras,3,1
pharisaee,2,1
pharisaei,2,1
pharisaeis,2,1
pharisaeorum,2,1
pharisaeos,2,1
pharisaeus,2,1
phaselidem,3,1
phiala,3,1
phialae,3,1
phialam,3,1
phialas,3,1
philadelphiae,3,1
philadelphiam,3,1
philippe,2,1
philippenses,2,1
philippi,2,1
philippis,2,1
philippo,2,1
philippos,2,1
philippum,2,1
philippus,2,1
philisthim,2,1
philisthinorum,2,1
philologum,3,1
philometore,3,1
philosophi,3,1
philosophiam,3,1
phoenicen,2,1
phoenicis,2,1
phrygiam,3,1
piaculo,3,1
piaculum,3,1
pictura,2,1
picturae,2,1
picturam,2,1
picturas,2,1
pietas,3,1
pietate,2,1
pietatem,2,1
pietatis,2,1
pigeat,3,1
pigmenta,2,1
pigmentarii,3,1
pigmentis,2,1
pignora,3,1
pignore,3,1
pignori,3,1
pignoribus,3,1
pignoris,3,1
pilati,2,1
pilato,2,1
pilatum,2,1
pilatus,2,1
pilorum,2,1
pilosa,2,1
pilosae,2,1
pilosam,2,1
pilosorum,2,1
pilosum,2,1
pilosus,2,1
pincerna,2,1
pincernarum,2,1
pinea,3,1
pingere,2|3,2
pinguedine,3,1
pinguedinem,3,1
pinguedinis,3,1
pinguedo,2,1
pinguia,3,1
pinguibus,3,1
pinguissimae,3,1
pinguissimo,3,1
pinguissimum,3,1
pinguissimus,3,1
pinguium,3,1
pinnatorum,2,1
pinnulas,3,1
pinnulis,3,1
piscari,2,1
piscatores,2,1
piscatoriis,3,1
piscibus,3,1
pisciculos,3,1
piscina,2,1
piscinae,2,1
piscinam,2,1
piscinas,2,1
piscium,3,1
pisidiae,3,1
pisidiam,3,1
pistoria,3,1
pistoribus,3,1
pistorum,2,1
pistrina,2,1
pistrinum,2,1
pittaciis,3,1
placabile,3,1
placabilem,3,1
placabilis,3,1
placabimus,3,1
placabit,2,1
placabo,2,1
placabunt,2,1
placandum,2,1
placare,2,1
placari,2,1
placati,2,1
placatus,2,1
placaui,2,1
placauit,2,1
placeam,3,1
placeat,3,1
placebant,2,1
placebat,2,1
placebit,2,1
placebo,2,1
placebunt,2,1
placentam,2,1
placentas,2,1
placentem,2,1
placentes,2,1
placentia,3,1
placentis,2,1
placeo,3,1
placere,2,1
placerem,2,1
placeret,2,1
placetis,2,1
placita,3,1
placitam,3,1
placiti,3,1
placito,3,1
placitos,3,1
placitum,3,1
placuerant,3,1
placuerat,3,1
placuerint,3,1
placuerit,3,1
placuerunt,2,1
placuisse,2,1
placuisset,2,1
placuisti,2,1
placuit,3,1
plagarum,2,1
plangebant,2,1
plangendum,2,1
plangentes,2,1
plangere,2|3,2
plangeret,3,1
plangite,3,1
planiora,2,1
planioribus,3,1
planitie,3,1
planitiei,3,1
planitiem,3,1
planities,3,1
plantabo,2,1
plantare,2,1
plantario,3,1
plantasti,2,1
plantata,2,1
plantatio,3,1
plantationes,2,1
plantatum,2,1
plantatur,2,1
plantauerat,3,1
plantauit,2,1
planxerunt,2,1
platani,3,1
platanis,3,1
platanus,3,1
platea,3,1
plateae,3,1
plateam,3,1
platearum,2,1
plateas,3,1
plateis,3,1
plaudebant,2,1
plaudentes,2,1
plaudite,3,1
plauserunt,2,1
plectendum,2,1
pleiadas,3,1
pleiadum,3,1
plenior,3,1
plenissima,3,1
plenissime,3,1
plenitudine,3,1
plenitudinem,3,1
plenitudinis,3,1
plenitudo,2,1
plenius,3,1
plorabant,2,1
plorabis,2,1
plorabit,2,1
plorantem,2,1
plorantes,2,1
plorantibus,3,1
plorantis,2,1
plorare,2,1
plorastis,2,1
ploratis,2,1
ploratu,2,1
ploratus,2,1
plorauit,2,1
pluerat,3,1
plueret,3,1
pluerit,3,1
plumario,3,1
plumbeam,3,1
plumbeo,3,1
plumescit,2,1
pluribus,3,1
plurima,3,1
plurimae,3,1
plurimam,3,1
plurimarum,2,1
plurimas,3,1
plurimi,3,1
plurimis,3,1
plurimo,3,1
plurimorum,2,1
plurimos,3,1
plurimum,3,1
plurimus,3,1
pluuia,3,1
pluuiae,3,1
pluuiam,3,1
pluuiarum,2,1
pluuias,3,1
pluuiis,3,1
pocula,3,1
poculis,3,1
poculo,3,1
poculum,3,1
podere,2,1
poeniteat,3,1
poenitebit,2,1
poenitentia,3,1
poenitentiae,3,1
poenitentiam,3,1
poenitere,2,1
poeniterent,2,1
poeniteret,2,1
poenitet,3,1
poenitudine,3,1
poenituit,3,1
poetarum,2,1
polentae,2,1
polentam,2,1
polita,2,1
polite,2,1
politi,2,1
polito,2,1
pollicem,3,1
pollicendum,2,1
pollicens,3,1
pollicentes,2,1
polliceri,2,1
polliceris,2,1
pollices,3,1
pollicetur,2,1
pollicibus,3,1
pollicita,3,1
pollicitatione,2,1
pollicitationem,2,1
pollicitationes,2,1
pollicitationis,2,1
polliciti,3,1
pollicitus,3,1
pollinctores,2,1
polluant,3,1
polluantur,2,1
polluas,3,1
polluat,3,1
polluatur,2,1
polluerat,3,1
polluere,2|3,2
polluerent,3,1
polluerentur,2,1
pollueretur,2,1
polluerit,3,1
polluerunt,2,1
pollues,3,1
polluet,3,1
polluetur,2,1
pollui,3,1
polluimus,3,1
polluisti,2,1
polluit,3,1
polluitur,3,1
polluta,2,1
pollutae,2,1
polluti,2,1
pollutio,3,1
pollutione,2,1
pollutionem,2,1
pollutos,2,1
pollutum,2,1
pollutus,2,1
polluunt,3,1
polymita,3,1
pomaria,3,1
pomarii,3,1
pomario,3,1
pomarium,3,1
pomerii,3,1
pomerio,3,1
pomerium,3,1
pomifera,3,1
pomiferum,3,1
pomorum,2,1
ponamus,2,1
ponantur,2,1
ponatis,2,1
ponatur,2,1
pondera,3,1
ponderant,3,1
ponderantur,2,1
ponderati,2,1
ponderatis,2,1
pondere,3,1
ponderis,3,1
ponderum,3,1
ponebam,2,1
ponebant,2,1
ponebantur,2,1
ponebas,2,1
ponebat,2,1
ponebatur,2,1
ponemus,2,1
ponendae,2,1
ponendam,2,1
ponendi,2,1
ponentes,2,1
ponentur,2,1
ponere,2|3,2
ponerem,3,1
ponerent,3,1
ponerentur,2,1
poneret,3,1
poneretur,2,1
ponetis,2,1
ponetur,2,1
ponite,3,1
ponitis,3,1
pontibus,3,1
ponticum,3,1
pontifex,3,1
pontificem,3,1
pontifices,3,1
pontifici,3,1
pontificibus,3,1
pontificis,3,1
pontio,3,1
pontius,3,1
ponuntur,2,1
poplite,3,1
poposceris,3,1
popularis,2,1
popule,3,1
populeas,3,1
populi,3,1
populis,3,1
populo,3,1
populorum,2,1
populos,3,1
populum,3,1
populus,3,1
porcina,2,1
porcinam,2,1
porcium,3,1
porcorum,2,1
porphyrionem,2,1
porrecta,2,1
porrectis,2,1
porrectus,2,1
porrexerat,3,1
porrexit,2,1
porrige,3,1
porrigebat,2,1
porrigeret,3,1
porriges,3,1
porriget,3,1
porrigunt,3,1
portabant,2,1
portabat,2,1
portabatur,2,1
portabimus,3,1
portabis,2,1
portabit,2,1
portabo,2,1
portabunt,2,1
portabuntur,2,1
portamus,2,1
portanda,2,1
portandum,2,1
portante,2,1
portantem,2,1
portantes,2,1
portantibus,3,1
portantis,2,1
portantium,3,1
portantur,2,1
portare,2,1
portarent,2,1
portaret,2,1
portaretur,2,1
portari,2,1
portarum,2,1
portassent,2,1
portasti,2,1
portastis,2,1
portata,2,1
portate,2,1
portatur,2,1
portatus,2,1
portauerant,3,1
portauerat,3,1
portauerit,3,1
portauerunt,2,1
portauimus,3,1
portauit,2,1
portemus,2,1
portendentes,2,1
portenta,2,1
portentis,2,1
portento,2,1
portentum,2,1
portetur,2,1
portibus,3,1
porticibus,3,1
porticu,3,1
porticum,3,1
porticus,3,1
portio,3,1
portione,2,1
portionem,2,1
portiones,2,1
portionis,2,1
portubus,3,1
poscenti,2,1
posidonium,3,1
posita,3,1
positae,3,1
positam,3,1
positas,3,1
positi,3,1
positis,3,1
posito,3,1
positos,3,1
positum,3,1
positus,3,1
possederant,3,1
possederat,3,1
possederim,3,1
possederis,3,1
possederunt,2,1
possedi,2,1
possedimus,3,1
possedisti,2,1
possedit,2,1
possemus,2,1
possessa,2,1
possessio,3,1
possessione,2,1
possessionem,2,1
possessiones,2,1
possessioni,2,1
possessionibus,3,1
possessionis,2,1
possessionum,2,1
possessor,2,1
possessorem,2,1
possessores,2,1
possessori,2,1
possessurus,2,1
possibile,3,1
possibilia,3,1
possibilitatem,2,1
posside,2|3,2
possideamus,2,1
possideant,3,1
possideas,3,1
possideat,3,1
possideatis,2,1
possidebant,2,1
possidebas,2,1
possidebat,2,1
possidebimus,3,1
possidebis,2,1
possidebit,2,1
possidebitis,3,1
possidebo,2,1
possidebunt,2,1
possidebuntur,2,1
possidendam,2,1
possidendas,2,1
possidendum,2,1
possidens,2|3,2
possident,2|3,2
possidentem,2,1
possidentes,2,1
possidentis,2,1
possidentium,3,1
possideo,3,1
possidere,2|3,2
possiderem,2|3,2
possiderent,2|3,2
possideres,2|3,2
possideret,2|3,2
possideretis,2,1
possideri,2,1
possides,2|3,2
possidet,2|3,2
possidete,2,1
possidetis,2,1
possimus,2,1
possitis,2,1
possumus,3,1
postea,3,1
posteaquam,2,1
postera,3,1
posteri,3,1
posteriora,2,1
posteriore,2,1
posteriorem,2,1
posteriores,2,1
posteriori,2,1
posteris,3,1
posteritas,3,1
posteritatem,2,1
posteritatis,2,1
postero,3,1
posteros,3,1
posterum,3,1
postibus,3,1
posticam,2,1
posticum,2,1
postium,3,1
postremi,2,1
postremo,2,1
postula,3,1
postulabam,2,1
postulabant,2,1
postulabat,2,1
postulabit,2,1
postulamus,2,1
postulans,3,1
postulant,3,1
postulantes,2,1
postulantur,2,1
postulare,2,1
postularet,2,1
postulas,3,1
postulassent,2,1
postulasset,2,1
postulasti,2,1
postulat,3,1
postulata,2,1
postulate,2,1
postulatio,3,1
postulationes,2,1
postulatis,2,1
postulato,2,1
postulatorum,2,1
postulatus,2,1
postulauerat,3,1
postulauerit,3,1
postulauerunt,2,1
postulaui,2,1
postulauimus,3,1
postulauit,2,1
postulemus,2,1
postulet,3,1
postulo,3,1
posueram,3,1
posuerant,3,1
posuerat,3,1
posuerim,3,1
posuerint,3,1
posueris,3,1
posuerit,3,1
posuero,3,1
posuerunt,2,1
posui,3,1
posuimus,3,1
posuissent,2,1
posuisset,2,1
posuisti,2,1
posuistis,2,1
posuit,3,1
potabat,2,1
potabis,2,1
potabit,2,1
potabo,2,1
potandum,2,1
potantem,2,1
potantium,3,1
potasti,2,1
potationibus,3,1
potator,2,1
potatores,2,1
potatum,2,1
potauit,2,1
potentatus,2,1
potente,2,1
potentem,2,1
potenter,2,1
potentes,2,1
potenti,2,1
potentia,3,1
potentiae,3,1
potentiam,3,1
potentias,3,1
potentibus,3,1
potentior,3,1
potentiore,2,1
potentiori,2,1
potentioris,2,1
potentis,2,1
potentissimam,3,1
potentissime,3,1
potentissimi,3,1
potentissimo,3,1
potentissimus,3,1
potentium,3,1
poteram,3,1
poteramus,2,1
poterant,3,1
poterat,3,1
poteratis,2,1
poterimus,3,1
poteris,2|3,2
poterit,3,1
poteritis,3,1
potero,3,1
poterunt,3,1
potestas,2,1
potestate,2,1
potestatem,2,1
potestates,2,1
potestati,2,1
potestatibus,3,1
potestatis,2,1
potestis,2,1
potibus,3,1
potio,3,1
potionauit,2,1
potione,2,1
potior,3,1
potiora,2,1
potirentur,2,1
potissimum,3,1
potitus,2|3,2
potius,3,1
potuerant,3,1
potuerint,3,1
potueris,3,1
potuerit,3,1
potueritis,2|3,2
potuero,3,1
potuerunt,2,1
potui,3,1
potuimus,3,1
potuissent,2,1
potuisset,2,1
potuisti,2,1
potuistis,2,1
potuit,3,1
praebeat,3,1
praebebant,2,1
praebebantur,2,1
praebebat,2,1
praebebis,2,1
praebebit,2,1
praebebitur,3,1
praebebo,2,1
praebebunt,2,1
praebente,2,1
praebere,2,1
praeberet,2,1
praebete,2,1
praebitionis,2,1
praebiturum,2,1
praebuerat,3,1
praebuere,2,1
praebuerit,3,1
praebuerunt,2,1
praebui,3,1
praebuisti,2,1
praebuistis,2,1
praebuit,3,1
praecaue,3,1
praecauete,2,1
praecedam,2,1
praecedant,2,1
praecedas,2,1
praecedat,2,1
praecede,2,1
praecedebant,2,1
praecedebat,2,1
praecedens,2,1
praecedentem,2,1
praecedentes,2,1
praecedentia,3,1
praecedentibus,3,1
praecedentis,2,1
praecedentium,3,1
praecedere,2|3,2
praecederent,3,1
praecederet,3,1
praecedet,2,1
praecedit,2,1
praecedite,3,1
praecedunt,2,1
praecellebat,2,1
praecellens,2,1
praecellenti,2,1
praecellit,2,1
praeceperam,3,1
praeceperas,3,1
praeceperat,3,1
praeceperis,3,1
praeceperit,3,1
praecepero,3,1
praeceperunt,2,1
praecepi,2,1
praecepimus,3,1
praecepisse,2,1
praecepisset,2,1
praecepisti,2,1
praecepit,2,1
praecepta,2,1
praecepti,2,1
praeceptis,2,1
praecepto,2,1
praeceptor,2,1
praeceptorem,2,1
praeceptorum,2,1
praeceptum,2,1
praeceptus,2,1
praecesserat,3,1
praecesserunt,2,1
praecessi,2,1
praecessissent,2,1
praecessit,2,1
praecessor,2,1
praecidam,2,1
praecidant,2,1
praecidatur,2,1
praecide,2,1
praecidentes,2,1
praeciderem,3,1
praeciderunt,2,1
praecidet,2,1
praecidi,2,1
praecidit,2,1
praecidite,3,1
praecinctae,2,1
praecincti,2,1
praecinctum,2,1
praecinctus,2,1
praecinge,2,1
praecingere,2|3,2
praecingit,2,1
praecingitur,3,1
praecinxit,2,1
praecipe,3,1
praecipere,3,1
praeciperent,3,1
praecipiam,3,1
praecipiat,3,1
praecipiebamus,2,1
praecipiebat,2,1
praecipiendo,2,1
praecipiendum,2,1
praecipiens,3,1
praecipiente,2,1
praecipientem,2,1
praecipientes,2,1
praecipientis,2,1
praecipientium,3,1
praecipies,3,1
praecipiet,3,1
praecipimus,3,1
praecipio,3,1
praecipis,3,1
praecipit,3,1
praecipita,3,1
praecipitabo,2,1
praecipitarent,2,1
praecipitas,3,1
praecipitate,2,1
praecipitati,2,1
praecipitationis,2,1
praecipitatus,2,1
praecipitauerunt,2,1
praecipitauit,2,1
praecipitem,3,1
praecipites,3,1
praecipitet,3,1
praecipiti,3,1
praecipitio,3,1
praecipitium,3,1
praecipito,3,1
praecipuam,3,1
praecipue,3,1
praecipuis,3,1
praecipuum,3,1
praecisa,2,1
praecisi,2,1
praecisum,2,1
praecisus,2,1
praeclara,2,1
praeclaram,2,1
praeclaras,2,1
praeclare,2,1
praeclari,2,1
praeclarior,3,1
praeclaris,2,1
praeclarissimam,3,1
praeclarus,2,1
praecocibus,3,1
praecogitare,2,1
praecone,2,1
praeconem,2,1
praecones,2,1
praeconis,2,1
praecoqua,3,1
praecoquae,3,1
praecordia,3,1
praecordiis,3,1
praecucurrit,2,1
praecurre,2,1
praecurrens,2,1
praecursor,2,1
praecursorem,2,1
praedabitur,3,1
praedandum,2,1
praedantes,2,1
praedantium,3,1
praedare,2,1
praedari,2,1
praedarum,2,1
praedati,2|3,2
praedatio,3,1
praedationibus,3,1
praedatores,2,1
praedatur,2,1
praedatus,2|3,2
praedestinati,2,1
praedestinatus,2,1
praedestinauit,2,1
praedia,3,1
praedica,3,1
praedicabant,2,1
praedicabat,2,1
praedicabatur,2,1
praedicabis,2,1
praedicabitur,3,1
praedicabo,2,1
praedicabunt,2,1
praedicamus,2,1
praedicans,3,1
praedicant,2|3,2
praedicante,2,1
praedicantem,2,1
praedicantes,2,1
praedicantis,2,1
praedicare,2,1
praedicarem,2,1
praedicaret,2,1
praedicaretis,2,1
praedicari,2,1
praedicas,2|3,2
praedicasti,2,1
praedicat,2|3,2
praedicate,2,1
praedicatio,3,1
praedicatione,2,1
praedicationem,2,1
praedicationes,2,1
praedicationis,2,1
praedicator,2,1
praedicatum,2,1
praedicatur,2,1
praedicatus,2,1
praedicauerunt,2,1
praedicaui,2,1
praedicauit,2,1
praedicem,3,1
praedicens,2,1
praedicent,2|3,2
praedico,2|3,2
praedicta,2,1
praedictam,2,1
praedictis,2,1
praedictorum,2,1
praedictum,2,1
praedictus,2,1
praediti,3,1
praedium,3,1
praedixerat,3,1
praedixerit,3,1
praedixi,2,1
praediximus,3,1
praedixit,2,1
praedones,2,1
praedonum,2,1
praeerant,3,1
praeerat,3,1
praeesse,2,1
praeessent,2,1
praeesset,2,1
praeeunte,2,1
praefatione,2,1
praefatus,2,1
praefecerat,3,1
praefecisset,2,1
praefecit,2,1
praefecti,2,1
praefectis,2,1
praefectorum,2,1
praefectos,2,1
praefectum,2,1
praefectus,2,1
praeferebant,2,1
praeferens,3,1
praeferre,2,1
praefinita,2,1
praefinito,2,1
praefinitum,2,1
praefuerant,3,1
praefuit,3,1
praegnante,2,1
praegnantem,2,1
praegnantes,2,1
praegnantibus,3,1
praegrandes,2,1
praegredi,3,1
praegrediens,3,1
praeibant,2,1
praeibat,2,1
praeire,2,1
praeiudicio,3,1
praelatus,2,1
praelia,3,1
praeliandi,2,1
praeliandum,2,1
praeliari,2,1
praelibationis,2,1
praelii,3,1
praeliis,3,1
praelio,3,1
praeliorum,2,1
praelium,3,1
praemeditari,2,1
praemia,3,1
praemii,3,1
praemisissent,2,1
praemisit,2,1
praemitte,2,1
praemitti,2,1
praemium,3,1
praemonita,3,1
praenoscens,2,1
praenuntiabant,2,1
praenuntians,3,1
praenuntiauit,2,1
praeoccupat,3,1
praeoccupata,2,1
praeoccupatus,2,1
praeoccupauerunt,2,1
praeoccupaui,2,1
praeoccupauit,2,1
praeoccupemus,2,1
praeordinati,2,1
praepara,3,1
praeparabat,2,1
praeparabis,2,1
praeparabit,2,1
praeparabo,2,1
praeparandum,2,1
praeparans,3,1
praeparant,3,1
praeparantur,2,1
praeparare,2,1
praepararent,2,1
praepararentur,2,1
praepararet,2,1
praepararetur,2,1
praeparari,2,1
praeparasset,2,1
praeparasti,2,1
praeparat,3,1
praeparata,2,1
praeparatas,2,1
praeparate,2,1
praeparati,2,1
praeparatio,3,1
praeparatione,2,1
praeparationem,2,1
praeparationes,2,1
praeparationis,2,1
praeparatis,2,1
praeparato,2,1
praeparatum,2,1
praeparatur,2,1
praeparatus,2,1
praeparaueram,3,1
praeparauerant,3,1
praeparauerat,3,1
praeparaueris,3,1
praeparauerit,3,1
praeparauero,3,1
praeparauerunt,2,1
praeparaui,2,1
praeparauit,2,1
praeparemus,2,1
praeparent,3,1
praeparentur,2,1
praeparetur,2,1
praeponam,2,1
praeponens,2,1
praepositi,3,1
praepositis,3,1
praeposito,3,1
praepositorum,2,1
praepositos,3,1
praepositum,3,1
praepositus,3,1
praeposuerat,3,1
praeposuero,3,1
praeposuerunt,2,1
praeposui,3,1
praeposuisset,2,1
praeposuit,3,1
praeputia,3,1
praeputii,3,1
praeputio,3,1
praeputium,3,1
praeruptam,2,1
praerupti,2,1
praeruptis,2,1
praerupto,2,1
praeruptum,2,1
praesagum,2,1
praescientia,3,1
praescientiae,3,1
praescientiam,3,1
praesciuit,2,1
praescripti,2,1
praescriptum,2,1
praescriptus,2,1
praesente,2,1
praesentem,2,1
praesentes,2,1
praesenti,2,1
praesentia,3,1
praesentiam,3,1
praesentiarum,2,1
praesentibus,3,1
praesentis,2,1
praesepe,2|3,2
praesepia,3,1
praesepibus,3,1
praesepio,3,1
praesertim,2,1
praeside,3,1
praesidebant,2,1
praesidebat,2,1
praesidebit,2,1
praesidem,3,1
praesidente,2,1
praesides,3,1
praesidi,3,1
praesidia,3,1
praesidii,3,1
praesidiis,3,1
praesidio,3,1
praesidis,3,1
praesidium,3,1
praestabant,2,1
praestabat,2,1
praestabilis,3,1
praestabit,2,1
praestabo,2,1
praestantem,2,1
praestantes,2,1
praestare,2,1
praestares,2,1
praestaret,2,1
praestate,2,1
praestationes,2,1
praestatis,2,1
praestatur,2,1
praestaturum,2,1
praestiterit,3,1
praestiterunt,2,1
praestitisset,2,1
praestitisti,2,1
praestitit,3,1
praestiturum,2,1
praestolabantur,2,1
praestolabar,2,1
praestolabor,2,1
praestolantes,2,1
praestolari,2,1
praestolatur,2,1
praesumas,2,1
praesumentem,2,1
praesumentes,2,1
praesumere,2|3,2
praesumit,2,1
praesumptio,3,1
praesumptionem,2,1
praetende,2,1
praeterea,3,1
praetereamus,2,1
praetereat,3,1
praetereunt,3,1
praetereunte,2,1
praetereuntem,2,1
praetereuntes,2,1
praetereuntibus,3,1
praetereuntis,2,1
praetergredi,3,1
praetergressi,2,1
praeteribant,2,1
praeteribis,2,1
praeteribit,2,1
praeteribo,2,1
praeteribunt,2,1
praeteriens,3,1
praeterieris,3,1
praeterierit,3,1
praeterierunt,2,1
praeterii,3,1
praeteriisset,2,1
praeteriit,3,1
praeterire,2,1
praeteriret,2,1
praeteriri,2,1
praeterissent,2,1
praeterisset,2,1
praeterit,3,1
praeterita,3,1
praeteritis,3,1
praeterito,3,1
praeteritorum,2,1
praeteritum,3,1
praeteriui,2,1
praetermisisset,2,1
praetermisit,2,1
praetermittas,2,1
praeterquam,2,1
praetextu,2,1
praetexunt,2,1
praetorii,3,1
praetorio,3,1
praetorium,3,1
praetulit,3,1
praeualeat,3,1
praeualebat,2,1
praeualebit,2,1
praeualebunt,2,1
praeualens,3,1
praeualere,2,1
praeuales,3,1
praeualet,3,1
praeualidi,3,1
praeualuerit,3,1
praeualuerunt,2,1
praeualui,3,1
praeualuisse,2,1
praeualuit,3,1
praeuaricantur,2,1
praeuaricari,2,1
praeuaricati,2,1
praeuaricatio,3,1
praeuaricatione,2,1
praeuaricationem,2,1
praeuaricationes,2,1
praeuaricationis,2,1
praeuaricationum,2,1
praeuaricator,2,1
praeuaricatorem,2,1
praeuaricatores,2,1
praeuaricatur,2,1
praeuaricatus,2,1
praeuenerunt,2,1
praeueniet,3,1
praeuenire,2,1
praeuenirent,2,1
praeuenisti,2,1
praeuenit,2|3,2
praeuentum,2,1
praeuidere,2,1
pranderet,2,1
prandete,2,1
prandii,3,1
prandium,3,1
pransurus,2,1
prauitate,2,1
prauitatem,2,1
prauorum,2,1
precamini,3,1
precamur,2,1
precandum,2,1
precantem,2,1
precare,2,1
precarentur,2,1
precatio,3,1
precatus,2,1
precibus,3,1
prehendere,2|3,2
premebantur,2,1
premebat,2,1
prementibus,3,1
premerent,3,1
premeret,3,1
premite,3,1
presbyter,3,1
presbyteri,3,1
presbyterii,3,1
presserit,3,1
pressura,2,1
pressurae,2,1
pressuram,2,1
pretia,3,1
pretii,3,1
pretiis,3,1
pretio,3,1
pretiosa,2,1
pretiosae,2,1
pretiosam,2,1
pretiosarum,2,1
pretiosas,2,1
pretiosi,2,1
pretiosior,3,1
pretiosiorem,2,1
pretiosis,2,1
pretiosissima,3,1
pretiosissimam,3,1
pretiosissimas,3,1
pretiosissimis,3,1
pretiosius,3,1
pretioso,2,1
pretiosos,2,1
pretiosum,2,1
pretiosus,2,1
pretium,3,1
priapi,2,1
pridie,3,1
primarium,3,1
primarum,2,1
primatum,2,1
primitiae,3,1
primitiarum,2,1
primitias,3,1
primitiis,3,1
primitiua,2,1
primitiuis,2,1
primitiuo,2,1
primitiuorum,2,1
primitiuum,2,1
primitiuus,2,1
primogenita,3,1
primogenitae,3,1
primogeniti,3,1
primogenitis,3,1
primogenito,3,1
primogenitos,3,1
primogenitum,3,1
primogenitus,3,1
primoribus,3,1
primorum,2,1
principalem,2,1
principali,2,1
principalibus,3,1
principari,2,1
principatibus,3,1
principatu,2,1
principatui,3,1
principatum,2,1
principatus,2,1
principe,3,1
principem,3,1
principes,3,1
principi,3,1
principia,3,1
principibus,3,1
principio,3,1
principis,3,1
principium,3,1
principum,3,1
priora,2,1
priore,2,1
priorem,2,1
priores,2,1
priori,2,1
prioribus,3,1
prioris,2,1
priorum,2,1
priscilla,2,1
pristinam,2|3,2
pristini,2|3,2
pristinis,2|3,2
pristinos,2|3,2
pristinum,2|3,2
priuabit,2,1
priuare,2,1
priuarentur,2,1
priuari,2,1
priuata,2,1
priuati,2,1
priuatim,2,1
priuatus,2,1
priuauit,2,1
priuilegio,3,1
priusquam,2,1
probabat,2,1
probabilem,3,1
probabilis,3,1
probabis,2,1
probabit,2,1
probabitur,3,1
probabo,2,1
probabuntur,2,1
probantes,2,1
probare,2,1
probarentur,2,1
probaret,2,1
probaretur,2,1
probassem,2,1
probasset,2,1
probasti,2,1
probata,2|3,2
probatae,2,1
probatam,2,1
probate,2,1
probati,2|3,2
probatio,3,1
probatione,2,1
probationem,2,1
probationis,2,1
probatis,2|3,2
probatissima,3,1
probatissimi,3,1
probatissimum,3,1
probato,2,1
probator,2,1
probatorem,2,1
probatos,2,1
probatum,2|3,2
probatur,2,1
probatus,2,1
probauerit,3,1
probaueritis,2|3,2
probauerunt,2,1
probaui,2,1
probauimus,3,1
probauit,2,1
probemus,2,1
probentur,2,1
probetis,2,1
probetur,2,1
probitatis,2,1
problema,2,1
procaci,2,1
procacis,2,1
procacissimam,3,1
procacitas,3,1
procaciter,3,1
procedam,2,1
procedant,2,1
procedas,2,1
procedat,2,1
procede,2,1
procedebant,2,1
procedebat,2,1
procedens,2,1
procedent,2,1
procedentem,2,1
procedentes,2,1
procedentia,3,1
procedere,2|3,2
procederent,3,1
procederet,3,1
procedes,2,1
procedet,2,1
procedit,2,1
procedite,3,1
procedunt,2,1
procella,2,1
procellae,2,1
procellam,2,1
procellarum,2,1
procellis,2,1
procerae,2,1
proceram,2,1
proceres,3,1
procerior,3,1
proceritas,3,1
procero,2,1
processerant,3,1
processerat,3,1
processerunt,2,1
processi,2,1
processio,3,1
processissent,2,1
processisset,2,1
processit,2,1
processu,2,1
processus,2,1
procidat,3,1
procidens,3,1
procident,3,1
procidentes,2,1
prociderat,3,1
prociderunt,2,1
procidit,3,1
procidunt,3,1
procliuior,3,1
proconsul,2,1
proconsule,3,1
proconsulem,3,1
proconsules,3,1
procreare,2,1
procreassent,2,1
procreauit,2,1
procreentur,2,1
procumbens,2,1
procumbentes,2,1
procumbunt,2,1
procurante,2,1
procurationem,2,1
procurator,2,1
procuratore,2,1
procuratorem,2,1
procuratores,2,1
procuratori,2,1
procuratoris,2,1
procurrebant,2,1
procurrens,2,1
prodeat,3,1
prodere,2|3,2
proderet,3,1
proderis,2|3,2
proderit,3,1
prodero,3,1
proderunt,2|3,2
prodesse,2,1
prodeundi,2,1
prodiderat,3,1
prodidissem,2,1
prodierunt,2,1
prodigia,3,1
prodigiis,3,1
prodigiorum,2,1
prodigium,3,1
prodiit,3,1
proditio,3,1
proditione,2,1
proditor,3,1
proditorem,2,1
proditores,2,1
prodiui,2,1
producam,2,1
producant,2,1
producas,2,1
producat,2,1
producendi,2,1
producens,2,1
producere,2|3,2
produceret,3,1
produces,2|3,2
producet,2,1
producetur,2,1
producis,2|3,2
producit,2,1
producite,3,1
producturus,2,1
producunt,2,1
produxerant,3,1
produxeris,3,1
produxerit,3,1
produxerunt,2,1
produxi,2,1
produxit,2,1
proelia,3,1
proeliabantur,2,1
proeliandi,2,1
proeliandum,2,1
proeliante,2,1
proeliantem,2,1
proeliantes,2,1
proeliantibus,3,1
proeliantur,2,1
proeliare,2,1
proeliarentur,2,1
proeliari,2,1
proeliati,2,1
proeliator,2,1
proeliatur,2,1
proeliatus,2,1
proelii,3,1
proeliis,3,1
proelio,3,1
proeliorum,2,1
proelium,3,1
profana,2,1
profanas,2,1
profanat,2,1
profanatis,2,1
profanatum,2,1
profanetur,2,1
profanis,2,1
profanorum,2,1
profanos,2,1
profanum,2,1
profanus,2,1
profecerat,3,1
profeci,2,1
profecisti,2,1
profecta,2,1
profecti,2,1
profectio,3,1
profectione,2,1
profectionem,2,1
profectiones,2,1
profectionis,2,1
profecto,2,1
profectu,2,1
profectum,2,1
profecturum,2,1
profecturus,2,1
profectus,2,1
proferam,3,1
proferas,3,1
proferat,3,1
proferebas,2,1
proferendum,2,1
proferens,3,1
proferent,3,1
proferentem,2,1
proferentes,2,1
proferes,3,1
proferet,3,1
proferetur,2,1
proferre,2,1
proferri,2,1
proferte,2,1
profertis,2,1
profertur,2,1
proferunt,3,1
professionis,2,1
proficere,3,1
proficeret,3,1
proficiat,3,1
proficiebam,2,1
proficiebat,2,1
proficiens,3,1
proficient,3,1
proficiet,3,1
proficimus,3,1
proficiscamur,2,1
proficiscantur,2,1
proficiscar,2,1
proficiscaris,2,1
proficiscebantur,2,1
proficiscemur,2,1
proficiscendum,2,1
proficiscens,2,1
proficiscente,2,1
proficiscentes,2,1
proficiscentibus,3,1
proficiscentur,2,1
proficiscere,2|3,2
proficiscerentur,2,1
proficisceris,2|3,2
proficiscetur,2,1
proficisci,2,1
proficiscimur,3,1
proficiscor,2,1
proficiscuntur,2,1
proficit,3,1
proficiunt,3,1
profitentes,2,1
profiteor,3,1
profiterentur,2,1
profiteretur,2,1
profluuio,3,1
profuerit,3,1
profuerunt,2,1
profugerant,3,1
profugerit,3,1
profugi,2|3,2
profugis,3,1
profugit,2|3,2
profugos,3,1
profugum,3,1
profugus,3,1
profuit,3,1
profunda,2,1
profundae,2,1
profundam,2,1
profunde,2,1
profundi,2,1
profundior,3,1
profundis,2,1
profundissima,3,1
profundissimum,3,1
profundit,2,1
profunditas,3,1
profunditate,2,1
profundo,2,1
profundum,2,1
profuturos,2,1
progenie,3,1
progeniem,3,1
progenies,3,1
progenitoribus,3,1
progredi,3,1
progrediens,3,1
progreditur,2|3,2
progressi,2,1
progressus,2,1
prohibe,3,1
prohibeas,3,1
prohibeatis,2,1
prohibebantur,2,1
prohibebat,2,1
prohibebit,2,1
prohibebo,2,1
prohibent,3,1
prohibente,2,1
prohibentem,2,1
prohibentes,2,1
prohibentium,3,1
prohibentur,2,1
prohibere,2,1
prohiberent,2,1
prohiberentur,2,1
prohibet,3,1
prohibetur,2,1
prohibita,3,1
prohibitae,3,1
prohibiti,3,1
prohibitione,2,1
prohibitus,3,1
prohibuero,3,1
prohibuerunt,2,1
prohibui,3,1
prohibuimus,3,1
prohibuisti,2,1
prohibuit,3,1
proice,3,1
proicere,3,1
proicerent,3,1
proiceret,3,1
proici,3,1
proiciam,3,1
proicias,3,1
proiciatur,2,1
proiciens,3,1
proicies,3,1
proiciet,3,1
proicietur,2,1
proicit,3,1
proicite,3,1
proicitur,3,1
proiciunt,3,1
proiecerant,3,1
proiecerat,3,1
proiecerit,3,1
proiecerunt,2,1
proieci,2,1
proiecimus,3,1
proiecissem,2,1
proiecisset,2,1
proiecisti,2,1
proiecistis,2,1
proiecit,2,1
proiecta,2,1
proiecti,2,1
proiectis,2,1
proiecto,2,1
proiectum,2,1
proiecturum,2,1
proiectus,2,1
proiice,3,1
proiicere,3,1
proiiciam,3,1
proiicientes,2,1
proiicit,3,1
proiicitur,3,1
prolapsi,2,1
prolata,2,1
prolatae,2,1
prolatam,2,1
prolatos,2,1
prolatum,2,1
prolixae,2,1
prolixas,2,1
prolixior,3,1
prolixius,3,1
prologus,3,1
promeretur,2,1
prominebat,2,1
prominens,3,1
prominentes,2,1
prominentia,3,1
prominentis,2,1
prominet,3,1
promiscui,3,1
promiscuis,3,1
promiscuo,3,1
promiscuum,3,1
promiseram,3,1
promiserant,3,1
promiseras,3,1
promiserat,3,1
promiserunt,2,1
promisisset,2,1
promisisti,2,1
promisit,2,1
promissa,2,1
promissio,3,1
promissione,2,1
promissionem,2,1
promissiones,2,1
promissionibus,3,1
promissionis,2,1
promissionum,2,1
promissis,2,1
promissum,2,1
promittas,2,1
promittebant,2,1
promittebat,2,1
promittens,2,1
promittentes,2,1
promittere,2|3,2
promitterent,3,1
promittit,2,1
promittitis,3,1
promittunt,2,1
promoueri,2,1
promouimus,3,1
promouit,2,1
promptiores,2,1
promptissima,3,1
promptissimi,3,1
promptissimo,3,1
promptuaria,3,1
promulgata,2,1
promulget,2,1
pronuntiabit,2,1
pronuntiabo,2,1
pronuntians,3,1
pronuntiaui,2,1
pronuntiauit,2,1
pronuntiet,3,1
pronuntio,3,1
propaginem,3,1
propagines,3,1
propellentibus,3,1
propellunt,2,1
propera,3,1
properabimus,3,1
properabitis,3,1
properabunt,2,1
properans,3,1
properant,3,1
properante,2,1
properantes,2,1
properantis,2,1
properarent,2,1
properas,3,1
properat,3,1
properate,2,1
properauerunt,2,1
properauit,2,1
propere,3,1
properent,3,1
propheta,2,1
prophetae,2,1
prophetam,2,1
prophetarum,2,1
prophetas,2,1
prophetia,3,1
prophetiae,3,1
prophetiam,3,1
prophetias,3,1
propheticum,3,1
prophetis,2,1
prophetissa,2,1
propinabis,2,1
propinqua,2,1
propinquam,2,1
propinquantes,2,1
propinquare,2,1
propinquat,2,1
propinquet,2,1
propinqui,2,1
propinquior,3,1
propinquis,2,1
propinquitate,2,1
propinquitatis,2,1
propinquo,2,1
propinquorum,2,1
propinquos,2,1
propinquum,2,1
propinquus,2,1
propior,3,1
propitiare,2,1
propitiari,2,1
propitiatio,3,1
propitiationem,2,1
propitiationis,2,1
propitiato,2,1
propitiatorium,3,1
propitiatur,2,1
propitiatus,2,1
propitio,3,1
propitium,3,1
propitius,3,1
propius,3,1
proponam,2,1
proponamus,2,1
proponat,2,1
proponatur,2,1
propone,2,1
proponebam,2,1
proponebatur,2,1
proponens,2,1
propones,2,1
propono,2,1
proponuntur,2,1
proposita,3,1
propositam,3,1
propositio,3,1
propositionem,2,1
propositiones,2,1
propositionis,2,1
proposito,3,1
propositum,3,1
proposuerat,3,1
proposuerim,3,1
proposuerint,3,1
proposuero,3,1
proposuerunt,2,1
proposui,3,1
proposuimus,3,1
proposuissent,2,1
proposuisti,2,1
proposuit,3,1
propria,3,1
propriae,3,1
propriam,3,1
propriarum,2,1
proprias,3,1
proprie,3,1
proprietatem,2,1
proprii,3,1
propriis,3,1
proprio,3,1
proprium,3,1
proprius,3,1
propterea,3,1
propugnacula,3,1
propugnaculis,3,1
propugnaculum,3,1
propugnator,2,1
propugnatorem,2,1
propulerunt,2,1
prorumpat,2,1
prorumpunt,2,1
proruperunt,2,1
proscaenium,3,1
proscindit,2,1
prosecuti,2,1
prosecutus,2,1
proselyti,3,1
prosequatur,2,1
prosequerer,3,1
prosequi,3,1
prosiliebant,2,1
prosiliet,3,1
prospector,2,1
prospectu,2,1
prospectum,2,1
prospera,3,1
prosperabitur,3,1
prosperabuntur,2,1
prosperantur,2,1
prosperare,2,1
prosperatum,2,1
prosperatur,2,1
prospere,3,1
prosperi,3,1
prosperis,3,1
prosperitas,3,1
prosperitate,2,1
prosperitatem,2,1
prosperitates,2,1
prosperitati,2,1
prosperitatibus,3,1
prosperitatis,2,1
prospero,3,1
prosperum,3,1
prospexi,2,1
prospexit,2,1
prospice,3,1
prospicere,3,1
prospiceret,3,1
prospiciens,3,1
prospicient,3,1
prospicientium,3,1
prospicit,3,1
prospiciunt,3,1
prosternant,2,1
prosternat,2,1
prosternens,2,1
prosternere,2|3,2
prosternerem,3,1
prosternerent,3,1
prosterneret,3,1
prosternet,2,1
prosternimus,3,1
prosternite,3,1
prostibula,3,1
prostibuli,3,1
prostibulum,3,1
prostituas,3,1
prostitutione,2,1
prostitutionis,2,1
prostitutis,2,1
prostrata,2,1
prostrati,2,1
prostratis,2,1
prostratorum,2,1
prostratus,2,1
prostrauerunt,2,1
prostrauit,2,1
protectae,2,1
protecti,2,1
protectio,3,1
protectione,2,1
protectionem,2,1
protector,2,1
protectorem,2,1
protectores,2,1
protegam,3,1
protegant,3,1
protegas,3,1
protegat,3,1
protege,3,1
protegebant,2,1
protegebat,2,1
protegens,3,1
protegente,2,1
protegentes,2,1
protegere,2|3,2
protegerent,3,1
protegeret,3,1
protegeretur,2,1
proteget,3,1
protegit,3,1
protegunt,3,1
protendentes,2,1
protendit,2,1
proterua,2,1
proterui,2,1
proteruorum,2,1
proteruos,2,1
proteruum,2,1
proteruus,2,1
protestatione,2,1
protestatur,2,1
protestatus,2,1
protexi,2,1
protexit,2,1
protinus,3,1
protrahas,3,1
protraxisti,2,1
protraxit,2,1
protulerim,3,1
protulerit,3,1
protulerunt,2,1
protuli,3,1
protulit,3,1
prouecto,2,1
prouectos,2,1
prouectus,2,1
proueniet,3,1
proueniunt,3,1
prouentum,2,1
prouentus,2,1
prouerbia,3,1
prouerbii,3,1
prouerbiis,3,1
prouerbio,3,1
prouerbiorum,2,1
prouerbium,3,1
prouexit,2,1
prouide,3,1
prouideam,3,1
prouideat,3,1
prouidebam,2,1
prouidebit,2,1
prouidebo,2,1
prouidemus,2,1
prouidendum,2,1
prouidens,3,1
prouidente,2,1
prouidentes,2,1
prouidentia,3,1
prouidentiae,3,1
prouidentiam,3,1
prouideram,3,1
prouiderent,2,1
prouidete,2,1
prouidi,2|3,2
prouidimus,3,1
prouidit,2,1
prouincia,3,1
prouinciae,3,1
prouinciam,3,1
prouinciarum,2,1
prouincias,3,1
prouinciis,3,1
prouocabant,2,1
prouocabat,2,1
prouocabitur,3,1
prouocabo,2,1
prouocabuntur,2,1
prouocandam,2,1
prouocans,3,1
prouocant,3,1
prouocantes,2,1
prouocare,2,1
prouocarent,2,1
prouocares,2,1
prouocas,3,1
prouocassent,2,1
prouocasti,2,1
prouocastis,2,1
prouocat,3,1
prouocationem,2,1
prouocatum,2,1
prouocatus,2,1
prouocauerat,3,1
prouocauerunt,2,1
prouocaui,2,1
prouocauit,2,1
prouocem,3,1
prouocent,3,1
prouocet,3,1
prouoluti,2,1
prouolutus,2,1
proxima,3,1
proximae,3,1
proximam,3,1
proximamus,2,1
proximas,3,1
proximat,3,1
proximi,3,1
proximis,3,1
proximo,3,1
proximorum,2,1
proximos,3,1
proximum,3,1
proximus,3,1
prudente,2,1
prudentem,2,1
prudenter,2,1
prudentes,2,1
prudenti,2,1
prudentia,3,1
prudentiae,3,1
prudentiam,3,1
prudentibus,3,1
prudentiores,2,1
prudentis,2,1
prudentissima,3,1
prudentissimo,3,1
prudentissimos,3,1
prudentissimus,3,1
prudentium,3,1
prudentius,3,1
pruina,2,1
pruinae,2,1
pruinam,2,1
prurientes,2,1
prurigine,3,1
psalmorum,2,1
psalteria,3,1
psalterii,3,1
psalteriis,3,1
psalterio,3,1
psalterium,3,1
psaltria,3,1
pseudopropheta,2,1
pseudoprophetae,2,1
pseudoprophetis,2,1
ptisanas,3,1
ptolemaei,2,1
ptolemaeis,2,1
ptolemaeo,2,1
ptolemaeum,2,1
ptolemaeus,2,1
ptolemaida,3,1
ptolemaide,3,1
ptolemaidis,3,1
puberem,3,1
pubertatis,2,1
publica,3,1
publicabuntur,2,1
publicae,3,1
publicam,3,1
publicani,2,1
publicanis,2,1
publicanorum,2,1
publicanum,2,1
publicanus,2,1
publicas,3,1
publice,3,1
publicetur,2,1
publicis,3,1
publico,3,1
publii,3,1
pudebit,2,1
pudenda,2,1
pudica,2,1
pudicas,2,1
pudici,2,1
pudicitiae,3,1
pudicos,2,1
pudicum,2,1
pudore,2,1
puella,2,1
puellae,2,1
puellam,2,1
puellari,2,1
puellarum,2,1
puellas,2,1
puellis,2,1
pueri,3,1
puerile,2,1
pueris,3,1
pueritia,3,1
puero,3,1
puerorum,2,1
pueros,3,1
puerperae,3,1
puerulus,3,1
puerum,3,1
pugione,2,1
pugionem,2,1
pugiones,2,1
pugnabant,2,1
pugnabat,2,1
pugnabimus,3,1
pugnabis,2,1
pugnabit,2,1
pugnabitis,3,1
pugnabo,2,1
pugnabunt,2,1
pugnamus,2,1
pugnando,2,1
pugnandum,2,1
pugnante,2,1
pugnantes,2,1
pugnantibus,3,1
pugnantis,2,1
pugnantium,3,1
pugnare,2,1
pugnarent,2,1
pugnaret,2,1
pugnassent,2,1
pugnasset,2,1
pugnate,2,1
pugnatis,2,1
pugnator,2,1
pugnatores,2,1
pugnatorum,2,1
pugnaturus,2,1
pugnauerant,3,1
pugnauerit,3,1
pugnauerunt,2,1
pugnaui,2,1
pugnauit,2,1
pugnemus,2,1
pulcherrima,3,1
pulcherrimae,3,1
pulcherrimi,3,1
pulcherrimis,3,1
pulcherrimo,3,1
pulcherrimos,3,1
pulcherrimus,3,1
pulchrior,3,1
pulchriora,2,1
pulchriores,2,1
pulchritudine,3,1
pulchritudinem,3,1
pulchritudini,3,1
pulchritudinis,3,1
pulchritudo,2,1
pullorum,2,1
pullulant,3,1
pullulantes,2,1
pulmentaria,3,1
pulmentarium,3,1
pulmentis,2,1
pulmento,2,1
pulmentum,2,1
pulmonem,2,1
pulsando,2,1
pulsante,2,1
pulsanti,2,1
pulsantis,2,1
pulsare,2,1
pulsate,2,1
pulsauerit,3,1
pulsauit,2,1
puluere,3,1
puluerem,3,1
pulueri,3,1
pulueris,3,1
puluillos,2,1
pungitur,3,1
puniat,3,1
punica,3,1
punici,3,1
punicorum,2,1
punicum,3,1
puniendos,2,1
puniens,3,1
punientur,2,1
puniet,3,1
punietur,2,1
punirent,2,1
punirentur,2,1
puniretur,2,1
puniri,2,1
punitio,3,1
pupilla,2,1
pupillam,2,1
pupilli,2,1
pupillis,2,1
pupillo,2,1
pupillorum,2,1
pupillos,2,1
pupillum,2,1
pupillus,2,1
pupugerunt,2,1
purgabis,2,1
purgabit,2,1
purgabitur,3,1
purgabo,2,1
purgamenta,2,1
purgamentum,2,1
purgandam,2,1
purgandum,2,1
purgantur,2,1
purgaret,2,1
purgasti,2,1
purgatione,2,1
purgationem,2,1
purgationis,2,1
purgato,2,1
purgatum,2,1
purgatur,2,1
purgauit,2,1
purgentur,2,1
purgetur,2,1
purificat,3,1
purificati,2,1
purificatio,3,1
purificatione,2,1
purificationem,2,1
purificationis,2,1
purificauit,2,1
purior,3,1
purissimam,3,1
purissimas,3,1
purissimi,3,1
purissimo,3,1
purissimum,3,1
puritatem,2,1
puritatis,2,1
purpura,3,1
purpurae,3,1
purpuram,3,1
purpurea,3,1
purpureis,3,1
purpureo,3,1
purpureum,3,1
pusilla,2,1
pusillae,2,1
pusillanimes,3,1
pusilli,2,1
pusillis,2,1
pusillo,2,1
pusillorum,2,1
pusillos,2,1
pusillum,2,1
pusillus,2,1
pustula,3,1
pustulae,3,1
putabam,2,1
putabamus,2,1
putabant,2,1
putabantur,2,1
putabas,2,1
putabat,2,1
putabatur,2,1
putabis,2,1
putabit,2,1
putabitur,3,1
putabunt,2,1
putamine,3,1
putamus,2,1
putandum,2,1
putantes,2,1
putare,2,1
putaremini,3,1
putaret,2,1
putatae,2,1
putatas,2,1
putationis,2,1
putatis,2,1
putatur,2,1
putaueris,3,1
putauerunt,2,1
putaui,2,1
putauimus,3,1
putauit,2,1
putei,3,1
puteis,3,1
puteo,3,1
puteolos,3,1
puteos,3,1
puteum,3,1
puteus,3,1
putredine,3,1
putredinem,3,1
putredo,2,1
putrefactae,2,1
putrescat,2,1
putrescere,2|3,2
putrescet,2,1
putrida,3,1
putridus,3,1
pythone,2,1
pythonem,2,1
pythones,2,1
pythonis,2,1
quacumque,2,1
quadragenarium,3,1
quadragenas,2,1
quadragesimo,3,1
quadragesimus,3,1
quadraginta,2,1
quadrangulum,3,1
quadrantem,2,1
quadrata,2,1
quadrati,2,1
quadratis,2,1
quadrato,2,1
quadratos,2,1
quadrifariam,3,1
quadrigae,2,1
quadrigarum,2,1
quadrigas,2,1
quadrigis,2,1
quadringenta,2,1
quadringentae,2,1
quadringentesimo,3,1
quadringenti,2,1
quadringentis,2,1
quadringentorum,2,1
quadringentos,2,1
quadrupedia,3,1
quadrupedibus,3,1
quadrupedum,3,1
quadrupes,3,1
quadruplicem,3,1
quadruplices,3,1
quadruplum,3,1
quaecumque,2,1
quaelibet,3,1
quaeramus,2,1
quaerantur,2,1
quaeratis,2,1
quaeratur,2,1
quaerebam,2,1
quaerebamus,2,1
quaerebant,2,1
quaerebantur,2,1
quaerebat,2,1
quaerebatur,2,1
quaeremus,2,1
quaerendam,2,1
quaerendi,2,1
quaerendo,2,1
quaerendum,2,1
quaerente,2,1
quaerentem,2,1
quaerentes,2,1
quaerenti,2,1
quaerentibus,3,1
quaerentis,2,1
quaerentium,3,1
quaerentur,2,1
quaerere,2|3,2
quaererem,3,1
quaererent,3,1
quaererentur,2,1
quaereret,3,1
quaeretis,2,1
quaeretur,2,1
quaerimus,3,1
quaerite,3,1
quaeritis,3,1
quaeritur,3,1
quaesierant,3,1
quaesierat,3,1
quaesierint,3,1
quaesieris,3,1
quaesierit,3,1
quaesieritis,2|3,2
quaesierunt,2,1
quaesissent,2,1
quaesistis,2,1
quaesita,2,1
quaesitum,2,1
quaesiturus,2,1
quaesitus,2,1
quaesiui,2,1
quaesiuimus,3,1
quaesiuit,2,1
quaestio,3,1
quaestione,2,1
quaestionem,2,1
quaestiones,2,1
quaestionibus,3,1
quaestionis,2,1
qualia,3,1
qualibet,3,1
qualibus,3,1
qualitate,2,1
qualitatis,2,1
qualiter,3,1
quamcumque,2,1
quamdiu,3,1
quamlibet,3,1
quandocumque,2,1
quantocius,3,1
quantocumque,2,1
quantulum,3,1
quantumcumque,2,1
quapropter,2,1
quascumque,2,1
quaslibet,3,1
quassatam,2,1
quassatio,3,1
quassatum,2,1
quatientes,2,1
quattuor,3,1
quattuordecim,3,1
quatuor,3,1
quatuordecim,3,1
quemadmodum,3,1
quemcumque,2,1
quemlibet,3,1
quempiam,3,1
querebatur,2,1
querela,2,1
querelae,2,1
querelam,2,1
querelas,2,1
queremur,2,1
querimonia,3,1
querimonias,3,1
queritur,3,1
queruntur,2,1
quibuscumque,2,1
quibusdam,2,1
quibusque,2,1
quicumque,2,1
quidpiam,3,1
quiescam,2,1
quiescant,2,1
quiescas,2,1
quiescat,2,1
quiesce,2,1
quiescebat,2,1
quiescent,2,1
quiescentem,2,1
quiescentes,2,1
quiescere,2|3,2
quiesces,2,1
quiescet,2,1
quiescit,2,1
quiescite,3,1
quieta,2,1
quietam,2,1
quietas,2,1
quiete,2,1
quietem,2,1
quieti,2,1
quietis,2,1
quietissimus,3,1
quieto,2,1
quietum,2,1
quietus,2,1
quieuerit,3,1
quieuerunt,2,1
quieui,2,1
quieuit,2,1
quilibet,3,1
quindecim,3,1
quingenta,2,1
quingentae,2,1
quingentas,2,1
quingenti,2,1
quingentis,2,1
quingentorum,2,1
quingentos,2,1
quinquagenario,3,1
quinquagenarium,3,1
quinquagenas,2,1
quinquagenos,2,1
quinquagesimo,3,1
quinquagesimum,3,1
quinquagesimus,3,1
quinquaginta,2,1
quinquennalis,2,1
quinquennis,2,1
quinquies,3,1
quippiam,3,1
quirino,2,1
quispiam,3,1
quisquiliae,3,1
quisquilias,3,1
quiuerit,3,1
quiuero,3,1
quocumque,2,1
quodcumque,2,1
quodlibet,3,1
quolibet,3,1
quominus,3,1
quomodo,3,1
quoniam,3,1
quorumdam,2,1
quorumlibet,3,1
quorundam,2,1
quoscumque,2,1
quotidiana,2,1
quotidianae,2,1
quotidiano,2,1
quotidianum,2,1
quotidie,3,1
quotiens,3,1
quotienscumque,2,1
quoties,3,1
quotiescumque,2,1
quousque,2,1
racemi,2,1
racemos,2,1
racemus,2,1
radebat,2,1
radentem,2,1
radere,2|3,2
radice,2,1
radicem,2,1
radices,2,1
radicibus,3,1
radicis,2,1
radicitus,3,1
radicum,2,1
radii,3,1
radiis,3,1
radio,3,1
radios,3,1
raedarum,2,1
ramorum,2,1
ranarum,2,1
rapacem,2,1
rapaces,2,1
rapacibus,3,1
rapere,3,1
raperent,3,1
rapiam,3,1
rapiant,3,1
rapiat,3,1
rapiatur,2,1
rapiebant,2,1
rapiebat,2,1
rapiemur,2,1
rapiens,3,1
rapientem,2,1
rapientes,2,1
rapientis,2,1
rapiet,3,1
rapietur,2,1
rapina,2,1
rapinae,2,1
rapinam,2,1
rapinas,2,1
rapinis,2,1
rapite,3,1
rapitur,3,1
rapiunt,3,1
raptatur,2,1
raptores,2,1
rapuerant,3,1
rapuerat,3,1
rapuerit,3,1
rapuerunt,2,1
rapui,3,1
rapuissent,2,1
rapuit,3,1
ratibus,3,1
ratio,3,1
rationabile,3,1
rationabilem,3,1
rationale,2,1
rationali,2,1
rationalis,2,1
ratione,2,1
rationem,2,1
rationibus,3,1
reaedificare,2,1
reatu,2,1
reatus,2,1
rebellabant,2,1
rebellabat,2,1
rebellans,2,1
rebellare,2,1
rebellasse,2,1
rebellat,2,1
rebellauit,2,1
rebellem,2,1
rebelles,2,1
rebellio,3,1
rebelliones,2,1
rebellionis,2,1
rebellis,2,1
rebellium,3,1
recedam,2,1
recedamus,2,1
recedant,2,1
recedas,2,1
recedat,2,1
recedatis,2,1
recede,2,1
recedebant,2,1
recedebat,2,1
recedemus,2,1
recedens,2,1
recedent,2,1
recedentem,2,1
recedentes,2,1
recedentibus,3,1
recedere,2|3,2
recederent,3,1
recedes,2,1
recedet,2,1
recedit,2,1
recedite,3,1
recedo,2,1
recedunt,2,1
recenseas,3,1
recenseat,3,1
recensebis,2,1
recensentes,2,1
recenserem,2,1
recenset,2,1
recensuit,3,1
recentem,2,1
recentes,2,1
recentia,3,1
recentis,2,1
receperat,3,1
receperint,3,1
receperis,3,1
receperit,3,1
receperunt,2,1
recepi,2,1
recepissem,2,1
recepisset,2,1
recepisti,2,1
recepistis,2,1
recepit,2,1
recepta,2,1
receptacula,3,1
receptis,2,1
recepto,2,1
receptum,2,1
recepturae,2,1
recepturos,2,1
recepturum,2,1
receptus,2,1
recesserant,3,1
recesserat,3,1
recesserimus,2|3,2
recesserint,3,1
recesseris,3,1
recesserit,3,1
recessero,3,1
recesserunt,2,1
recessi,2,1
recessimus,3,1
recessisse,2,1
recessissem,2,1
recessissent,2,1
recessisset,2,1
recessisti,2,1
recessistis,2,1
recessit,2,1
reciderunt,2,1
recidetur,2,1
recidisset,2,1
recipe,3,1
recipere,3,1
reciperemus,2,1
reciperes,3,1
reciperet,3,1
recipi,3,1
recipiam,3,1
recipiant,3,1
recipias,3,1
recipiat,3,1
recipiatis,2,1
recipiebant,2,1
recipiendo,2,1
recipiendum,2,1
recipient,3,1
recipientes,2,1
recipies,3,1
recipiet,3,1
recipietis,2,1
recipimus,3,1
recipit,3,1
recitari,2,1
recitasset,2,1
recitatae,2,1
reclinare,2,1
reclinauit,2,1
recludet,2,1
recogita,3,1
recogitans,3,1
recogitent,3,1
recogitet,3,1
recognoscat,2,1
recognoscit,2,1
recognouit,2,1
recolam,3,1
recolens,3,1
reconciliamini,3,1
reconciliare,2,1
reconciliarentur,2,1
reconciliaretur,2,1
reconciliari,2,1
reconciliati,2,1
reconciliatio,3,1
reconciliatione,2,1
reconciliationem,2,1
reconciliationis,2,1
reconciliatus,2,1
reconciliauit,2,1
reconciliet,3,1
reconcilietur,2,1
reconde,2,1
recondens,2,1
recondere,2|3,2
reconditis,3,1
recondunt,2,1
recordaberis,3,1
recordabitur,3,1
recordabor,2,1
recordabuntur,2,1
recordamini,3,1
recordamur,2,1
recordans,2,1
recordantes,2,1
recordantur,2,1
recordare,2,1
recordarentur,2,1
recordari,2,1
recordata,2,1
recordati,2,1
recordatio,3,1
recordatione,2,1
recordationem,2,1
recordationis,2,1
recordatum,2,1
recordatur,2,1
recordatus,2,1
recordemur,2,1
recordentur,2,1
recorderis,2,1
recordetur,2,1
recreat,3,1
recreatus,2,1
rectissime,3,1
rectissimum,3,1
rectitudinem,3,1
rectorem,2,1
rectores,2,1
rectorum,2,1
recturus,2,1
recubantis,2,1
recubuisset,2,1
recubuit,3,1
recumbe,2,1
recumbebat,2,1
recumbens,2,1
recumbent,2,1
recumbentem,2,1
recumbentibus,3,1
recumberet,3,1
recumbes,2,1
recumbit,2,1
recumbunt,2,1
recuperabit,2,1
recuperarent,2,1
recuperatione,2,1
recuperatores,2,1
recurrat,2,1
recurre,2,1
recurrens,2,1
recurrit,2,1
recusabat,2,1
recusantes,2,1
recusauerunt,2,1
recuso,2,1
redacta,2,1
redactae,2,1
redacti,2,1
redactus,2,1
redargui,3,1
reddamus,2,1
reddantur,2,1
reddatur,2,1
reddebam,2,1
reddebant,2,1
reddebat,2,1
reddemus,2,1
reddendo,2,1
reddente,2,1
reddentem,2,1
reddentes,2,1
reddentis,2,1
reddere,2|3,2
redderent,3,1
redderet,3,1
redderetur,2,1
reddetis,2,1
reddetur,2,1
reddiderant,3,1
reddiderint,3,1
reddiderit,3,1
reddidero,3,1
reddiderunt,2,1
reddidi,3,1
reddidistis,2,1
reddidit,3,1
reddita,3,1
redditae,3,1
reddite,3,1
redditio,3,1
redditis,3,1
redditur,3,1
reddituri,2,1
redditurum,2,1
redditus,3,1
redeant,3,1
redeat,3,1
redegerat,3,1
redegerunt,2,1
redegisti,2,1
redegit,2,1
redemeris,3,1
redemerit,3,1
redemerunt,2,1
redemi,2,1
redemisti,2,1
redemit,2,1
redempta,2,1
redemptae,2,1
redempti,2,1
redemptio,3,1
redemptione,2,1
redemptionem,2,1
redemptionis,2,1
redemptor,2,1
redemptorem,2,1
redempturus,2,1
redeundi,2,1
redeunt,3,1
redeunte,2,1
redeuntem,2,1
redeuntes,2,1
redibant,2,1
redibat,2,1
redibit,2,1
rediens,3,1
redierant,3,1
redieris,2|3,2
redierit,3,1
redieritis,2|3,2
rediero,3,1
redierunt,2,1
redigam,3,1
redigant,3,1
redigar,3,1
redigas,3,1
redigatur,2,1
redigebant,2,1
redigens,3,1
redigentes,2,1
redigentur,2,1
redigere,2|3,2
rediges,3,1
redigetur,2,1
redigit,3,1
redigo,3,1
redii,3,1
rediisset,2,1
rediit,3,1
redimam,3,1
redimat,3,1
redime,3,1
redimemus,2,1
redimendi,2,1
redimendum,2,1
redimendus,2,1
redimentes,2,1
redimere,2|3,2
redimeret,3,1
redimes,3,1
redimet,3,1
redimetur,2,1
redimi,3,1
redimis,3,1
redimit,3,1
redimitis,3,1
redimitur,3,1
redimo,3,1
redire,2,1
redirent,2,1
rediret,2,1
redisset,2,1
redistis,2,1
redite,2|3,2
reditu,3,1
reditum,3,1
reditus,3,1
redolens,3,1
redolentia,3,1
reducam,2,1
reducamus,2,1
reducantur,2,1
reducas,2,1
reducat,2,1
reducendum,2,1
reducens,2,1
reducent,2,1
reducere,2|3,2
reducerem,3,1
reducerent,3,1
reduceres,3,1
reduceret,3,1
reduces,2|3,2
reducet,2,1
reducetur,2,1
reduci,2|3,2
reducis,2|3,2
reducit,2,1
reducite,3,1
reducitis,3,1
reducunt,2,1
redundabit,2,1
redundans,2,1
redundant,2,1
redundantes,2,1
redundantia,3,1
redundat,2,1
redundauit,2,1
reduxerat,3,1
reduxerit,3,1
reduxerunt,2,1
reduxi,2,1
reduxisti,2,1
reduxistis,2,1
reduxit,2,1
refecerunt,2,1
refecit,2,1
refectio,3,1
refectionis,2,1
refectis,2,1
refectus,2,1
referam,3,1
referant,3,1
referantur,2,1
referas,3,1
referat,3,1
referebant,2,1
referebat,2,1
referendum,2,1
referens,3,1
referent,3,1
referentis,2,1
referentium,3,1
referes,3,1
referet,3,1
referetis,2,1
refero,3,1
referrent,2,1
referret,2,1
referretur,2,1
referri,2,1
referte,2,1
referunt,3,1
refice,3,1
reficere,3,1
reficiam,3,1
reficiebant,2,1
reficiendum,2,1
reficiens,3,1
reficientibus,3,1
reficite,3,1
reflexa,2,1
refloruit,3,1
refocillati,2,1
refrenans,2,1
refrigerandi,2,1
refrigerare,2,1
refrigerauit,2,1
refrigerem,3,1
refrigeret,3,1
refrigeretur,2,1
refrigerii,3,1
refrigerio,3,1
refrigerium,3,1
refrigescet,2,1
refuga,3,1
refugerant,3,1
refugerunt,2,1
refugi,2|3,2
refugientes,2,1
refugii,3,1
refugisset,2,1
refugit,2|3,2
refugium,3,1
refulgens,2,1
refulsit,2,1
regale,2,1
regalem,2,1
regales,2,1
regali,2,1
regalia,3,1
regalibus,3,1
regalium,3,1
regebantur,2,1
regebat,2,1
regeneratione,2,1
regenerationis,2,1
regenerauit,2,1
regentes,2,1
regenti,2,1
regere,2|3,2
regia,3,1
regiae,3,1
regiam,3,1
regiarum,2,1
regias,3,1
regibus,3,1
regiis,3,1
regina,2,1
reginae,2,1
reginam,2,1
regio,3,1
regione,2,1
regionem,2,1
regiones,2,1
regioni,2,1
regionibus,3,1
regionis,2,1
regionum,2,1
regios,3,1
regium,3,1
regius,3,1
regnabant,2,1
regnabat,2,1
regnabis,2,1
regnabit,2,1
regnabunt,2,1
regnante,2,1
regnantibus,3,1
regnantium,3,1
regnare,2,1
regnarent,2,1
regnaret,2,1
regnasset,2,1
regnasti,2,1
regnatis,2,1
regnaturus,2,1
regnauerit,3,1
regnauerunt,2,1
regnauit,2,1
regnemus,2,1
regnorum,2,1
regredere,3,1
regredi,3,1
regredietur,2,1
regredior,3,1
regressi,2,1
regresso,2,1
regressum,2,1
regressus,2,1
regula,3,1
regulae,3,1
regulam,3,1
regulas,3,1
reguli,3,1
regulos,3,1
regulum,3,1
regulus,3,1
reguntur,2,1
reicias,3,1
reiciendum,2,1
reicit,3,1
reiecerunt,2,1
reiecisti,2,1
reiecit,2,1
reiecta,2,1
relatus,2,1
relaxat,2,1
relaxauerat,3,1
releuans,3,1
releuet,3,1
relicta,2,1
relictae,2,1
relicti,2,1
relictis,2,1
relicto,2,1
relictos,2,1
relictum,2,1
relicturus,2,1
relictus,2,1
religauit,2,1
religio,3,1
religione,2,1
religionem,2,1
religioni,2,1
religionis,2,1
religiosas,2,1
religiose,2,1
religiosi,2,1
religiositas,3,1
religiosum,2,1
religiosus,2,1
relinquam,2,1
relinquamus,2,1
relinquaris,2,1
relinquas,2,1
relinquat,2,1
relinquatis,2,1
relinquatur,2,1
relinque,2,1
relinquebant,2,1
relinquebat,2,1
relinquemus,2,1
relinquens,2,1
relinquent,2,1
relinquentes,2,1
relinquentur,2,1
relinquere,2|3,2
relinquerentur,2,1
relinqueret,3,1
relinqueretur,2,1
relinqueris,2|3,2
relinques,2,1
relinquet,2,1
relinquetis,2,1
relinquetur,2,1
relinquimur,3,1
relinquimus,3,1
relinquit,2,1
relinquite,3,1
relinquitis,3,1
relinquitur,3,1
relinquo,2,1
relinquunt,2,1
reliqua,3,1
reliquae,3,1
reliquam,3,1
reliquarum,2,1
reliquas,3,1
reliquerant,3,1
reliquerat,3,1
reliquerim,3,1
reliquerint,3,1
reliqueris,2|3,2
reliquerit,3,1
reliqueritis,2|3,2
reliquero,3,1
reliquerunt,2,1
reliqui,2|3,2
reliquiae,3,1
reliquiarum,2,1
reliquias,3,1
reliquiis,3,1
reliquimus,3,1
reliquis,3,1
reliquisse,2,1
reliquissem,2,1
reliquissent,2,1
reliquisset,2,1
reliquisti,2,1
reliquistis,2,1
reliquit,2,1
reliquo,3,1
reliquorum,2,1
reliquos,3,1
reliquum,3,1
reliquus,3,1
remane,3,1
remaneant,3,1
remaneat,3,1
remanebit,2,1
remanebunt,2,1
remanent,2|3,2
remanente,2,1
remanentes,2,1
remanentis,2,1
remanere,2,1
remanerent,2,1
remaneret,2,1
remanserant,3,1
remanserat,3,1
remanserint,3,1
remanserit,3,1
remanserunt,2,1
remansi,2,1
remansisset,2,1
remansit,2,1
remansurus,2,1
remeandi,2,1
remedium,3,1
remetietur,2,1
remigabant,2,1
remigando,2,1
remiges,3,1
remigum,3,1
reminiscaris,2,1
reminiscens,2,1
reminiscere,2|3,2
reminiscor,2,1
remiserat,3,1
remiseritis,2|3,2
remiserunt,2,1
remisi,2,1
remisisset,2,1
remisisti,2,1
remisit,2,1
remissa,2,1
remissae,2,1
remissas,2,1
remissio,3,1
remissione,2,1
remissionem,2,1
remissionis,2,1
remissis,2,1
remissius,3,1
remissus,2,1
remittamus,2,1
remittantur,2,1
remittas,2,1
remittat,2,1
remittatur,2,1
remitte,2,1
remittebat,2,1
remittemus,2,1
remittentes,2,1
remittentur,2,1
remittere,2|3,2
remittet,2,1
remittetur,2,1
remittimus,3,1
remittit,2,1
remitto,2,1
remittuntur,2,1
remota,2,1
remoue,3,1
remouebis,2,1
remouerat,3,1
remouere,2,1
remouit,2,1
remuneratio,3,1
remunerationem,2,1
remunerator,2,1
renascens,2,1
renasci,2,1
renascitur,3,1
renati,2,1
renatus,2,1
renibus,3,1
renouabitur,3,1
renouare,2,1
renouarent,2,1
renouari,2,1
renouata,2,1
renouatione,2,1
renouatum,2,1
renouatur,2,1
renouatus,2,1
renouauit,2,1
renouent,3,1
renouet,3,1
renuens,3,1
renuis,3,1
renuit,3,1
renuntia,3,1
renuntiabit,2,1
renuntiabo,2,1
renuntiare,2,1
renuntiarent,2,1
renuntiassent,2,1
renuntiat,3,1
renuntiata,2,1
renuntiate,2,1
renuntiatum,2,1
renuntiauerunt,2,1
renuntiauit,2,1
renuntiem,3,1
renuntient,3,1
renuntiet,3,1
reparauit,2,1
repedabat,2,1
repedauit,2,1
repellam,2,1
repellant,2,1
repellas,2,1
repelle,2,1
repellentes,2,1
repellere,2|3,2
repellet,2,1
repellis,2,1
rependitur,3,1
repente,2,1
repentina,2,1
repentino,2,1
repentinum,2,1
repentinus,2,1
repererant,3,1
repererat,3,1
repererunt,2,1
reperi,3,1
reperiam,3,1
reperiant,3,1
reperiatur,2,1
reperiemus,2,1
reperiens,3,1
reperient,3,1
reperientes,2,1
reperies,3,1
reperiet,3,1
reperietis,2,1
reperietur,2,1
reperimus,2|3,2
reperire,2,1
reperisset,2,1
reperit,3,1
reperiuntur,2,1
reperta,2,1
repertae,2,1
reperti,2,1
repertum,2,1
repertus,2,1
repetam,3,1
repetamus,2,1
repetas,3,1
repetendi,2,1
repetendo,2,1
repetere,2|3,2
repetes,3,1
repetit,3,1
repetitione,2,1
repetitis,2|3,2
repetitus,2,1
repetunt,3,1
repleam,3,1
repleat,3,1
repleatur,2,1
replebant,2,1
replebit,2,1
replebitur,3,1
replebo,2,1
replebuntur,2,1
replere,2,1
replerent,2,1
repleret,2,1
replesti,2,1
replestis,2,1
repleta,2,1
repletae,2,1
replete,2,1
repleti,2,1
repletis,2,1
repletos,2,1
repletum,2,1
repletur,2,1
repletus,2,1
repleuerant,3,1
repleueris,3,1
repleuero,3,1
repleuerunt,2,1
repleui,2,1
repleuit,2,1
replicant,3,1
replicauit,2,1
reponat,2,1
repone,2,1
reponebant,2,1
reponebatur,2,1
reponentur,2,1
reponerent,3,1
repones,2,1
reponi,2,1
reponis,2,1
reponite,3,1
reporta,2,1
reportabant,2,1
reportantes,2,1
reportauerunt,2,1
reportauit,2,1
reposita,3,1
repositae,3,1
repositam,3,1
repositi,3,1
repositum,3,1
repositus,3,1
reposuerunt,2,1
reposuit,3,1
reppererant,3,1
reppereris,3,1
reppererit,3,1
repperero,3,1
reppererunt,2,1
repperi,3,1
repperimus,2|3,2
repperissent,2,1
repperisset,2,1
repperit,3,1
reppulerunt,2,1
reppuli,3,1
reppulisti,2,1
reppulit,3,1
reprehendere,2|3,2
reprehenderit,3,1
reprehendit,2,1
reprehendo,2,1
reprehensibilis,3,1
reprehensio,3,1
reprehensione,2,1
reprehensor,2,1
reprimes,3,1
reproba,3,1
reprobare,2,1
reprobari,2,1
reprobat,3,1
reprobatio,3,1
reprobatum,2,1
reprobatus,2,1
reprobauerunt,2,1
reprobes,3,1
reprobi,3,1
reprobum,3,1
reprobus,3,1
repromiserat,3,1
repromisit,2,1
repromissam,2,1
repromissio,3,1
repromissione,2,1
repromissionem,2,1
repromissiones,2,1
repromissionis,2,1
repromittit,2,1
reptantibus,3,1
reptile,3,1
reptili,3,1
reptilia,3,1
reptilium,3,1
repudiata,2,1
repudiatam,2,1
repudii,3,1
repugnabant,2,1
repugnandum,2,1
repugnant,2,1
repugnantem,2,1
repugnantes,2,1
repugnare,2,1
repugnet,2,1
repulerunt,2,1
repulit,3,1
repulsa,2,1
repulsi,2,1
repulsus,2,1
reputabamus,2,1
reputabat,2,1
reputabis,2,1
reputabit,2,1
reputabitis,3,1
reputabitur,3,1
reputabuntur,2,1
reputans,3,1
reputantes,2,1
reputantur,2,1
reputari,2,1
reputas,3,1
reputat,3,1
reputatae,2,1
reputati,2,1
reputatum,2,1
reputatur,2,1
reputaui,2,1
reputauimus,3,1
reputauit,2,1
reputent,3,1
reputentur,2,1
reputes,3,1
reputetur,2,1
requie,3,1
requiem,3,1
requies,3,1
requiescam,2,1
requiescant,2,1
requiescas,2,1
requiescat,2,1
requiesce,2,1
requiescens,2,1
requiescent,2,1
requiescere,2|3,2
requiescerem,3,1
requiescerent,3,1
requiesceret,3,1
requiescet,2,1
requiescis,2,1
requiescit,2,1
requiescite,3,1
requiescunt,2,1
requietionis,2,1
requieuerat,3,1
requieuerit,3,1
requieuerunt,2,1
requieui,2,1
requieuit,2,1
requiram,2,1
requiramus,2,1
requirant,2,1
requiras,2,1
requirat,2,1
requiratur,2,1
require,2,1
requirebant,2,1
requirebat,2,1
requirendi,2,1
requirendos,2,1
requirendum,2,1
requirens,2,1
requirent,2,1
requirentem,2,1
requirentes,2,1
requirentibus,3,1
requirentur,2,1
requirere,2|3,2
requirerent,3,1
requireres,3,1
requireret,3,1
requires,2,1
requiret,2,1
requiretis,2,1
requiretur,2,1
requirit,2,1
requirite,3,1
requiro,2,1
requirunt,2,1
requisierunt,2,1
requisisset,2,1
requisisti,2,1
requisita,2,1
requisitus,2,1
requisiuit,2,1
rescindentes,2,1
rescisset,2,1
resciuit,2,1
rescribere,2|3,2
rescripserunt,2,1
rescripsit,2,1
rescriptam,2,1
rescriptum,2,1
resederant,3,1
resederunt,2,1
resedit,2,1
reseruandum,2,1
reseruantes,2,1
reseruare,2,1
reseruari,2,1
reseruasti,2,1
reseruat,2,1
reseruate,2,1
reseruati,2,1
reseruatos,2,1
reseruatur,2,1
reseruauit,2,1
reseruentur,2,1
reside,2|3,2
resideat,3,1
residebant,2,1
residebat,2,1
residebit,2,1
residens,2|3,2
resident,2|3,2
residente,2,1
residentes,2,1
residere,2|3,2
residua,3,1
residuae,3,1
residuam,3,1
residui,3,1
residuis,3,1
residuo,3,1
residuos,3,1
residuum,3,1
residuus,3,1
resina,2,1
resinae,2,1
resinam,2,1
resipiscant,2,1
resistat,2,1
resistebant,2,1
resistebat,2,1
resistendi,2,1
resistendum,2,1
resistent,2,1
resistente,2,1
resistentem,2,1
resistentes,2,1
resistenti,2,1
resistentibus,3,1
resistere,2|3,2
resisteret,3,1
resistet,2,1
resisti,2,1
resistis,2,1
resistit,2,1
resistite,3,1
resistunt,2,1
resoluitur,3,1
resolutionis,2,1
resolutus,2,1
resonabat,2,1
resonabit,2,1
resonans,3,1
resonant,3,1
resonantes,2,1
resonaret,2,1
resonat,3,1
resonet,3,1
respectant,2,1
respectantes,2,1
respectu,2,1
respectus,2,1
respersa,2,1
respersit,2,1
respersos,2,1
respexeris,3,1
respexerunt,2,1
respexi,2,1
respeximus,3,1
respexissent,2,1
respexisset,2,1
respexisti,2,1
respexistis,2,1
respexit,2,1
respice,3,1
respicere,3,1
respiceret,3,1
respiciam,3,1
respiciant,3,1
respicias,3,1
respiciat,3,1
respiciebant,2,1
respiciebat,2,1
respiciendo,2,1
respiciens,3,1
respicient,3,1
respiciente,2,1
respicientem,2,1
respicientes,2,1
respicientibus,3,1
respicientis,2,1
respicies,3,1
respiciet,3,1
respicietur,2,1
respicio,3,1
respicis,3,1
respicit,3,1
respicite,3,1
respiciunt,3,1
respirasset,2,1
respirauit,2,1
resplendens,2,1
resplendent,2,1
responde,2,1
respondeam,3,1
respondeant,3,1
respondeas,3,1
respondeat,3,1
respondeatis,2,1
respondebat,2,1
respondebimus,3,1
respondebis,2,1
respondebit,2,1
respondebitis,3,1
respondebitur,3,1
respondebo,2,1
respondebunt,2,1
respondendum,2,1
respondens,2,1
respondent,2,1
respondente,2,1
respondentem,2,1
respondentes,2,1
respondentibus,3,1
respondeo,3,1
responderant,3,1
responderat,3,1
respondere,2,1
responderem,2,1
responderent,2,1
responderet,2,1
responderint,3,1
responderis,2|3,2
responderit,3,1
responderunt,2,1
respondes,2,1
respondet,2,1
respondete,2,1
respondetur,2,1
respondi,2,1
respondimus,3,1
respondissem,2,1
respondisset,2,1
respondisti,2,1
respondistis,2,1
respondit,2,1
responsa,2,1
responsio,3,1
responsione,2,1
responsionem,2,1
responsionibus,3,1
responsionis,2,1
responsis,2,1
responso,2,1
responsum,2,1
respuere,2|3,2
restauranda,2,1
restaurauit,2,1
restibus,3,1
resticula,3,1
restiterant,3,1
restiterat,3,1
restiterit,3,1
restiterunt,2,1
restiti,3,1
restitissent,2,1
restitistis,2,1
restitit,3,1
restituam,3,1
restituar,3,1
restituas,3,1
restituat,3,1
restituatur,2,1
restitue,3,1
restituendo,2,1
restituens,3,1
restituent,3,1
restituere,2|3,2
restituerentur,2,1
restitueret,3,1
restitueretur,2,1
restituerit,3,1
restituerunt,2,1
restitues,3,1
restituet,3,1
restituetur,2,1
restitui,3,1
restituimus,3,1
restituit,3,1
restituta,2,1
restituti,2,1
restitutionis,2,1
restitutor,2,1
restituturum,2,1
restitutus,2,1
restituunt,3,1
resumpto,2,1
resurgam,2,1
resurgant,2,1
resurgat,2,1
resurgemus,2,1
resurgens,2,1
resurgent,2,1
resurgere,2|3,2
resurget,2,1
resurgit,2,1
resurgunt,2,1
resurrectio,3,1
resurrectione,2,1
resurrectionem,2,1
resurrectionis,2,1
resurrecturos,2,1
resurrexerint,3,1
resurrexerit,3,1
resurrexisse,2,1
resurrexit,2,1
resuscitabo,2,1
resuscitatum,2,1
retardatis,2,1
retenta,2,1
retento,2,1
retentum,2,1
retentus,2,1
retexit,2,1
retia,3,1
retiaculo,3,1
retiaculum,3,1
retibus,3,1
reticeret,2,1
reticulo,3,1
reticulum,3,1
retine,3,1
retineamus,2,1
retineas,3,1
retinebat,2,1
retinebit,2,1
retinens,3,1
retinent,3,1
retinentes,2,1
retinere,2,1
retines,3,1
retinet,3,1
retinetis,2,1
retinuerit,3,1
retinuit,3,1
retorquere,2,1
retorsit,2,1
retorta,2,1
retorto,2,1
retracta,2,1
retractare,2,1
retractat,2,1
retractatione,2,1
retrahas,3,1
retrahe,3,1
retrahebant,2,1
retrahente,2,1
retrahere,2|3,2
retraxerunt,2,1
retraxit,2,1
retribuam,3,1
retribuat,3,1
retribuere,2|3,2
retribuet,3,1
retribuetur,2,1
retribuit,3,1
retributio,3,1
retributione,2,1
retributionem,2,1
retributiones,2,1
retributionis,2,1
retrorsum,2,1
retrudi,2,1
rettulerunt,2,1
rettuli,3,1
rettulimus,3,1
rettulisset,2,1
rettulit,3,1
retulerunt,2,1
retuli,3,1
retulimus,3,1
retulisset,2,1
retulit,3,1
retusae,2,1
retusum,2,1
reuelabis,2,1
reuelabit,2,1
reuelabitur,3,1
reuelans,2,1
reuelare,2,1
reuelaret,2,1
reuelari,2,1
reuelasti,2,1
reuelat,2,1
reuelata,2,1
reuelatae,2,1
reuelatione,2,1
reuelationem,2,1
reuelationes,2,1
reuelationis,2,1
reuelatum,2,1
reuelatur,2,1
reuelatus,2,1
reuelauerit,3,1
reuelauit,2,1
reuelet,2,1
reueletur,2,1
reuera,2,1
reuereamur,2,1
reuereantur,2,1
reuerearis,2,1
reuerentia,3,1
reuerentiam,3,1
reuereor,3,1
reueritus,3,1
reuersa,2,1
reuersae,2,1
reuersam,2,1
reuersi,2,1
reuersio,3,1
reuersionem,2,1
reuersionis,2,1
reuersum,2,1
reuersurum,2,1
reuersurus,2,1
reuersus,2,1
reuertamur,2,1
reuertantur,2,1
reuertar,2,1
reuertaris,2,1
reuertatur,2,1
reuertebantur,2,1
reuertebatur,2,1
reuertemini,3,1
reuertemur,2,1
reuertendi,2,1
reuertens,2,1
reuertente,2,1
reuertentem,2,1
reuertentes,2,1
reuertenti,2,1
reuertentibus,3,1
reuertentium,3,1
reuertentur,2,1
reuertere,2|3,2
reuerterentur,2,1
reuerteretur,2,1
reuerteris,2|3,2
reuertetur,2,1
reuerti,2,1
reuertimini,3,1
reuertissent,2,1
reuertisset,2,1
reuertisti,2,1
reuertitur,3,1
reuertuntur,2,1
reuirescet,2,1
reuixit,2,1
reuoca,3,1
reuocabit,2,1
reuocabitur,3,1
reuocabo,2,1
reuocans,3,1
reuocare,2,1
reuocari,2,1
reuocastis,2,1
reuocata,2,1
reuocati,2,1
reuocatis,2,1
reuocauit,2,1
reuoces,3,1
reuocet,3,1
reuoluit,2,1
reuolutum,2,1
rhegium,3,1
rhinoceros,3,1
rhinocerotis,2,1
rideant,3,1
rideat,3,1
ridebam,2,1
ridebis,2,1
ridebit,2,1
ridebitis,3,1
ridebo,2,1
ridebunt,2,1
ridendi,2,1
ridete,2,1
ridetis,2,1
ridiculi,3,1
ridiculo,3,1
rigantur,2,1
rigare,2,1
rigauit,2,1
rigide,3,1
risisti,2,1
rituum,3,1
riuorum,2|3,2
riuulos,3,1
rixantes,2,1
rixantur,2,1
rixari,2,1
rixati,2,1
roboam,3,1
robora,3,1
roborabitur,3,1
roborantur,2,1
roboraretur,2,1
roborasti,2,1
roborat,3,1
roborati,2,1
roboratum,2,1
roboratur,2,1
roboratus,2,1
roborauit,2,1
robore,3,1
roboris,3,1
robusta,2,1
robustae,2,1
robustam,2,1
robusti,2,1
robustior,3,1
robustiores,2,1
robustioris,2,1
robustissimas,3,1
robustissimi,3,1
robustissimis,3,1
robustissimos,3,1
robustissimus,3,1
robusto,2,1
robustorum,2,1
robustos,2,1
robustum,2,1
robustus,2,1
rodebant,2,1
rogabant,2,1
rogabat,2,1
rogabis,2,1
rogabit,2,1
rogabo,2,1
rogabunt,2,1
rogamus,2,1
rogandum,2,1
rogante,2,1
rogantes,2,1
rogantibus,3,1
rogare,2,1
rogaremus,2,1
rogaret,2,1
rogasti,2,1
rogate,2,1
rogati,2,1
rogatio,3,1
rogationem,2,1
rogato,2,1
rogauero,3,1
rogauerunt,2,1
rogaui,2,1
rogauimus,3,1
rogauit,2,1
rogetis,2,1
romani,2,1
romanis,2,1
romanorum,2,1
romanos,2,1
romanum,2,1
romanus,2,1
rosarum,2,1
roseo,3,1
rotarum,2,1
rotunda,2,1
rotundi,2,1
rotunditas,3,1
rotundum,2,1
rubicundum,2,1
rubicundus,2,1
rubigine,3,1
rubiginem,3,1
rubigo,2,1
rubore,2,1
rubrica,2,1
rubuit,3,1
rudentibus,3,1
ruente,2,1
ruentes,2,1
ruentibus,3,1
ruere,2|3,2
ruerunt,2,1
rugiens,3,1
rugiet,3,1
rugitus,2,1
rugiunt,3,1
ruina,2,1
ruinae,2,1
ruinam,2,1
ruinarum,2,1
ruinas,2,1
ruinis,2,1
ruinosa,2,1
ruisse,2,1
ruminant,3,1
ruminantibus,3,1
ruminat,3,1
rumpatur,2,1
rumpebatur,2,1
rumpentur,2,1
rumpetur,2,1
rumpitur,3,1
rumpuntur,2,1
runcina,2,1
ruperunt,2,1
rupibus,3,1
rupisti,2,1
ruptura,2,1
rusticatio,3,1
rusticationem,2,1
rustico,3,1
rusticus,3,1
rutilat,3,1
sabaei,2,1
sabaeis,2,1
sabbata,3,1
sabbati,3,1
sabbatis,3,1
sabbato,3,1
sabbatorum,2,1
sabbatum,3,1
sabuli,3,1
sabulo,3,1
sacculi,3,1
sacculis,3,1
sacculo,3,1
sacculos,3,1
sacculum,3,1
sacerdos,2,1
sacerdotale,2,1
sacerdotalem,2,1
sacerdotales,2,1
sacerdotali,2,1
sacerdotalia,3,1
sacerdotalibus,3,1
sacerdotalium,3,1
sacerdote,2,1
sacerdotem,2,1
sacerdotes,2,1
sacerdoti,2,1
sacerdotibus,3,1
sacerdotii,3,1
sacerdotio,3,1
sacerdotis,2,1
sacerdotium,3,1
sacerdotum,2,1
sacramenta,2,1
sacramenti,2,1
sacramento,2,1
sacramentum,2,1
sacrario,3,1
sacrarum,2,1
sacratis,2,1
sacrificabant,2,1
sacrificabat,2,1
sacrificabo,2,1
sacrificando,2,1
sacrificandum,2,1
sacrificant,3,1
sacrificantem,2,1
sacrificantes,2,1
sacrificantibus,3,1
sacrificantium,3,1
sacrificantur,2,1
sacrificare,2,1
sacrificarent,2,1
sacrificaret,2,1
sacrificat,3,1
sacrificate,2,1
sacrificatur,2,1
sacrificauerunt,2,1
sacrificauit,2,1
sacrificemus,2,1
sacrificent,3,1
sacrificet,3,1
sacrificia,3,1
sacrificii,3,1
sacrificiis,3,1
sacrificio,3,1
sacrificiorum,2,1
sacrificium,3,1
sacrificum,3,1
sacrilegii,3,1
sacrilegiis,3,1
sacrilegio,3,1
sacrilegium,3,1
sacrilegos,3,1
sacrilegum,3,1
sacrorum,2,1
sadducaei,2,1
saecula,3,1
saeculare,2,1
saecularia,3,1
saecularibus,3,1
saeculi,3,1
saeculis,3,1
saeculo,3,1
saeculorum,2,1
saeculum,3,1
saepiam,3,1
saepibus,3,1
saepius,3,1
saeuiat,3,1
saeuientes,2,1
saeuientis,2,1
saeuiet,3,1
saeuiores,2,1
saeuire,2,1
saeuissimis,3,1
sagena,2,1
sagina,2,1
saginati,2,1
saginatum,2,1
saginatus,2,1
sagitta,2,1
sagittae,2,1
sagittam,2,1
sagittarii,3,1
sagittariis,3,1
sagittariorum,2,1
sagittarios,3,1
sagittarius,3,1
sagittarum,2,1
sagittas,2,1
sagittis,2,1
sagorum,2,1
salamina,2,1
salaminam,2,1
salicem,3,1
salices,3,1
salicibus,3,1
salicum,3,1
saliens,3,1
salientis,2,1
salierunt,2,1
saliet,3,1
salinarum,2,1
salinas,2,1
saliuae,2,1
saliuam,2,1
saliunca,2,1
salomon,3,1
salomone,2,1
salomonem,2,1
salomoni,2,1
salomonis,2,1
salsissimi,3,1
salsissimo,3,1
salsissimum,3,1
salsuginem,3,1
salsuginis,3,1
saltabat,2,1
saltandi,2,1
saltantem,2,1
saltare,2,1
saltasset,2,1
saltastis,2,1
saltatrice,2,1
saltauerunt,2,1
saltauit,2,1
saltibus,3,1
saltui,3,1
saltuum,3,1
saluabit,2,1
saluabitur,3,1
saluabo,2,1
saluabuntur,2,1
saluantur,2,1
saluare,2,1
saluaret,2,1
saluari,2,1
saluati,2,1
saluatio,3,1
saluator,2,1
saluatore,2,1
saluatorem,2,1
saluatori,2,1
saluatoris,2,1
saluatum,2,1
saluatur,2,1
saluatus,2,1
saluaui,2,1
saluauit,2,1
salubris,2,1
saluetur,2,1
saluta,2,1
salutabant,2,1
salutabitis,3,1
salutandos,2,1
salutandum,2,1
salutant,2,1
salutantes,2,1
salutantibus,3,1
salutare,2,1
salutarem,2,1
salutaret,2,1
salutari,2,1
salutaribus,3,1
salutaris,2,1
salutarium,3,1
salutasset,2,1
salutat,2,1
salutate,2,1
salutatio,3,1
salutationem,2,1
salutationes,2,1
salutationis,2,1
salutatis,2,1
salutauerit,3,1
salutauerunt,2,1
salutauit,2,1
salute,2,1
salutem,2,1
salutent,2,1
salutes,2,1
saluti,2,1
salutis,2,1
saluto,2,1
samaria,3,1
samariae,3,1
samariam,3,1
samaritae,2,1
samaritanorum,2,1
samaritanus,2,1
samia,3,1
samiis,3,1
samothraciam,3,1
samuel,3,1
sanabant,2,1
sanabat,2,1
sanaberis,3,1
sanabiles,3,1
sanabis,2,1
sanabit,2,1
sanabitur,3,1
sanabo,2,1
sanabunt,2,1
sanabuntur,2,1
sanandi,2,1
sanando,2,1
sanandum,2,1
sanare,2,1
sanarentur,2,1
sanaret,2,1
sanaretur,2,1
sanari,2,1
sanasti,2,1
sanata,2,1
sanatam,2,1
sanati,2,1
sanatio,3,1
sanatione,2,1
sanatum,2,1
sanatus,2,1
sanauerit,3,1
sanaui,2,1
sanauit,2,1
sanciretur,2,1
sancitum,3,1
sanctarum,2,1
sanctifica,3,1
sanctificabitur,3,1
sanctificans,3,1
sanctificantur,2,1
sanctificare,2,1
sanctificat,3,1
sanctificata,2,1
sanctificate,2,1
sanctificati,2,1
sanctificatio,3,1
sanctificatione,2,1
sanctificationem,2,1
sanctificationis,2,1
sanctificatis,2,1
sanctificatum,2,1
sanctificatur,2,1
sanctificatus,2,1
sanctificaui,2,1
sanctificauit,2,1
sanctificet,3,1
sanctificetur,2,1
sanctifico,3,1
sanctimonia,3,1
sanctimoniam,3,1
sanctior,3,1
sanctissima,3,1
sanctissimae,3,1
sanctissimas,3,1
sanctissimi,3,1
sanctissimis,3,1
sanctissimum,3,1
sanctissimus,3,1
sanctitate,2,1
sanctitatem,2,1
sanctitati,2,1
sanctitatis,2,1
sanctitudo,2,1
sanctius,3,1
sanctorum,2,1
sanctuaria,3,1
sanctuarii,3,1
sanctuario,3,1
sanctuarium,3,1
sandaliis,3,1
sanetur,2,1
sanguine,3,1
sanguinem,3,1
sanguini,3,1
sanguinibus,3,1
sanguinis,3,1
sanguinum,3,1
sanguisugae,2,1
sanie,3,1
saniem,3,1
sanies,3,1
sanitas,3,1
sanitate,2,1
sanitatem,2,1
sanitates,2,1
sanitati,2,1
sanitatis,2,1
sanitatum,2,1
sanorum,2,1
sapere,3,1
saperent,3,1
sapiamus,2,1
sapias,3,1
sapiebam,2,1
sapiens,3,1
sapiente,2,1
sapientem,2,1
sapienter,2,1
sapientes,2,1
sapienti,2,1
sapientia,3,1
sapientiae,3,1
sapientiam,3,1
sapientibus,3,1
sapientior,3,1
sapientiora,2,1
sapientiorem,2,1
sapientis,2,1
sapientissime,3,1
sapientissimum,3,1
sapientissimus,3,1
sapientium,3,1
sapientius,3,1
sapientum,2,1
sapite,3,1
sapitis,3,1
sapiunt,3,1
saporem,2,1
saporis,2,1
sarai,3,1
sarcina,3,1
sarcinam,3,1
sarcinas,3,1
sarcinulas,3,1
sarcinulis,3,1
sarculo,3,1
sarculum,3,1
sardius,3,1
sarmenta,2,1
sarmentorum,2,1
sartagine,3,1
sartaginem,3,1
sartaginis,3,1
satellites,3,1
satellitibus,3,1
satellitum,3,1
satiabit,2,1
satiabitur,3,1
satiabo,2,1
satiantur,2,1
satiari,2,1
satias,3,1
satiasti,2,1
satiat,3,1
satiata,2,1
satiatae,2,1
satiati,2,1
satiatur,2,1
satiatus,2,1
satiauit,2,1
satient,3,1
satietatem,2,1
sationes,2,1
satisfacere,3,1
satisfacerent,3,1
satisfaciam,3,1
satisfaciet,3,1
satisfactione,2,1
satisfactionem,2,1
satorem,2,1
satrapae,3,1
satrapam,3,1
satraparum,2,1
satrapas,3,1
satrapis,3,1
saturabimini,3,1
saturabitur,3,1
saturabuntur,2,1
saturare,2,1
saturari,2,1
saturata,2,1
saturatae,2,1
saturati,2,1
saturatus,2,1
saturaui,2,1
saturauit,2,1
saturentur,2,1
saturitas,3,1
saturitate,2,1
saturitatem,2,1
saucios,3,1
saucius,3,1
saxeis,3,1
saxorum,2,1
scabelli,2,1
scabellum,2,1
scabie,3,1
scabiei,3,1
scabiem,3,1
scabies,3,1
scalpello,2,1
scalptura,2,1
scalpturarum,2,1
scandala,3,1
scandali,3,1
scandalis,3,1
scandalizabantur,2,1
scandalizantur,2,1
scandalizat,2,1
scandalizatur,2,1
scandalizatus,2,1
scandalizauerit,3,1
scandalum,3,1
scapula,3,1
scapulae,3,1
scapulam,3,1
scapulas,3,1
scapulis,3,1
scateat,3,1
scatere,2,1
scaturigines,3,1
scelera,3,1
scelerata,2,1
sceleratis,2,1
sceleratissimam,3,1
sceleratius,3,1
scelere,3,1
sceleribus,3,1
sceleris,3,1
scelerum,3,1
sceleste,2,1
scelesti,2,1
scelestis,2,1
scelestissime,3,1
scelestissimum,3,1
scelestius,3,1
scelestos,2,1
scelestum,2,1
scelestus,2,1
schismata,3,1
sciamus,2,1
sciatis,2,1
sciatur,2,1
sciderunt,2,1
scidisti,2,1
sciebam,2,1
sciebant,2,1
sciebas,2,1
sciebat,2,1
sciemus,2,1
sciendam,2,1
sciendum,2,1
sciente,2,1
scientem,2,1
scienter,2,1
scientes,2,1
scienti,2,1
scientia,3,1
scientiae,3,1
scientiam,3,1
scientiarum,2,1
scientias,3,1
scientibus,3,1
scientissimum,3,1
scierunt,2,1
scietis,2,1
scietur,2,1
scilicet,3,1
scindendi,2,1
scindendum,2,1
scindentes,2,1
scindentur,2,1
scindere,2|3,2
scindetur,2,1
scindite,3,1
scinditur,3,1
scintilla,2,1
scintillae,2,1
scintillam,2,1
scintillas,2,1
sciretis,2,1
sciscitabatur,2,1
sciscitantes,2,1
sciscitantibus,3,1
sciscitati,2,1
sciscitatur,2,1
sciscitatus,2,1
sciscitetur,2,1
scissura,2,1
scissuris,2,1
scitote,2,1
scopuli,3,1
scopulus,3,1
scoria,3,1
scoriae,3,1
scoriam,3,1
scorpii,3,1
scorpio,3,1
scorpionem,2,1
scorpiones,2,1
scorpionibus,3,1
scorpionis,2,1
scorpionum,2,1
scorpios,3,1
scortator,2,1
scribamus,2,1
scribantur,2,1
scribarum,2,1
scribatur,2,1
scribebam,2,1
scribebat,2,1
scribendi,2,1
scribentes,2,1
scribentis,2,1
scribentur,2,1
scribere,2|3,2
scriberet,3,1
scribimus,3,1
scribite,3,1
scrinia,3,1
scripserat,3,1
scripseris,3,1
scripserit,3,1
scripserunt,2,1
scripsimus,3,1
scripsissem,2,1
scripsisset,2,1
scripsisti,2,1
scripsistis,2,1
scriptoris,2,1
scriptura,2,1
scripturae,2,1
scripturam,2,1
scripturarum,2,1
scripturas,2,1
scripturis,2,1
scripturus,2,1
scrupulum,3,1
scrutabantur,2,1
scrutabitur,3,1
scrutabor,2,1
scrutantes,2,1
scrutantur,2,1
scrutare,2,1
scrutari,2,1
scrutata,2,1
scrutati,2,1
scrutator,2,1
scrutatores,2,1
scrutatur,2,1
scrutatus,2,1
scrutemini,3,1
scrutemur,2,1
scrutentur,2,1
scrutetur,2,1
scrutinio,3,1
scrutinium,3,1
sculpendum,2,1
sculpere,2|3,2
sculptile,3,1
sculptilia,3,1
sculptilibus,3,1
sculptura,2,1
sculpturae,2,1
scurrilitas,3,1
scutarii,3,1
scutariorum,2,1
scutati,2,1
scutella,2,1
scutorum,2,1
scutula,3,1
scutulae,3,1
scutulam,3,1
scutulata,2,1
scutulis,3,1
scytharum,2,1
secabis,2,1
secabit,2,1
secedere,2|3,2
secedunt,2,1
secesserat,3,1
secesserunt,2,1
secessissent,2,1
secessit,2,1
secessum,2,1
secreta,2,1
secretioribus,3,1
secreto,2,1
secretorum,2,1
secretum,2,1
sectabantur,2,1
sectabatur,2,1
sectamini,3,1
sectanda,2,1
sectandam,2,1
sectantes,2,1
sectantibus,3,1
sectantur,2,1
sectare,2,1
sectari,2,1
sectati,2,1
sectator,2,1
sectatorem,2,1
sectatur,2,1
sectemur,2,1
sectetur,2,1
secuerit,3,1
secunda,2,1
secundae,2,1
secundam,2,1
secundarum,2,1
secundas,2,1
secundi,2,1
secundo,2,1
secundos,2,1
secundum,2,1
secundus,2,1
secura,2,1
securae,2,1
securam,2,1
secure,2,1
secures,2,1
securi,2,1
securibus,3,1
securim,2,1
securior,3,1
securis,2,1
securitas,3,1
securitate,2,1
securitatem,2,1
securitati,2,1
securitatis,2,1
securium,3,1
securo,2,1
securos,2,1
securum,2,1
securus,2,1
secuta,2,1
secutae,2,1
secuti,2,1
secutis,2,1
secutum,2,1
secutus,2,1
sedare,2,1
sedasset,2,1
sedauit,2,1
sedeamus,2,1
sedeant,3,1
sedeas,3,1
sedeat,3,1
sedeatis,2,1
sedebam,2,1
sedebamus,2,1
sedebant,2,1
sedebas,2,1
sedebat,2,1
sedebis,2,1
sedebit,2,1
sedebo,2,1
sedebunt,2,1
sedecim,3,1
sedemus,2,1
sedendum,2,1
sedente,2,1
sedentem,2,1
sedentes,2,1
sedenti,2,1
sedentibus,3,1
sedentis,2,1
sedentium,3,1
sedeo,3,1
sederant,3,1
sederat,3,1
sedere,2,1
sederem,2,1
sederent,2,1
sederet,2,1
sederit,3,1
sedero,3,1
sederunt,2,1
sedete,2,1
sedetis,2,1
sedibus,3,1
sedile,2,1
sedilia,3,1
sedimus,3,1
sedisse,2,1
sedisset,2,1
sedisti,2,1
sedistis,2,1
seditio,3,1
seditione,2,1
seditionem,2,1
seditiones,2,1
seditionibus,3,1
seditionis,2,1
seditiosis,2,1
sedium,3,1
seducaris,2,1
seducat,2,1
seducebat,2,1
seducere,2|3,2
seducet,2,1
seduci,2,1
seducimus,3,1
seducit,2,1
seducta,2,1
seducti,2,1
seductione,2,1
seductionem,2,1
seductiones,2,1
seductor,2,1
seductores,2,1
seductoribus,3,1
seductum,2,1
seductus,2,1
seducunt,2,1
sedulae,3,1
sedule,3,1
seduxerit,3,1
seduxerunt,2,1
seduxit,2,1
segete,3,1
segetem,3,1
segetes,3,1
segetum,3,1
segrega,3,1
segregant,3,1
segregat,3,1
segregata,2,1
segregatis,2,1
segregatus,2,1
segregauerunt,2,1
segregauit,2,1
seleuci,3,1
seleuciam,3,1
seleuco,3,1
seleucus,3,1
semeiam,3,1
semeias,3,1
sementem,2,1
sementis,2,1
semina,3,1
seminandum,2,1
seminans,3,1
seminant,3,1
seminantis,2,1
seminantur,2,1
seminare,2,1
seminarium,3,1
seminas,3,1
seminat,3,1
seminati,2,1
seminatum,2,1
seminatur,2,1
seminatus,2,1
seminauerit,3,1
seminauimus,3,1
seminauit,2,1
semine,3,1
semini,3,1
seminibus,3,1
seminis,3,1
seminum,3,1
semissem,2,1
semita,3,1
semitae,3,1
semitam,3,1
semitarum,2,1
semitas,3,1
semitis,3,1
semiuiuus,2,1
sempiterna,2,1
sempiternae,2,1
sempiternam,2,1
sempiternas,2,1
sempiterni,2,1
sempiternis,2,1
sempiterno,2,1
sempiternos,2,1
sempiternum,2,1
sempiternus,2,1
senatores,2,1
senatoribus,3,1
senatu,2,1
senatui,3,1
senecta,2,1
senectam,2,1
senectus,2,1
senectute,2,1
senectutem,2,1
senectuti,2,1
senectutis,2,1
senescentem,2,1
senescit,2,1
senescunt,2,1
senibus,3,1
senior,3,1
seniore,2,1
seniorem,2,1
seniores,2,1
senioribus,3,1
seniorum,2,1
senium,3,1
sensati,2,1
sensatus,2,1
senserit,3,1
senserunt,2,1
sensibus,3,1
sensisset,2,1
sententia,3,1
sententiae,3,1
sententiam,3,1
sententias,3,1
sententiis,3,1
sentiamus,2,1
sentiant,3,1
sentias,3,1
sentiat,3,1
sentibus,3,1
sentiebam,2,1
sentiebant,2,1
sentiebatis,2,1
sentiendum,2,1
sentiens,3,1
sentientes,2,1
senties,3,1
sentiet,3,1
sentire,2,1
sentirent,2,1
sentiri,2,1
sentite,2,1
sentiunt,3,1
senuerit,3,1
senuerunt,2,1
senui,3,1
senuit,3,1
seorsum,2,1
separa,3,1
separabat,2,1
separabis,2,1
separabit,2,1
separabitur,3,1
separabuntur,2,1
separamini,3,1
separant,3,1
separantur,2,1
separare,2,1
separaret,2,1
separari,2,1
separasti,2,1
separat,3,1
separata,2,1
separatae,2,1
separatam,2,1
separate,2,1
separati,2,1
separatim,2,1
separatione,2,1
separationem,2,1
separationis,2,1
separatis,2,1
separato,2,1
separatum,2,1
separatur,2,1
separatus,2,1
separauerint,3,1
separauerit,3,1
separauerunt,2,1
separaui,2,1
separauit,2,1
separet,3,1
separetur,2,1
sepeli,3,1
sepeliant,3,1
sepeliar,3,1
sepelias,3,1
sepeliat,3,1
sepeliendum,2,1
sepelientur,2,1
sepelieris,2|3,2
sepelierunt,2,1
sepelies,3,1
sepeliet,3,1
sepelietur,2,1
sepelio,3,1
sepelire,2,1
sepelirem,2,1
sepelirent,2,1
sepeliret,2,1
sepelissent,2,1
sepelit,3,1
sepeliui,2,1
sepeliuit,2,1
sepiam,3,1
sepibus,3,1
seponas,2,1
septena,2,1
septentrionale,2,1
septentrionalem,2,1
septentrionali,2,1
septentrionalis,2,1
septentrione,2,1
septentrionem,2,1
septies,3,1
septima,3,1
septimae,3,1
septimam,3,1
septimanis,2,1
septimi,3,1
septimo,3,1
septimum,3,1
septimus,3,1
septingenta,2,1
septingentae,2,1
septingentas,2,1
septingenti,2,1
septingentis,2,1
septingentorum,2,1
septingentos,2,1
septuagesimo,3,1
septuagies,3,1
septuaginta,2,1
septuplum,3,1
sepulchra,2,1
sepulchri,2,1
sepulchris,2,1
sepulchro,2,1
sepulchrorum,2,1
sepulchrum,2,1
sepulcra,2,1
sepulcri,2,1
sepulcris,2,1
sepulcro,2,1
sepulcrorum,2,1
sepulcrum,2,1
sepulta,2,1
sepulto,2,1
sepultos,2,1
sepultum,2,1
sepultura,2,1
sepulturae,2,1
sepulturam,2,1
sepulturas,2,1
sepultus,2,1
sequamini,3,1
sequamur,2,1
sequantur,2,1
sequaris,2,1
sequatur,2,1
sequebamur,2,1
sequebantur,2,1
sequebar,2,1
sequebatur,2,1
sequentem,2,1
sequentes,2,1
sequenti,2,1
sequentibus,3,1
sequentis,2,1
sequentium,3,1
sequentur,2,1
sequere,2|3,2
sequerentur,2,1
sequerer,3,1
sequereris,2,1
sequeretur,2,1
sequeris,2|3,2
sequestrari,2,1
sequetur,2,1
sequimini,3,1
sequimur,3,1
sequitur,3,1
sequuntur,2,1
seratur,2,1
serenat,2,1
sereno,2,1
serenti,2,1
serenum,2,1
serere,2|3,2
sergio,3,1
serici,3,1
serico,3,1
sericum,3,1
serite,3,1
seritur,3,1
sermocinante,2,1
sermocinatio,3,1
sermone,2,1
sermonem,2,1
sermones,2,1
sermoni,2,1
sermonibus,3,1
sermonis,2,1
sermonum,2,1
serotina,3,1
serotinae,3,1
serotinam,3,1
serotini,3,1
serotino,3,1
serotinum,3,1
serotinus,3,1
serpente,2,1
serpentem,2,1
serpentes,2,1
serpenti,2,1
serpentia,3,1
serpentibus,3,1
serpentis,2,1
serpentium,3,1
serrati,2,1
seruabam,2,1
seruabant,2,1
seruabantur,2,1
seruabatur,2,1
seruaberis,3,1
seruabis,2,1
seruabit,2,1
seruabitis,3,1
seruabitur,3,1
seruabo,2,1
seruabunt,2,1
seruanda,2,1
seruandum,2,1
seruantur,2,1
seruare,2,1
seruarent,2,1
seruarentur,2,1
seruaret,2,1
seruaretis,2,1
seruaretur,2,1
seruari,2,1
seruasti,2,1
seruastis,2,1
seruata,2,1
seruate,2,1
seruati,2,1
seruatorem,2,1
seruatum,2,1
seruatur,2,1
seruatus,2,1
seruaueris,3,1
seruauerit,3,1
seruauerunt,2,1
seruaui,2,1
seruauit,2,1
seruemus,2,1
seruetis,2,1
seruetur,2,1
seruiam,3,1
seruiamus,2,1
seruiant,3,1
seruias,3,1
seruiat,3,1
seruiatis,2,1
seruiebant,2,1
seruiebat,2,1
seruiemus,2,1
seruiendum,2,1
seruiens,3,1
seruient,3,1
seruientem,2,1
seruientes,2,1
seruienti,2,1
seruientia,3,1
seruientibus,3,1
seruientium,3,1
seruierant,3,1
seruierat,3,1
seruierint,3,1
seruieris,2|3,2
seruierit,3,1
seruierunt,2,1
seruies,3,1
seruiet,3,1
seruietis,2,1
seruile,2,1
seruimus,2,1
seruio,3,1
seruire,2,1
seruiremus,2,1
seruirent,2,1
seruiret,2,1
seruisti,2,1
seruistis,2,1
seruite,2,1
seruitia,3,1
seruitii,3,1
seruitio,3,1
seruitis,2,1
seruitium,3,1
seruituri,2,1
seruiturus,2,1
seruitus,2|3,2
seruitute,2,1
seruitutem,2,1
seruituti,2,1
seruitutis,2,1
seruiui,2,1
seruiuimus,3,1
seruiuit,2,1
seruiunt,3,1
seruorum,2,1
sescenta,2,1
sescentae,2,1
sescentesimo,3,1
sescenti,2,1
sescentis,2,1
sescentorum,2,1
sescentos,2,1
sessio,3,1
sessionem,2,1
sessionis,2,1
sessorem,2,1
sessurus,2,1
seuerimus,2|3,2
seueritatem,2,1
seuisset,2,1
sexagenarius,3,1
sexagesimo,3,1
sexagesimum,3,1
sexaginta,2,1
sexcenta,2,1
sexcentae,2,1
sexcentesimo,3,1
sexcenti,2,1
sexcentis,2,1
sexcentorum,2,1
sexcentos,2,1
sexies,3,1
sextario,3,1
sextarium,3,1
sextarius,3,1
sexui,3,1
sibilabit,2,1
sibilos,3,1
sibilum,3,1
sibilus,3,1
sibimet,3,1
sicariorum,2,1
siccabit,2,1
siccabuntur,2,1
siccante,2,1
siccantur,2,1
siccarentur,2,1
siccata,2,1
siccatae,2,1
siccatio,3,1
siccatus,2,1
siccauerit,3,1
siccauerunt,2,1
siccaui,2,1
siccauit,2,1
siccentur,2,1
siccetur,2,1
siccitas,3,1
siccitate,2,1
siccitatem,2,1
siccitatis,2,1
sicera,3,1
sicubi,3,1
sicuti,3,1
sicyonem,2,1
sidera,3,1
sideribus,3,1
siderum,3,1
sidone,2,1
sidonem,2,1
sidoni,2|3,2
sidoniae,3,1
sidonias,3,1
sidonii,3,1
sidoniis,3,1
sidoniorum,2,1
sidonis,2|3,2
sidonium,3,1
sidonius,3,1
sigillatim,2,1
sigillis,2,1
sigillo,2,1
sigillum,2,1
signacula,3,1
signaculo,3,1
signaculum,3,1
signanda,2,1
signantes,2,1
signares,2,1
signasti,2,1
signata,2,1
signatae,2,1
signati,2,1
signatores,2,1
signatorum,2,1
signatum,2,1
signatus,2,1
signaueris,3,1
signaui,2,1
signauit,2,1
signemus,2,1
significabantur,2,1
significabat,2,1
significabatur,2,1
significans,3,1
significant,3,1
significante,2,1
significantes,2,1
significantis,2,1
significare,2,1
significaret,2,1
significat,3,1
significatio,3,1
significationem,2,1
significationibus,3,1
significatum,2,1
significauit,2,1
significent,3,1
significet,3,1
signorum,2,1
sileamus,2,1
sileas,3,1
sileat,3,1
silebis,2,1
silebit,2,1
silenter,2,1
silentii,3,1
silentio,3,1
silentium,3,1
silere,2|3,2
silerem,2,1
silete,2,1
silice,3,1
silicem,3,1
siliceo,3,1
silicibus,3,1
silicis,3,1
siliquis,3,1
siloni,2,1
siluanum,2,1
siluanus,2,1
siluarum,2,1
siluerunt,2,1
siluestre,2,1
siluestrem,2,1
siluestres,2,1
siluestri,2,1
siluestria,3,1
siluestribus,3,1
siluestris,2,1
silui,3,1
siluit,3,1
simias,3,1
simila,3,1
similae,3,1
similam,3,1
simile,3,1
similem,3,1
similes,3,1
simili,3,1
similia,3,1
similis,3,1
similiter,3,1
similitudine,3,1
similitudinem,3,1
similitudines,3,1
similitudini,3,1
similitudinis,3,1
similitudo,2,1
simone,2,1
simonem,2,1
simoni,2,1
simonis,2,1
simplicem,3,1
simplices,3,1
simplici,3,1
simplicia,3,1
simplicibus,3,1
simplicis,3,1
simplicitas,3,1
simplicitate,2,1
simplicitatem,2,1
simplicitatis,2,1
simpliciter,3,1
simula,3,1
simulabit,2,1
simulacra,2,1
simulacri,2,1
simulacris,2,1
simulacro,2,1
simulacrorum,2,1
simulacrum,2,1
simulans,3,1
simulant,3,1
simulantes,2,1
simularent,2,1
simularetur,2,1
simulas,3,1
simulasset,2,1
simulatione,2,1
simulationem,2,1
simulationes,2,1
simulationi,2,1
simulator,2,1
simulatores,2,1
simulauerunt,2,1
simulauit,2,1
sinapis,2,1
sinatis,2,1
sincera,2,1
sinceram,2,1
sincere,2,1
sinceri,2,1
sinceritate,2,1
sinceritatis,2,1
sindone,3,1
sindonem,3,1
sindones,3,1
sinebant,2,1
sinebat,2,1
sinentibus,3,1
sinere,2|3,2
sineret,3,1
singillatim,2,1
singula,3,1
singulae,3,1
singulare,2,1
singularis,2,1
singulariter,3,1
singularum,2,1
singulas,3,1
singulatim,2,1
singuli,3,1
singulis,3,1
singulorum,2,1
singulos,3,1
singultu,2,1
singultum,2,1
sinistra,2,1
sinistram,2,1
sinistris,2,1
sinistro,2,1
sinistrum,2,1
sinite,3,1
sinitis,3,1
sinitur,3,1
sinopide,3,1
sionem,2,1
siquando,2,1
siquidem,3,1
sisara,3,1
sisaram,3,1
sisterent,3,1
sitiam,3,1
sitiens,3,1
sitient,3,1
sitiente,2,1
sitientem,2,1
sitientes,2,1
sitienti,2,1
sitientibus,3,1
sitiet,3,1
sitimus,2,1
sitio,3,1
sitiunt,3,1
situla,3,1
smaragdi,2,1
smaragdo,2,1
smaragdus,2,1
smegmata,3,1
sobole,3,1
sobolem,3,1
sobriam,3,1
sobrias,3,1
sobrie,3,1
sobrietate,2,1
sobrietatem,2,1
sobrietatis,2,1
sobrii,3,1
sobrium,3,1
sobrius,3,1
soceri,3,1
socero,3,1
soceros,3,1
socerum,3,1
sociabat,2,1
sociam,3,1
sociare,2,1
sociata,2,1
sociati,2,1
sociatur,2,1
societas,3,1
societate,2,1
societatem,2,1
societatis,2,1
socii,3,1
sociis,3,1
socio,3,1
sociorum,2,1
socios,3,1
socium,3,1
socius,3,1
socrui,3,1
sodales,2,1
sodalibus,3,1
sodalis,2,1
sodalium,3,1
sodoma,3,1
sodomae,3,1
sodomam,3,1
sodomis,3,1
sodomorum,2,1
solacii,3,1
solacio,3,1
solacium,3,1
solario,3,1
solarium,3,1
solatii,3,1
solatio,3,1
solatium,3,1
soleas,3,1
solebant,2,1
solebat,2,1
solebatis,2,1
solemne,2,1
solemnem,2,1
solemnes,2,1
solemni,2,1
solemnibus,3,1
solemnis,2,1
solemnitas,3,1
solemnitate,2,1
solemnitatem,2,1
solemnitatibus,3,1
solemnitatis,2,1
soleo,3,1
solertia,3,1
soletis,2|3,2
solidabit,2,1
solidae,3,1
solidam,3,1
solidarentur,2,1
solidatae,2,1
solidatur,2,1
solidi,3,1
solido,3,1
solidos,3,1
solidum,3,1
solidus,3,1
solii,3,1
soliis,3,1
solio,3,1
solita,3,1
solitaria,3,1
solitariam,3,1
solitarius,3,1
solitas,3,1
soliti,3,1
solitis,3,1
solito,3,1
solitudine,3,1
solitudinem,3,1
solitudines,3,1
solitudini,3,1
solitudinibus,3,1
solitudinis,3,1
solitudo,2,1
solitum,3,1
solitus,3,1
solium,3,1
solius,3,1
sollemnem,2,1
sollemnes,2,1
sollemni,2,1
sollemnibus,3,1
sollemnis,2,1
sollemnitas,3,1
sollemnitate,2,1
sollemnitatem,2,1
sollemnitates,2,1
sollemnitatibus,3,1
sollemnitatis,2,1
sollertiam,3,1
sollertis,2,1
sollicita,3,1
sollicitabat,2,1
sollicitans,3,1
sollicitatis,2,1
sollicite,3,1
solliciti,3,1
sollicitior,3,1
sollicitiorem,2,1
sollicitius,3,1
sollicitor,3,1
sollicitudine,3,1
sollicitudinem,3,1
sollicitudinibus,3,1
sollicitudinis,3,1
sollicitudinum,3,1
sollicitudo,2,1
sollicitum,3,1
sollicitus,3,1
soluantur,2,1
soluatur,2,1
soluebantur,2,1
soluebat,2,1
soluebatur,2,1
soluentes,2,1
soluentibus,3,1
soluentur,2,1
soluerant,3,1
soluere,2|3,2
soluerentur,2,1
solueret,3,1
solueris,2|3,2
soluerit,3,1
soluerunt,2,1
soluetur,2,1
solui,3,1
soluite,3,1
soluitur,3,1
solummodo,3,1
soluta,2,1
soluti,2,1
solutio,3,1
solutionem,2,1
solutiones,2,1
solutis,2,1
solutos,2,1
solutum,2,1
solutus,2,1
soluuntur,2,1
somnia,3,1
somniabunt,2,1
somniantes,2,1
somniat,3,1
somniatis,2,1
somniaui,2,1
somnii,3,1
somnio,3,1
somniorum,2,1
somnium,3,1
sonabit,2,1
sonabunt,2,1
sonantes,2,1
sonantia,3,1
sonantibus,3,1
sonantis,2,1
sonare,2,1
sonitu,3,1
sonitum,3,1
sonitus,3,1
sonituum,3,1
sonuerunt,2,1
sopater,3,1
sophistice,3,1
sopitus,2,1
sopore,2,1
soporem,2,1
soporis,2,1
sorbendum,2,1
sordescat,2,1
sordibus,3,1
sordida,3,1
sordidam,3,1
sordidis,3,1
sordido,3,1
sordidum,3,1
sordidus,3,1
sordium,3,1
sorore,2,1
sororem,2,1
sorores,2,1
sorori,2,1
sororibus,3,1
sororis,2,1
sororum,2,1
sortibus,3,1
sortiti,2,1
sortito,2,1
sortitus,2,1
sortium,3,1
sospitate,2,1
sostratus,3,1
spadoni,2,1
spadonis,2,1
spargendi,2,1
spargendum,2,1
spargitur,3,1
sparserunt,2,1
spartiatae,2,1
spartiatarum,2,1
spartiatas,2,1
spartiatis,2,1
spatia,3,1
spatii,3,1
spatiis,3,1
spatio,3,1
spatiosa,2,1
spatiosam,2,1
spatiose,2,1
spatiosis,2,1
spatioso,2,1
spatiosum,2,1
spatiosus,2,1
spatium,3,1
specie,3,1
speciebus,2,1
speciei,3,1
speciem,3,1
species,3,1
speciosa,2,1
speciosae,2,1
speciosam,2,1
speciosas,2,1
speciosi,2,1
speciosior,3,1
speciosis,2,1
speciosissimam,3,1
speciosissimas,3,1
speciosum,2,1
speciosus,2,1
spectabant,2,1
spectabat,2,1
spectabilem,3,1
spectaculo,3,1
spectaculum,3,1
spectante,2,1
spectantes,2,1
spectatores,2,1
specubus,3,1
specula,3,1
speculabantur,2,1
speculabuntur,2,1
speculam,3,1
speculandum,2,1
speculantes,2,1
specularetur,2,1
speculari,2,1
speculator,2,1
speculatorem,2,1
speculatores,2,1
speculatoris,2,1
speculatorum,2,1
speculatur,2,1
speculetur,2,1
speculis,3,1
speculo,3,1
speculum,3,1
spelunca,2,1
speluncae,2,1
speluncam,2,1
speluncas,2,1
speluncis,2,1
sperabam,2,1
sperabamus,2,1
sperabant,2,1
sperabat,2,1
sperabis,2,1
sperabit,2,1
sperabo,2,1
sperabunt,2,1
speramus,2,1
speranda,2,1
sperando,2,1
sperantem,2,1
sperantes,2,1
sperantibus,3,1
sperantium,3,1
sperare,2,1
sperarent,2,1
speraret,2,1
sperassent,2,1
sperastis,2,1
sperate,2,1
speratis,2,1
speratur,2,1
sperauerit,3,1
sperauerunt,2,1
speraui,2,1
sperauimus,3,1
sperauit,2,1
speremus,2,1
spernebant,2,1
spernere,2|3,2
spicarum,2,1
spicula,3,1
spiculatore,2,1
spinarum,2,1
spineam,3,1
spiraculum,3,1
spiramentum,2,1
spirantem,2,1
spirantes,2,1
spirare,2,1
spiraret,2,1
spiritale,2,1
spiritalem,2,1
spiritales,2,1
spiritali,2,1
spiritalia,3,1
spiritalibus,3,1
spiritalis,2,1
spiritaliter,3,1
spiritibus,3,1
spiritu,3,1
spiritualem,2,1
spirituales,2,1
spirituali,2,1
spiritualia,3,1
spiritualibus,3,1
spiritualis,2,1
spiritualiter,3,1
spiritualium,3,1
spiritui,3,1
spiritum,3,1
spiritus,3,1
spirituum,3,1
splendeat,3,1
splendebat,2,1
splendebit,2,1
splendenti,2,1
splendentia,3,1
splendentis,2,1
splendida,3,1
splendidae,3,1
splendidam,3,1
splendide,3,1
splendidior,3,1
splendidis,3,1
splendidum,3,1
splendore,2,1
splendorem,2,1
splendori,2,1
splendoribus,3,1
splendoris,2,1
spolia,3,1
spoliabis,2,1
spoliabit,2,1
spoliabitur,3,1
spoliarent,2,1
spoliari,2,1
spolias,3,1
spoliassent,2,1
spoliasset,2,1
spoliasti,2,1
spoliat,3,1
spoliata,2,1
spoliati,2,1
spoliatos,2,1
spoliatur,2,1
spoliatus,2,1
spoliauerat,3,1
spoliauerunt,2,1
spoliauit,2,1
spoliis,3,1
spolium,3,1
spondeam,3,1
spondeas,3,1
spondentes,2,1
spondeo,3,1
spongiam,3,1
sponsalia,3,1
sponsione,2,1
sponsionem,2,1
sponsiones,2,1
sponsioni,2,1
sponsionibus,3,1
sponsorem,2,1
sponsores,2,1
spontaneam,3,1
spontanee,3,1
spontaneum,3,1
spoponderis,3,1
spoponderit,3,1
spoponderunt,2,1
spopondi,2,1
spopondit,2,1
sportulam,3,1
spreuerat,3,1
spreueris,3,1
spreuerit,3,1
spreuerunt,2,1
spreuissent,2,1
spreuisti,2,1
spurcitia,3,1
spurcitiam,3,1
spuria,3,1
spurius,3,1
squalidae,3,1
squalore,2,1
stabile,3,1
stabilem,3,1
stabiles,3,1
stabili,3,1
stabiliat,3,1
stabilimentum,2,1
stabilire,2,1
stabiliri,2,1
stabilis,3,1
stabilita,2,1
stabilitate,2,1
stabilitatem,2,1
stabiliuit,2,1
stabimus,3,1
stabitis,3,1
stabula,3,1
stabulario,3,1
stabulis,3,1
stabulum,3,1
stadia,3,1
stadiis,3,1
stadio,3,1
stadiorum,2,1
stamine,3,1
staminis,3,1
stantibus,3,1
stantium,3,1
statera,2,1
staterae,2,1
stateram,2,1
stateris,2,1
statio,3,1
statione,2,1
stationem,2,1
stationi,2,1
stationibus,3,1
stationis,2,1
statua,3,1
statuae,3,1
statuam,3,1
statuamus,2,1
statuarium,3,1
statuas,3,1
statuat,3,1
statue,3,1
statuemus,2,1
statuendam,2,1
statuens,3,1
statuent,3,1
statuentes,2,1
statuerant,3,1
statuerat,3,1
statuere,2|3,2
statueret,3,1
statuerit,3,1
statueritis,2|3,2
statuero,3,1
statuerunt,2,1
statues,3,1
statuet,3,1
statui,3,1
statuimus,3,1
statuisset,2,1
statuisti,2,1
statuistis,2,1
statuit,3,1
statuitis,3,1
statuo,3,1
statura,2,1
staturae,2,1
staturam,2,1
statuta,2,1
statutas,2,1
statuti,2,1
statutis,2,1
statuto,2,1
statutum,2,1
stellarum,2,1
stellio,3,1
stephani,3,1
stephano,3,1
stephanum,3,1
stephanus,3,1
stercora,3,1
stercore,3,1
stercoribus,3,1
stercoris,3,1
sterilem,3,1
steriles,3,1
sterili,3,1
sterilis,3,1
sterilitas,3,1
sterilitate,2,1
sterilitatem,2,1
sterilitatis,2,1
sternebant,2,1
sternentur,2,1
sternere,2|3,2
sterneret,3,1
sternetur,2,1
sternite,3,1
sternitur,3,1
sternutatio,3,1
sternutauit,2,1
sterquilinio,3,1
sterquilinium,3,1
steterant,3,1
steterat,3,1
steterim,3,1
steterint,3,1
steteris,3,1
steterit,3,1
steterunt,2,1
stetisse,2,1
stetissent,2,1
stetisset,2,1
stetisti,2,1
stetistis,2,1
stibio,3,1
stigmata,2|3,2
stillabat,2,1
stillabit,2,1
stillantem,2,1
stillantes,2,1
stillantia,3,1
stillaret,2,1
stillauit,2,1
stillicidia,3,1
stillicidiis,3,1
stimulabitur,3,1
stimulatus,2,1
stimuleris,2,1
stimuli,3,1
stimulo,3,1
stimulum,3,1
stimulus,3,1
stipendia,3,1
stipendiis,3,1
stipendium,3,1
stipite,3,1
stipites,3,1
stipula,3,1
stipulam,3,1
stipulas,3,1
stipulationes,2,1
stoici,3,1
stoicis,3,1
stomachum,3,1
storacis,3,1
stragula,3,1
stragulum,3,1
stramenta,2,1
stramento,2,1
stratores,2,1
strauerunt,2,1
strauissent,2,1
strenui,3,1
strenuis,3,1
strenuos,3,1
strenuus,3,1
strepitu,3,1
strepitum,3,1
strepitus,3,1
striata,2,1
striatos,2,1
stridebant,2,1
stridebit,2,1
stridoris,2,1
stringatur,2,1
stringeretur,2,1
strinxerunt,2,1
structores,2,1
structoribus,3,1
structura,2,1
structurae,2,1
structuram,2,1
strueret,3,1
struthio,3,1
struthionem,2,1
struthiones,2,1
struthionis,2,1
studentes,2,1
studeo,3,1
studia,3,1
studiis,3,1
studio,3,1
studiorum,2,1
studiose,2,1
studiosis,2,1
studiosissime,3,1
studium,3,1
stultiloquium,3,1
stultissimus,3,1
stultitia,3,1
stultitiae,3,1
stultitiam,3,1
stultorum,2,1
stupebam,2,1
stupebant,2,1
stupebit,2,1
stupefacti,2,1
stupefactus,2,1
stupendo,2,1
stupentes,2,1
stupore,2,1
stuporem,2,1
stuporis,2,1
stupuerunt,2,1
suadebant,2,1
suadebat,2,1
suadebimus,3,1
suademus,2,1
suadendum,2,1
suadeo,3,1
suadere,2,1
suarum,2,1
suaserunt,2,1
suasionem,2,1
suasisset,2,1
suasurum,2,1
suauia,3,1
suauior,3,1
suauissimi,3,1
suauissimos,3,1
suauissimum,3,1
suauissimus,3,1
suauitate,2,1
suauitatem,2,1
suauitatis,2,1
suauiter,3,1
subacta,2,1
subdita,3,1
subditae,3,1
subditas,3,1
subditi,3,1
subditis,3,1
subdito,3,1
subditos,3,1
subditum,3,1
subditus,3,1
subdoli,3,1
subducti,2,1
subductis,2,1
subegerat,3,1
subiaceant,3,1
subiacebis,2,1
subiacebit,2,1
subiacent,3,1
subiacente,2,1
subiacentibus,3,1
subiacere,2,1
subiaceret,2,1
subiacet,3,1
subice,3,1
subicere,3,1
subici,3,1
subiciam,3,1
subiciant,3,1
subiciantur,2,1
subicias,3,1
subiciens,3,1
subicientem,2,1
subicientes,2,1
subiciet,3,1
subicite,3,1
subicitur,3,1
subiciuntur,2,1
subiecerit,3,1
subiecerunt,2,1
subiecisti,2,1
subiecit,2,1
subiecta,2,1
subiectae,2,1
subiectam,2,1
subiectarum,2,1
subiecti,2,1
subiectione,2,1
subiectis,2,1
subiectorum,2,1
subiectos,2,1
subiectum,2,1
subiectus,2,1
subigens,3,1
subiicere,3,1
subiici,3,1
subiiciat,3,1
subiicite,3,1
subiit,3,1
subire,2,1
subita,3,1
subitaneis,3,1
subitaneus,3,1
subiti,3,1
subito,2|3,2
subiugaret,2,1
subiugari,2,1
subiugati,2,1
subiugatus,2,1
subiugauit,2,1
subiunxit,2,1
sublata,2,1
sublati,2,1
sublatis,2,1
sublato,2,1
sublatum,2,1
sublaturum,2,1
sublatus,2,1
subleua,3,1
subleuabis,2,1
subleuabunt,2,1
subleuandis,2,1
subleuantem,2,1
subleuare,2,1
subleuasset,2,1
subleuat,3,1
subleuati,2,1
subleuatis,2,1
subleuatum,2,1
subleuatus,2,1
subleuauerunt,2,1
subleuauit,2,1
subleuetur,2,1
sublimatus,2,1
sublime,2,1
sublimem,2,1
sublimes,2,1
sublimi,2,1
sublimia,3,1
sublimibus,3,1
sublimior,3,1
sublimioribus,3,1
sublimis,2,1
sublimitas,3,1
sublimitate,2,1
sublimitatem,2,1
sublimium,3,1
sublimius,3,1
submersi,2,1
subministrabit,2,1
subministrauit,2,1
subministret,2,1
submiserunt,2,1
submisit,2,1
submissa,2,1
submisso,2,1
submittebant,2,1
submitti,2,1
submittit,2,1
submittite,3,1
subole,3,1
subrepat,2,1
subreptionem,2,1
subridens,2,1
subridet,2,1
subruere,2|3,2
subrufa,2,1
subrufus,2,1
subsannabo,2,1
subsecuta,2,1
subsecutae,2,1
subsecuti,2,1
subsequentes,2,1
subsequentis,2,1
subsequentur,2,1
subsequetur,2,1
subsequuntur,2,1
subsident,2,1
subsidia,3,1
subsiste,2,1
subsistebant,2,1
subsistere,2|3,2
subsisterent,3,1
subsisteret,3,1
subsistet,2,1
subsistunt,2,1
subsolano,2,1
substantia,3,1
substantiae,3,1
substantiam,3,1
substantias,3,1
substantiis,3,1
substiterant,3,1
substiterunt,2,1
substrauit,2,1
subtegmine,3,1
subtemine,3,1
subteminis,3,1
subterfugi,2|3,2
subtilia,3,1
subtilibus,3,1
subtilior,3,1
subtilis,2,1
subtilitate,2,1
subtractionis,2,1
subtracto,2,1
subtrahas,3,1
subtrahe,3,1
subtrahebat,2,1
subtrahentes,2,1
subtrahere,2|3,2
subtrahet,3,1
subtrahit,3,1
subtrahunt,3,1
subtraxerit,3,1
subtraxerunt,2,1
subtraxit,2,1
subucula,3,1
subuculam,3,1
subuculis,3,1
subueherent,3,1
subuehitur,3,1
subueni,2|3,2
subueniens,3,1
subuenisti,2,1
subuenite,2,1
subuersa,2,1
subuersae,2,1
subuersas,2,1
subuersione,2,1
subuersionem,2,1
subuersum,2,1
subuertere,2|3,2
subuerteret,3,1
subuerterit,3,1
subuerterunt,2,1
subuertet,2,1
subuertetur,2,1
subuerti,2,1
subuertisset,2,1
subuertit,2,1
subuertunt,2,1
subuertuntur,2,1
subula,3,1
subulam,3,1
suburbana,2,1
suburbanis,2,1
succedant,2,1
succedente,2,1
succedentibus,3,1
succedere,2|3,2
succederet,3,1
succedit,2,1
succedunt,2,1
succendam,2,1
succendentes,2,1
succenderant,3,1
succendere,2|3,2
succenderit,3,1
succenderunt,2,1
succendi,2,1
succendit,2,1
succenditur,3,1
succendunt,2,1
succensa,2,1
succensae,2,1
succensam,2,1
succensi,2,1
succensis,2,1
succensum,2,1
succensus,2,1
successerit,3,1
successerunt,2,1
successio,3,1
successione,2,1
successiones,2,1
successit,2,1
successor,2,1
successorem,2,1
successores,2,1
successum,2,1
successus,2,1
succidam,2|3,2
succidat,2,1
succidatur,2,1
succidenda,2,1
succiderunt,2,1
succides,2,1
succidi,2|3,2
succidisset,2,1
succidit,2,1
succidite,3,1
succiditur,3,1
succiduntur,2,1
succincti,2,1
succinctus,2,1
succisa,2,1
succisae,2,1
succisi,2,1
succisum,2,1
succisus,2,1
succlamabant,2,1
succrescere,2|3,2
succubuerit,3,1
succumbet,2,1
sudaria,3,1
sudario,3,1
sudarium,3,1
sudatum,2,1
sudibus,3,1
sudore,2,1
sudoris,2,1
suffecerat,3,1
suffecerit,3,1
suffecit,2,1
suffecto,2,1
sufficere,3,1
sufficerent,3,1
sufficeret,3,1
sufficiant,3,1
sufficiat,3,1
sufficiebant,2,1
sufficiebat,2,1
sufficiens,3,1
sufficient,3,1
sufficienter,2,1
sufficientes,2,1
sufficientia,3,1
sufficientiam,3,1
sufficientis,2,1
sufficiet,3,1
sufficit,3,1
sufficiunt,3,1
sufflantem,2,1
sufflauit,2,1
suffocabat,2,1
suffocans,2,1
suffocant,2,1
suffocantur,2,1
suffocat,2,1
suffocati,2,1
suffocatis,2,1
suffocatus,2,1
suffocauerunt,2,1
suffodit,2|3,2
suffossa,2,1
suffragiis,3,1
suffundi,2,1
suffusio,3,1
suffusionem,2,1
sugentem,2,1
sugentes,2,1
suggeras,3,1
suggerente,2,1
suggerentibus,3,1
suggereret,3,1
suggeret,3,1
suggesserit,3,1
suggestionem,2,1
suggestionibus,3,1
suillam,2,1
suillum,2,1
sulphure,3,1
sulphuris,3,1
sumamus,2,1
sumebant,2,1
sumemus,2,1
sumenda,2,1
sumendi,2,1
sumentes,2,1
sumentis,2,1
sumere,2|3,2
sumerem,3,1
sumeret,3,1
sumetis,2,1
sumetur,2,1
sumite,3,1
sumitis,3,1
summisso,2,1
summitas,3,1
summitate,2,1
summitatem,2,1
summitates,2,1
summitatibus,3,1
summitatis,2,1
summittentes,2,1
summitti,2,1
summittunt,2,1
sumpserant,3,1
sumpserat,3,1
sumpserim,3,1
sumpserint,3,1
sumpsero,3,1
sumpserunt,2,1
sumpsimus,3,1
sumpsisset,2,1
sumpsisti,2,1
sunamitis,2,1
suorum,2,1
supellectilem,3,1
supellectili,3,1
supellectilis,3,1
supellex,2,1
superabat,2,1
superabit,2,1
superabunt,2,1
superamus,2,1
superantur,2,1
superare,2,1
superaretur,2,1
superari,2,1
superasti,2,1
superat,3,1
superata,2,1
superatos,2,1
superatus,2,1
superauerat,3,1
superauerint,3,1
superauerunt,2,1
superauit,2,1
superba,2,1
superbae,2,1
superbe,2,1
superbi,2,1
superbia,3,1
superbiae,3,1
superbiam,3,1
superbis,2,1
superbissimum,3,1
superbit,2,1
superbo,2,1
superborum,2,1
superbos,2,1
superbum,2,1
superbus,2,1
supercilia,3,1
supercilio,3,1
supercilium,3,1
superducentes,2,1
superducta,2,1
superduxit,2,1
supereffluentem,2,1
supereminens,3,1
supereminentem,2,1
superent,3,1
supererant,3,1
supererat,3,1
supererit,3,1
superes,3,1
superesse,2,1
superessent,2,1
superesset,2,1
superest,3,1
superet,3,1
superexaltate,2,1
superficie,3,1
superficiem,3,1
superficies,3,1
superflua,3,1
superfluam,3,1
superfluos,3,1
superfluum,3,1
superfuerant,3,1
superfuerit,3,1
superfuerunt,2,1
superfuit,3,1
supergrediatur,2,1
supergressa,2,1
supergressus,2,1
superindui,3,1
superiora,2,1
superiore,2,1
superiorem,2,1
superiores,2,1
superiori,2,1
superioribus,3,1
superioris,2,1
superius,3,1
supernae,2,1
supernis,2,1
superponens,2,1
superpones,2,1
superponitur,3,1
superposita,3,1
superpositi,3,1
superpositum,3,1
superpositus,3,1
superposuit,3,1
supersedebat,2,1
superseminauit,2,1
supersit,2,1
superstes,2,1
superstitem,3,1
superstites,3,1
superstitione,2,1
supersunt,2,1
superuacua,3,1
superuacuas,3,1
superuacue,3,1
superuacuis,3,1
superuenerant,3,1
superuenerat,3,1
superuenere,2,1
superuenerit,3,1
superuenerunt,2,1
superueniat,3,1
superueniens,3,1
superuenient,3,1
superueniente,2,1
superuenientibus,3,1
superuenientis,2,1
superueniet,3,1
superuenire,2,1
superueniret,2,1
superuenisse,2,1
superuenit,2|3,2
superuentura,2,1
superuixerit,3,1
supinis,2,1
suppetunt,3,1
supplantare,2,1
supplantat,2,1
supplantauit,2,1
suppleat,3,1
supplebit,2,1
supplementum,2,1
suppleret,2,1
suppleta,2,1
supplicabit,2,1
supplicatio,3,1
supplicatione,2,1
supplicationem,2,1
supplicationes,2,1
supplices,3,1
supplicia,3,1
suppliciis,3,1
suppliciter,3,1
supplicium,3,1
supponens,2,1
supponentur,2,1
supponere,2|3,2
supponit,2,1
supportare,2,1
supposito,3,1
suppositus,3,1
supposuerunt,2,1
supposuit,3,1
supputari,2,1
supputatione,2,1
supputatis,2,1
supremo,2,1
supremum,2,1
surdorum,2,1
surgamus,2,1
surgebam,2,1
surgebat,2,1
surgendi,2,1
surgentes,2,1
surgentis,2,1
surgentium,3,1
surgere,2|3,2
surgeret,3,1
surgite,3,1
surrecturus,2,1
surrexerint,3,1
surrexerit,3,1
surrexerunt,2,1
surrexi,2,1
surreximus,3,1
surrexissem,2,1
surrexissent,2,1
surrexisset,2,1
surrexisti,2,1
surrexit,2,1
surripuerunt,2,1
surripuit,3,1
susceperat,3,1
susceperint,3,1
susceperis,3,1
susceperit,3,1
susceperunt,2,1
suscepi,2,1
suscepimus,3,1
suscepisse,2,1
suscepisset,2,1
suscepisti,2,1
suscepistis,2,1
suscepit,2,1
suscepta,2,1
suscepti,2,1
susceptio,3,1
susceptione,2,1
suscepto,2,1
susceptor,2,1
susceptum,2,1
suscepturi,2,1
susceptus,2,1
suscipe,3,1
suscipere,3,1
susciperent,3,1
susciperet,3,1
suscipiam,3,1
suscipiamus,2,1
suscipiant,3,1
suscipias,3,1
suscipiat,3,1
suscipiatis,2,1
suscipiebant,2,1
suscipiebat,2,1
suscipiendam,2,1
suscipiendos,2,1
suscipiens,3,1
suscipient,3,1
suscipientes,2,1
suscipiet,3,1
suscipietur,2,1
suscipimus,3,1
suscipio,3,1
suscipit,3,1
suscipite,3,1
suscipiunt,3,1
suscita,3,1
suscitabit,2,1
suscitabo,2,1
suscitans,3,1
suscitant,3,1
suscitare,2,1
suscitarent,2,1
suscitaret,2,1
suscitasset,2,1
suscitat,3,1
suscitatur,2,1
suscitatus,2,1
suscitauerit,3,1
suscitauerunt,2,1
suscitauit,2,1
suscitemus,2,1
suscites,3,1
suscitet,3,1
suspectum,2,1
suspectus,2,1
suspendantur,2,1
suspendatur,2,1
suspende,2,1
suspendebant,2,1
suspendentes,2,1
suspendere,2|3,2
suspenderunt,2,1
suspendet,2,1
suspendi,2,1
suspendimus,3,1
suspendio,3,1
suspendit,2,1
suspendite,3,1
suspendium,3,1
suspensi,2,1
suspensis,2,1
suspenso,2,1
suspensus,2,1
suspexerunt,2,1
suspexit,2,1
suspicabantur,2,1
suspicabar,2,1
suspicabatur,2,1
suspicamini,3,1
suspicaretur,2,1
suspicati,2,1
suspicatur,2,1
suspicatus,2,1
suspice,3,1
suspicetur,2,1
suspiciens,3,1
suspicientes,2,1
suspiciet,3,1
suspicio,3,1
suspicione,2,1
suspicionem,2,1
suspiciones,2,1
suspirans,2,1
suspirant,2,1
suspirauit,2,1
suspirium,3,1
sustenta,2,1
sustentabant,2,1
sustentabat,2,1
sustentabatur,2,1
sustentabo,2,1
sustentandum,2,1
sustentans,2,1
sustentare,2,1
sustentaret,2,1
sustentat,2,1
sustentata,2,1
sustentate,2,1
sustentatione,2,1
sustentatur,2,1
sustentet,2,1
sustentetur,2,1
sustentor,2,1
sustine,3,1
sustineam,3,1
sustineamus,2,1
sustineant,3,1
sustineas,3,1
sustineat,3,1
sustinebant,2,1
sustinebat,2,1
sustinebimus,3,1
sustinebis,2,1
sustinebit,2,1
sustinebitis,3,1
sustinebo,2,1
sustinebunt,2,1
sustinemus,2,1
sustinens,3,1
sustinent,3,1
sustinentes,2,1
sustinentia,3,1
sustinentibus,3,1
sustineo,3,1
sustinere,2,1
sustinerem,2,1
sustineret,2,1
sustinet,3,1
sustinete,2,1
sustinetis,2,1
sustinuerant,3,1
sustinuerit,3,1
sustinuero,3,1
sustinuerunt,2,1
sustinui,3,1
sustinuimus,3,1
sustinuisset,2,1
sustinuisti,2,1
sustinuistis,2,1
sustinuit,3,1
sustulerat,3,1
sustulerunt,2,1
sustuli,3,1
sustulimus,3,1
sustulissemus,2,1
sustulissent,2,1
sustulisti,2,1
sustulistis,2,1
sustulit,3,1
susurrabant,2,1
susurrans,2,1
susurrant,2,1
susurrat,2,1
susurri,2,1
susurro,2,1
syenen,2,1
syenes,2,1
symbola,3,1
symphoniae,3,1
symphoniam,3,1
synagoga,2,1
synagogae,2,1
synagogam,2,1
synagogas,2,1
synagogis,2,1
syria,3,1
syriaca,3,1
syriacis,3,1
syriae,3,1
syriam,3,1
syrophoenissa,2,1
syrorum,2,1
tabernacula,3,1
tabernaculi,3,1
tabernaculis,3,1
tabernaculo,3,1
tabernaculorum,2,1
tabernaculum,3,1
tabernas,2,1
tabescat,2,1
tabescens,2,1
tabescere,2|3,2
tabescerent,3,1
tabescet,2,1
tabescimus,3,1
tabescit,2,1
tabitudo,2,1
tabula,3,1
tabulae,3,1
tabulam,3,1
tabularum,2,1
tabulas,3,1
tabulata,2,1
tabulatis,2,1
tabulato,2,1
tabulatum,2,1
tabulis,3,1
taceant,3,1
taceas,3,1
taceat,3,1
tacebant,2,1
tacebat,2,1
tacebis,2,1
tacebit,2,1
tacebo,2,1
tacebunt,2,1
tacemus,2,1
tacendi,2,1
tacentem,2,1
tacenti,2,1
tacere,2,1
tacerem,2,1
tacerent,2,1
taceret,2,1
tacete,2,1
tacita,3,1
tacite,3,1
taciti,3,1
tacitus,3,1
tacuerint,3,1
tacueris,3,1
tacuerit,3,1
tacuero,3,1
tacuerunt,2,1
tacui,3,1
tacuissem,2,1
tacuissent,2,1
tacuit,3,1
taedebit,2,1
taedere,2,1
taederet,2,1
taediare,2,1
taedio,3,1
taedium,3,1
talari,2,1
talaris,2,1
talenta,2,1
talentis,2,1
talento,2,1
talentorum,2,1
talentum,2,1
talia,3,1
talibus,3,1
taliter,3,1
talium,3,1
tamdiu,3,1
tametsi,2,1
tangatis,2,1
tangebant,2,1
tangebat,2,1
tangere,2|3,2
tangeremus,2,1
tangerent,3,1
tangeres,3,1
tangeret,3,1
tantulo,3,1
tantummodo,3,1
tapetia,3,1
tapetibus,3,1
tardabant,2,1
tardabit,2,1
tardante,2,1
tardare,2,1
tardaret,2,1
tardauero,3,1
tardioris,2,1
tarditate,2,1
tarditatem,2,1
tarsensem,2,1
tarsenses,2,1
tartarum,3,1
taurorum,2,1
tectorum,2,1
tegamur,2,1
tegebant,2,1
tegebantur,2,1
tegebat,2,1
tegebatur,2,1
tegentes,2,1
tegere,2|3,2
tegerent,3,1
tegeretur,2,1
tegetur,2,1
tegimen,3,1
tegitur,3,1
tegmine,3,1
tegulas,3,1
tegumenta,2,1
tegumento,2,1
tegumentum,2,1
teguntur,2,1
telarum,2,1
telorum,2,1
temerarius,3,1
temere,3,1
temeritate,2,1
temperabit,2,1
temperamento,2,1
temperantur,2,1
temperarent,2,1
temperaret,2,1
temperatura,2,1
temperauit,2,1
tempestas,2,1
tempestate,2,1
tempestatem,2,1
tempestatis,2,1
tempestatum,2,1
tempora,3,1
temporalem,2,1
temporales,2,1
temporalia,3,1
temporalis,2,1
tempore,3,1
tempori,3,1
temporibus,3,1
temporis,3,1
temporum,3,1
temulentam,2,1
temulenti,2,1
temulentus,2,1
tenaci,2,1
tendebant,2,1
tendentem,2,1
tendentes,2,1
tendentur,2,1
tendere,2|3,2
tenderent,3,1
tendiculas,3,1
tenditis,3,1
teneamus,2,1
teneant,3,1
teneantur,2,1
teneas,3,1
teneat,3,1
teneatis,2,1
teneatur,2,1
tenebam,2,1
tenebant,2,1
tenebantur,2,1
tenebat,2,1
tenebatur,2,1
teneberis,3,1
tenebis,2,1
tenebit,2,1
tenebitur,3,1
tenebo,2,1
tenebrae,3,1
tenebrarum,2,1
tenebras,3,1
tenebris,3,1
tenebrosa,2,1
tenebrosam,2,1
tenebrosi,2,1
tenebrosis,2,1
tenebroso,2,1
tenebrosum,2,1
tenebrosus,2,1
tenebunt,2,1
tenellum,2,1
tenellus,2,1
tenendam,2,1
tenendum,2,1
tenente,2,1
tenentem,2,1
tenentes,2,1
tenenti,2,1
tenentium,3,1
tenentur,2,1
tenera,3,1
tenere,2|3,2
tenerem,2,1
tenerent,2,1
teneres,2,1
teneret,2,1
teneri,2|3,2
teneritudine,3,1
teneritudinem,3,1
teneros,3,1
tenerrimum,3,1
tenerrimus,3,1
tenerum,3,1
tenete,2,1
tenetis,2,1
tenetur,2,1
tentabant,2,1
tentabat,2,1
tentabis,2,1
tentabo,2,1
tentantes,2,1
tentantur,2,1
tentare,2,1
tentaret,2,1
tentari,2,1
tentasti,2,1
tentatio,3,1
tentatione,2,1
tentationem,2,1
tentationes,2,1
tentationibus,3,1
tentationis,2,1
tentatis,2,1
tentatum,2,1
tentatur,2,1
tentatus,2,1
tentauerit,3,1
tentauerunt,2,1
tentaui,2,1
tentauit,2,1
tentemus,2,1
tentoria,3,1
tentorii,3,1
tentoriis,3,1
tentorio,3,1
tentorium,3,1
tenue,3,1
tenuerint,3,1
tenueris,2|3,2
tenuerit,3,1
tenuerunt,2,1
tenues,3,1
tenui,3,1
tenuis,3,1
tenuisse,2,1
tenuissimum,3,1
tenuisti,2,1
tenuistis,2,1
tenuit,3,1
tenuitatem,2,1
tepidus,3,1
terebat,2,1
terebinthi,2,1
terebinthum,2,1
terebinthus,2,1
tergebat,2,1
terminantur,2,1
terminat,3,1
termini,3,1
terminis,3,1
termino,3,1
terminos,3,1
terminum,3,1
terminus,3,1
terraemotu,2,1
terraemotus,2,1
terrarum,2,1
terreat,3,1
terreatur,2,1
terrebant,2,1
terrebat,2,1
terrebis,2,1
terrebit,2,1
terrebo,2,1
terrebunt,2,1
terrena,2,1
terreni,2,1
terrenum,2,1
terrenus,2,1
terrere,2,1
terrerent,2,1
terreret,2,1
terreri,2,1
terrestria,3,1
terrestris,2,1
terrestrium,3,1
terribile,3,1
terribilem,3,1
terribili,3,1
terribilia,3,1
terribilibus,3,1
terribilis,3,1
terribiliter,3,1
terribilium,3,1
terrigenae,3,1
territi,3,1
territus,3,1
terrore,2,1
terrorem,2,1
terrores,2,1
terroribus,3,1
terroris,2,1
terruerunt,2,1
terruit,3,1
tertia,3,1
tertiae,3,1
tertiam,3,1
tertias,3,1
tertii,3,1
tertio,3,1
tertios,3,1
tertium,3,1
tertius,3,1
teruntur,2,1
testabatur,2,1
testabor,2,1
testaceo,3,1
testamenta,2,1
testamenti,2,1
testamentis,2,1
testamento,2,1
testamentorum,2,1
testamentum,2,1
testamur,2,1
testantur,2,1
testatoris,2,1
testatur,2,1
testatus,2,1
testea,3,1
testetur,2,1
testibus,3,1
testiculis,3,1
testiculorum,2,1
testiculos,3,1
testificabor,2,1
testificantur,2,1
testificari,2,1
testificata,2,1
testificati,2,1
testificationem,2,1
testificationes,2,1
testificatur,2,1
testificatus,2,1
testificor,3,1
testimonia,3,1
testimonii,3,1
testimoniis,3,1
testimonio,3,1
testimoniorum,2,1
testimonium,3,1
testium,3,1
testudo,2,1
tetenderat,3,1
tetenderit,3,1
tetenderunt,2,1
tetendit,2,1
tetigerant,3,1
tetigerat,3,1
tetigerint,3,1
tetigeris,3,1
tetigerit,3,1
tetigero,3,1
tetigerunt,2,1
tetigisset,2,1
tetigit,3,1
tetrarcha,2,1
tetrarchae,2,1
texebant,2,1
texerunt,2,1
textile,3,1
textilem,3,1
textili,3,1
textilis,3,1
textoris,2,1
textrinum,2,1
textura,2,1
texturae,2,1
texturam,2,1
texturas,2,1
texuerat,3,1
texuerunt,2,1
thalami,3,1
thalamis,3,1
thalamo,3,1
thalamos,3,1
thalamum,3,1
thalassa,2,1
theatrum,2,1
theophile,3,1
thesauri,2,1
thesauris,2,1
thesaurizare,2,1
thesaurizat,2,1
thesauro,2,1
thesaurorum,2,1
thesauros,2,1
thesaurum,2,1
thesaurus,2,1
thessalonica,2,1
thessalonicae,2,1
thessalonicam,2,1
thessalonicenses,2,1
thorace,2,1
thoraces,2,1
thracibus,3,1
thuribula,3,1
thyatirae,2,1
thyatiram,2,1
thyatirenorum,2,1
thyinum,3,1
thymiama,2,1
thymiamatis,3,1
tiara,2,1
tiaram,2,1
tiaras,2,1
tiaris,2,1
tiberii,3,1
tibia,3,1
tibiae,3,1
tibiam,3,1
tibiarum,2,1
tibias,3,1
tibicines,3,1
tibiis,3,1
tignariis,3,1
timeamus,2,1
timeant,3,1
timeas,3,1
timeat,3,1
timeatis,2,1
timeatur,2,1
timebam,2,1
timebant,2,1
timebat,2,1
timebatis,2,1
timebimus,3,1
timebis,2,1
timebit,2,1
timebitis,3,1
timebo,2,1
timebunt,2,1
timemus,2,1
timentem,2,1
timentes,2,1
timenti,2,1
timentibus,3,1
timentis,2,1
timentium,3,1
timeo,3,1
timere,2,1
timeremus,2,1
timerent,2,1
timeres,2,1
timeret,2,1
timete,2,1
timetis,2,1
timida,3,1
timidae,3,1
timidi,3,1
timidis,3,1
timido,3,1
timidum,3,1
timidus,3,1
timonem,2,1
timoratus,2,1
timore,2,1
timorem,2,1
timores,2,1
timori,2,1
timoris,2,1
timothee,3,1
timothei,3,1
timotheo,3,1
timotheum,3,1
timotheus,3,1
timuerant,3,1
timuerat,3,1
timuerimus,2|3,2
timueris,3,1
timuerit,3,1
timueritis,2|3,2
timuerunt,2,1
timui,3,1
timuimus,3,1
timuisti,2,1
timuistis,2,1
timuit,3,1
tincturae,2,1
tinea,3,1
tineis,3,1
tingatur,2,1
tinguat,3,1
tinguens,3,1
tinguet,3,1
tintinnabula,3,1
tintinnabulis,3,1
tintinnabulum,3,1
tinxerit,3,1
tirones,2,1
titanum,2,1
tituli,3,1
titulis,3,1
titulos,3,1
titulum,3,1
titulus,3,1
tobia,3,1
tobiae,3,1
tobiam,3,1
tobias,3,1
tolerabile,3,1
tolerabilius,3,1
tolerantia,3,1
tolerantiam,3,1
tollamus,2,1
tollatur,2,1
tollebant,2,1
tollebat,2,1
tollemus,2,1
tollendo,2,1
tollentes,2,1
tollentibus,3,1
tollentur,2,1
tollere,2|3,2
tollerem,3,1
tollerent,3,1
tollerentur,2,1
tolleret,3,1
tolletis,2,1
tolletur,2,1
tollite,3,1
tollitis,3,1
tollitur,3,1
tolluntur,2,1
tonanti,2,1
tondeatur,2,1
tondebat,2,1
tondebatur,2,1
tondendas,2,1
tondente,2,1
tondentes,2,1
tondentur,2,1
tondere,2,1
tonderet,2,1
tonderetur,2,1
tonderi,2,1
tonitrua,3,1
tonitrui,3,1
tonitruum,3,1
tonsarum,2,1
tonsorem,2,1
tonsores,2,1
tonsoribus,3,1
tonsurae,2,1
toparchias,3,1
topazius,3,1
torcular,3,1
torculari,2,1
torcularia,3,1
torcularibus,3,1
tormenta,2,1
tormentis,2,1
tormento,2,1
tormentorum,2,1
tormentum,2,1
tornauit,2,1
torpebant,2,1
torqueas,3,1
torquebantur,2,1
torquebit,2,1
torquentes,2,1
torqueor,3,1
torquere,2,1
torqueri,2,1
torquetur,2,1
torrendum,2,1
torrente,2,1
torrentem,2,1
torrentes,2,1
torrenti,2,1
torrentibus,3,1
torrentis,2,1
torrentium,3,1
torreri,2,1
torrete,2,1
torserat,3,1
tortile,3,1
tortoribus,3,1
tortuosis,2,1
tortuosum,2,1
tortuosus,2,1
totidem,3,1
totius,3,1
tractabant,2,1
tractabat,2,1
tractabile,3,1
tractabilem,3,1
tractanda,2,1
tractandum,2,1
tractantem,2,1
tractantes,2,1
tractare,2,1
tractaret,2,1
tractatu,2,1
tractauerat,3,1
tractauerit,3,1
tractauerunt,2,1
tractaui,2,1
tractemus,2,1
tradamus,2,1
tradantur,2,1
tradatur,2,1
tradebant,2,1
tradebat,2,1
tradebatur,2,1
trademus,2,1
tradendo,2,1
tradendus,2,1
tradente,2,1
tradentes,2,1
tradentis,2,1
tradentur,2,1
tradere,2|3,2
traderem,3,1
traderent,3,1
traderentur,2,1
traderer,3,1
traderes,3,1
traderet,3,1
traderetur,2,1
traderis,2|3,2
tradetis,2,1
tradetur,2,1
tradiderat,3,1
tradiderim,3,1
tradiderint,3,1
tradideris,3,1
tradiderit,3,1
tradideritis,2|3,2
tradidero,3,1
tradiderunt,2,1
tradidi,3,1
tradidimus,3,1
tradidissent,2,1
tradidisti,2,1
tradidistis,2,1
tradidit,3,1
tradita,3,1
traditae,3,1
tradite,3,1
traditi,3,1
traditionem,2,1
traditiones,2,1
traditionis,2,1
traditionum,2,1
traditis,3,1
traditor,3,1
traditum,3,1
traditur,3,1
tradituros,2,1
traditurum,2,1
traditurus,2,1
traditus,3,1
traducat,2,1
traducere,2|3,2
traducerent,3,1
traduceret,3,1
traduci,2|3,2
traducis,2|3,2
traducti,2,1
traductione,2,1
traductionem,2,1
traduntur,2,1
traduxerat,3,1
traduxerunt,2,1
traduxit,2,1
tragacanthum,2,1
trahatur,2,1
trahebam,2,1
trahebant,2,1
trahebat,2,1
trahebatur,2,1
trahemus,2,1
trahentes,2,1
trahentium,3,1
trahere,2|3,2
trahitis,3,1
trahitur,3,1
trahuntur,2,1
traiectione,2,1
tramitem,3,1
tranquilla,2,1
tranquillam,2,1
tranquilli,2,1
tranquillitas,3,1
tranquillitate,2,1
tranquillos,2,1
tranquillum,2,1
tranquillus,2,1
transacta,2,1
transacti,2,1
transactis,2,1
transacto,2,1
transcendere,2|3,2
transcenderet,3,1
transcendet,2,1
transcendisset,2,1
transcendunt,2,1
transeam,3,1
transeamus,2,1
transeant,3,1
transeas,3,1
transeat,3,1
transeunt,3,1
transeunte,2,1
transeuntem,2,1
transeuntes,2,1
transeunti,2,1
transeuntibus,3,1
transferam,3,1
transferantur,2,1
transferas,3,1
transferatur,2,1
transferebant,2,1
transferebat,2,1
transferens,3,1
transferentes,2,1
transferentur,2,1
transferes,3,1
transferet,3,1
transferetur,2,1
transferre,2,1
transferrem,2,1
transferrent,2,1
transferrentur,2,1
transferret,2,1
transferri,2,1
transfertur,2,1
transfigurat,2,1
transfigurata,2,1
transfiguratus,2,1
transfixus,2,1
transfodit,2|3,2
transfretantes,2,1
transfretare,2,1
transfretassent,2,1
transfretauit,2,1
transfretemus,2,1
transfugerant,3,1
transfugerit,3,1
transfugerunt,2,1
transfugit,2|3,2
transfusus,2,1
transgrederetur,2,1
transgredi,3,1
transgrediar,3,1
transgrediatur,2,1
transgrediebatur,2,1
transgrediens,3,1
transgredientes,2,1
transgreditur,3,1
transgrediuntur,2,1
transgressi,2,1
transgressio,3,1
transgressione,2,1
transgressionem,2,1
transgressiones,2,1
transgressionis,2,1
transgressis,2,1
transgressor,2,1
transgressores,2,1
transgressoribus,3,1
transgressus,2,1
transibam,2,1
transibant,2,1
transibat,2,1
transibimus,3,1
transibis,2,1
transibit,2,1
transibitis,3,1
transibo,2,1
transibunt,2,1
transiens,3,1
transient,3,1
transierant,3,1
transierat,3,1
transierimus,2|3,2
transierint,3,1
transieris,3,1
transierit,3,1
transieritis,2|3,2
transiero,3,1
transierunt,2,1
transiet,3,1
transigere,2|3,2
transigit,3,1
transiit,3,1
transiliens,3,1
transiliet,3,1
transilit,3,1
transimus,2|3,2
transire,2,1
transirem,2,1
transirent,2,1
transires,2,1
transiret,2,1
transisse,2,1
transissemus,2,1
transissent,2,1
transisset,2,1
transita,3,1
transite,2|3,2
transitis,2|3,2
transito,2|3,2
transitu,3,1
transitum,3,1
transiturus,2,1
transitus,3,1
transiui,2,1
transiuimus,3,1
transiuit,2,1
translata,2,1
translati,2,1
translatio,3,1
translationem,2,1
translationis,2,1
translato,2,1
translatum,2,1
translatus,2,1
transmeare,2,1
transmigrabant,2,1
transmigrare,2,1
transmigratio,3,1
transmigratione,2,1
transmigrationem,2,1
transmigrationis,2,1
transmigret,3,1
transmisso,2,1
transmittunt,2,1
transmutatio,3,1
transnauigare,2,1
transportaret,2,1
transportauit,2,1
transposuit,3,1
transtulerat,3,1
transtulerim,3,1
transtulerint,3,1
transtulerunt,2,1
transtuli,3,1
transtulisti,2,1
transtulit,3,1
transuexit,2,1
transuolans,3,1
transuolat,3,1
traxerit,3,1
traxerunt,2,1
trecenta,2,1
trecentae,2,1
trecentas,2,1
trecenti,2,1
trecentis,2,1
trecentorum,2,1
trecentos,2,1
tredecim,3,1
tremebant,2,1
tremebundus,2,1
tremefacti,2,1
tremefactus,2,1
trementem,2,1
trementes,2,1
trementia,3,1
tremere,2|3,2
tremitis,3,1
tremore,2,1
tremorem,2,1
tremuit,3,1
trepidabit,2,1
trepidabo,2,1
trepidantem,2,1
trepidat,3,1
trepidatio,3,1
trepidatione,2,1
trepidi,3,1
trepidum,3,1
tribuam,3,1
tribuat,3,1
tribuatur,2,1
tribubus,3,1
tribue,3,1
tribuebat,2,1
tribuendo,2,1
tribuens,3,1
tribuentes,2,1
tribuentis,2,1
tribuerat,3,1
tribuere,2|3,2
tribuet,3,1
tribuetis,2,1
tribuetur,2,1
tribui,3,1
tribuisti,2,1
tribuit,3,1
tribuite,3,1
tribula,3,1
tribulant,3,1
tribulas,3,1
tribulatio,3,1
tribulatione,2,1
tribulationem,2,1
tribulationes,2,1
tribulationi,2,1
tribulationibus,3,1
tribulationis,2,1
tribulationum,2,1
tribulato,2,1
tribuli,2|3,2
tribulis,2|3,2
tribulos,3,1
tribulus,3,1
tribunal,2,1
tribunali,2,1
tribunalis,2,1
tribuni,2,1
tribunis,2,1
tribuno,2,1
tribunorum,2,1
tribunos,2,1
tribunum,2,1
tribunus,2,1
tribuo,3,1
tributa,2,1
tributarias,3,1
tributarii,3,1
tributarios,3,1
tributarium,3,1
tributarius,3,1
tributi,2,1
tributis,2,1
tributo,2,1
tributorum,2,1
tributum,2,1
tribuum,3,1
tribuunt,3,1
tricesimo,3,1
tricesimum,3,1
triclinio,3,1
triclinium,3,1
tridentem,2,1
tridentes,2,1
tridentum,2,1
triduo,3,1
triduum,3,1
triennii,3,1
triennio,3,1
triennium,3,1
trieris,2,1
trigesimo,3,1
trigesimum,3,1
triginta,2,1
triplices,3,1
triplici,3,1
tripliciter,3,1
tripolim,3,1
tripolis,3,1
tripudiantes,2,1
tripudium,3,1
triremium,3,1
tristega,3,1
tristior,3,1
tristitia,3,1
tristitiae,3,1
tristitiam,3,1
tristitias,3,1
triticea,3,1
tritici,3,1
tritico,3,1
triticum,3,1
tritura,2,1
triturae,2,1
trituram,2,1
triuiis,3,1
triumphalem,2,1
triumphans,2,1
triumphat,2,1
triumphator,2,1
trophaea,2,1
trophaeum,2,1
trucidabant,2,1
trucidabantur,2,1
trucidare,2,1
trucidati,2,1
trucidauerunt,2,1
trucidauit,2,1
tryphone,2,1
tryphonem,2,1
tryphonis,2,1
tuarum,2,1
tubarum,2,1
tueatur,2,1
tuere,2,1
tugurium,3,1
tuitus,3,1
tulerant,3,1
tulerat,3,1
tulere,2|3,2
tulerim,3,1
tuleris,2|3,2
tulerit,3,1
tuleritis,2|3,2
tulero,3,1
tulerunt,2,1
tulimus,3,1
tulissent,2,1
tulisses,2,1
tulisset,2,1
tulisti,2,1
tulistis,2,1
tumentes,2,1
tumentia,3,1
tumidi,3,1
tumore,2,1
tumorem,2,1
tumores,2,1
tumoribus,3,1
tumoris,2,1
tumuli,3,1
tumulis,3,1
tumulos,3,1
tumultu,2,1
tumultuabitur,3,1
tumultuantem,2,1
tumultuantis,2,1
tumultum,2,1
tumultuosa,2,1
tumultus,2,1
tumulum,3,1
tumulus,3,1
tundentes,2,1
tunica,3,1
tunicae,3,1
tunicam,3,1
tunicas,3,1
tunicis,3,1
tuorum,2,1
turbabantur,2,1
turbabatur,2,1
turbabis,2,1
turbabit,2,1
turbabuntur,2,1
turbamini,3,1
turbantes,2,1
turbantur,2,1
turbare,2,1
turbarentur,2,1
turbaret,2,1
turbari,2,1
turbaris,2,1
turbarum,2,1
turbasti,2,1
turbastis,2,1
turbata,2,1
turbatae,2,1
turbati,2,1
turbatio,3,1
turbationis,2,1
turbato,2,1
turbatum,2,1
turbatur,2,1
turbatus,2,1
turbauerant,3,1
turbauerunt,2,1
turbaui,2,1
turbauit,2,1
turbentur,2,1
turbetur,2,1
turbida,3,1
turbidam,3,1
turbidi,3,1
turbido,3,1
turbine,3,1
turbinem,3,1
turbines,3,1
turbinibus,3,1
turbinis,3,1
turbulenti,2,1
turbulentus,2,1
turibula,3,1
turibulis,3,1
turibulo,3,1
turibulum,3,1
turiferis,3,1
turmarum,2,1
turpibus,3,1
turpissima,3,1
turpissimum,3,1
turpiter,3,1
turpitudinem,3,1
turpitudini,3,1
turpitudinis,3,1
turpitudo,2,1
turribus,3,1
turriculae,3,1
turrium,3,1
turturem,3,1
turtures,3,1
turturibus,3,1
turturis,3,1
turturum,3,1
tutamentum,2,1
tutantur,2,1
tutela,2,1
tutelae,2,1
tutiora,2,1
tutissima,3,1
tutoribus,3,1
tympanis,3,1
tympano,3,1
tympanorum,2,1
tympanum,3,1
typhonem,2,1
tyranni,2,1
tyrannidem,3,1
tyrannidis,3,1
tyrannis,2,1
tyranno,2,1
tyrannorum,2,1
tyrannos,2,1
tyrannum,2,1
tyrannus,2,1
tyrii,3,1
tyriis,3,1
tyrio,3,1
tyriorum,2,1
tyrius,3,1
uacabant,2,1
uacabat,2,1
uacabis,2,1
uacabit,2,1
uacantem,2,1
uacantes,2,1
uacare,2,1
uacarent,2,1
uacasset,2,1
uacate,2,1
uacationis,2,1
uacatis,2,1
uaccarum,2,1
uacillans,2,1
uacillant,2,1
uacillantes,2,1
uacillat,2,1
uacua,3,1
uacuae,3,1
uacuam,3,1
uacuas,3,1
uacuefactae,2,1
uacuefactus,2,1
uacui,3,1
uacuitatem,2,1
uacuitatis,2,1
uacuos,3,1
uacuum,3,1
uacuus,3,1
uadimus,3,1
uadite,3,1
uagabantur,2,1
uagantes,2,1
uagari,2,1
uagati,2,1
uagatur,2,1
uagentur,2,1
uagientem,2,1
uagina,2,1
uaginam,2,1
ualeamus,2,1
ualeas,3,1
ualeat,3,1
ualeatis,2,1
ualebam,2,1
ualebant,2,1
ualebat,2,1
ualebimus,3,1
ualebis,2,1
ualebit,2,1
ualebunt,2,1
ualemus,2,1
ualenter,2,1
ualentes,2,1
ualenti,2,1
ualentibus,3,1
ualentiorem,2,1
ualeo,3,1
ualere,2,1
ualerem,2,1
ualerent,2,1
ualete,2,1
ualetis,2,1
ualida,3,1
ualidam,3,1
ualidas,3,1
ualide,3,1
ualidi,3,1
ualidis,3,1
ualido,3,1
ualidos,3,1
ualidum,3,1
ualidus,3,1
uallabit,2,1
uallata,2,1
uallatus,2,1
uallauit,2,1
uallibus,3,1
uallium,3,1
uallorum,2,1
ualuerunt,2,1
ualuimus,3,1
ualuit,3,1
uaniloquia,3,1
uanissimi,3,1
uanissimum,3,1
uanitas,3,1
uanitate,2,1
uanitatem,2,1
uanitates,2,1
uanitati,2,1
uanitatibus,3,1
uanitatis,2,1
uanitatum,2,1
uaporem,2,1
uapores,2,1
uapulabit,2,1
uaria,3,1
uariae,3,1
uariam,3,1
uariare,2,1
uariari,2,1
uarias,3,1
uariat,3,1
uariauit,2,1
uariegata,2,1
uarietas,3,1
uarietate,2,1
uarietates,2,1
uarietatibus,3,1
uarii,3,1
uariis,3,1
uario,3,1
uarios,3,1
uarium,3,1
uarius,3,1
uasculo,3,1
uasculum,3,1
uasorum,2,1
uastabant,2,1
uastabat,2,1
uastabit,2,1
uastabitur,3,1
uastabuntur,2,1
uastante,2,1
uastantes,2,1
uastantibus,3,1
uastantium,3,1
uastare,2,1
uastarent,2,1
uastares,2,1
uastata,2,1
uastatas,2,1
uastati,2,1
uastatio,3,1
uastationem,2,1
uastatis,2,1
uastato,2,1
uastator,2,1
uastatorem,2,1
uastatores,2,1
uastatum,2,1
uastatur,2,1
uastatus,2,1
uastauerunt,2,1
uastauimus,3,1
uastauit,2,1
uastitas,3,1
uastitate,2,1
uastitatem,2,1
uastitatis,2,1
uaticinabantur,2,1
uaticinabatur,2,1
uaticinans,3,1
uaticinantium,3,1
uaticinantur,2,1
uaticinare,2,1
uaticinari,2,1
uaticinati,2,1
uaticinatio,3,1
uaticinatur,2,1
uaticinatus,2,1
uatilla,2,1
ubera,3,1
ubere,3,1
uberem,3,1
uberes,3,1
uberi,3,1
uberibus,3,1
uberrima,3,1
uberrimas,3,1
uberrimis,3,1
uberrimus,3,1
ubertas,2,1
ubertate,2,1
ubertatem,2,1
ubertatis,2,1
uberum,3,1
ubicumque,2,1
ubinam,3,1
ubique,2,1
uecordia,3,1
uectabantur,2,1
uectibus,3,1
uectigal,2,1
uectigales,2,1
uectigalia,3,1
uectigalium,3,1
uectium,3,1
uegetat,3,1
uehemens,3,1
uehementem,2,1
uehementer,2,1
uehementi,2,1
uehementiam,3,1
uehementibus,3,1
uehementis,2,1
uehementissime,3,1
uehementissimo,3,1
uehementissimum,3,1
uehementius,3,1
uehicula,3,1
uehitur,3,1
uelabant,2,1
uelabat,2,1
uelamen,2,1
uelamenti,2,1
uelamento,2,1
uelamentum,2,1
uelamina,3,1
uelamine,3,1
uelaminis,3,1
uelare,2,1
uelatam,2,1
uelato,2,1
uelatum,2,1
uelatur,2,1
ueletur,2,1
uelitis,2|3,2
uellebant,2,1
uellentes,2,1
uellere,2|3,2
uelleribus,3,1
uelleris,2|3,2
uellicans,3,1
ueloce,2,1
uelocem,2,1
ueloces,2,1
ueloci,2,1
uelociores,2,1
uelocissimus,3,1
uelociter,3,1
uelocius,3,1
ueluti,3,1
uenale,2,1
uenalem,2,1
uenalia,3,1
uenandi,2,1
uenantium,3,1
uenarum,2,1
uenatio,3,1
uenatione,2,1
uenationem,2,1
uenationi,2,1
uenationibus,3,1
uenator,2,1
uenatores,2,1
uenatorum,2,1
uenatu,2,1
uenatur,2,1
uendamus,2,1
uendebant,2,1
uendebantur,2,1
uendebat,2,1
uendendi,2,1
uendentes,2,1
uendentibus,3,1
uendentium,3,1
uendentur,2,1
uendere,2|3,2
uenderemur,2,1
uenderent,3,1
uenderentur,2,1
uendetis,2,1
uendicare,2,1
uendiderat,3,1
uendiderint,3,1
uendiderit,3,1
uendiderunt,2,1
uendidi,3,1
uendidissent,2,1
uendidisset,2,1
uendidisti,2,1
uendidistis,2,1
uendidit,3,1
uendite,3,1
uenditi,3,1
uenditio,3,1
uenditione,2,1
uenditionem,2,1
uenditionis,2,1
uenditionum,2,1
uendito,3,1
uenditores,2,1
uenditum,3,1
uenditus,3,1
uenefica,3,1
uenefici,3,1
ueneficia,3,1
ueneficiis,3,1
ueneficis,3,1
uenena,2,1
uenenatorum,2,1
ueneno,2,1
uenenum,2,1
uenerabilis,3,1
uenerabitur,3,1
uenerant,3,1
ueneras,3,1
uenerat,3,1
ueneratione,2,1
uenerationem,2,1
uenerationi,2,1
uenerationis,2,1
ueneratus,2,1
uenere,2|3,2
uenerim,3,1
uenerint,3,1
ueneris,2|3,2
uenerit,3,1
ueneritis,2|3,2
uenero,3,1
uenerunt,2,1
ueniam,3,1
ueniamus,2,1
ueniant,3,1
uenias,3,1
ueniat,3,1
ueniatur,2,1
ueniebam,2,1
ueniebant,2,1
ueniebas,2,1
ueniebat,2,1
ueniemus,2,1
ueniendi,2,1
ueniendo,2,1
ueniendum,2,1
ueniens,3,1
uenient,3,1
ueniente,2,1
uenientem,2,1
uenientes,2,1
uenienti,2,1
uenientibus,3,1
uenientis,2,1
uenientium,3,1
uenies,3,1
ueniet,3,1
uenietis,2,1
ueniit,3,1
uenimus,2|3,2
uenio,3,1
uenire,2,1
uenirem,2,1
ueniremus,2,1
uenirent,2,1
uenires,2,1
ueniret,2,1
ueniretis,2,1
ueniri,2,1
uenisse,2,1
uenissem,2,1
uenissemus,2,1
uenissent,2,1
uenisses,2,1
uenisset,2,1
uenisti,2,1
uenistis,2,1
uenite,2,1
uenitis,2,1
ueniunt,3,1
uentilabrum,2,1
uentilat,3,1
uentilata,2,1
uentilatum,2,1
uentilauit,2,1
uentorum,2,1
uentosa,2,1
uentriculum,3,1
uentura,2,1
uenturae,2,1
uenturam,2,1
uenturi,2,1
uenturo,2,1
uenturum,2,1
uenturus,2,1
uenumdari,2,1
uenumdati,3,1
uenusto,2,1
uenustus,2,1
uepribus,3,1
ueprium,3,1
ueraces,2,1
uerbera,3,1
uerberabat,2,1
uerberans,3,1
uerberantes,2,1
uerberaret,2,1
uerberari,2,1
uerberas,3,1
uerberatus,2,1
uerberauerunt,2,1
uerberauit,2,1
uerberibus,3,1
uerborum,2,1
uerbosi,2,1
uerbosus,2,1
uerearis,2,1
uereatur,2,1
uerebantur,2,1
uerebar,2,1
uerebitur,3,1
uerebuntur,2,1
uerecunda,2,1
uerecundia,3,1
uerecundiae,3,1
uerecundiam,3,1
uerecundum,2,1
ueredarii,3,1
uerenda,2,1
uerentur,2,1
uereor,3,1
uererentur,2,1
uereri,2,1
uergebat,2,1
uergentem,2,1
uergentis,2,1
ueriora,2,1
uerissima,3,1
uerissimo,3,1
ueritas,3,1
ueritate,2,1
ueritatem,2,1
ueritates,2,1
ueritati,2,1
ueritatis,2,1
ueritus,3,1
uermibus,3,1
uermiculatas,2,1
uermiculo,3,1
uermiculum,3,1
uermiculus,3,1
uernaculi,3,1
uernaculos,3,1
uernaculus,3,1
uerorum,2,1
uerrucam,2,1
uersabantur,2,1
uersabatur,2,1
uersabis,2,1
uersabitur,3,1
uersamini,3,1
uersantur,2,1
uersari,2,1
uersaris,2,1
uersati,2,1
uersatilem,3,1
uersatiles,3,1
uersatilis,3,1
uersatur,2,1
uersatus,2,1
uersibus,3,1
uersipellis,2,1
uersutiam,3,1
uersutias,3,1
uersutum,2,1
uersutus,2,1
uersuum,3,1
uertantur,2,1
uertatur,2,1
uertebantur,2,1
uertebatur,2,1
uertente,2,1
uertentem,2,1
uertentes,2,1
uertentibus,3,1
uerterant,3,1
uerterat,3,1
uertere,2|3,2
uerterem,3,1
uerteret,3,1
uerteris,2|3,2
uerterit,3,1
uerterunt,2,1
uertetur,2,1
uertice,3,1
uerticem,3,1
uertices,3,1
uerticibus,3,1
uertimus,3,1
uertisset,2,1
uertite,3,1
uertitis,3,1
uertitur,3,1
uesani,2,1
uesaniae,3,1
uescamini,3,1
uescamur,2,1
uescaris,2,1
uescatur,2,1
uescebantur,2,1
uescebatur,2,1
uescendi,2,1
uescendum,2,1
uescentes,2,1
uescentibus,3,1
uescentur,2,1
uescere,2|3,2
uesceretur,2,1
uesceris,2|3,2
uescetur,2,1
uescimini,3,1
uescimur,3,1
uescitur,3,1
uescuntur,2,1
uesicae,2,1
uesicarum,2,1
uespera,3,1
uesperam,3,1
uespere,3,1
uesperi,3,1
uespero,3,1
uespertilionem,2,1
uespertiliones,2,1
uespertinam,2,1
uespertini,2,1
uespertinis,2,1
uespertino,2,1
uespertinum,2,1
uesperum,3,1
uestiantur,2,1
uestibula,3,1
uestibuli,3,1
uestibulis,3,1
uestibulo,3,1
uestibulum,3,1
uestibus,3,1
uestiebantur,2,1
uestiebat,2,1
uestiebatur,2,1
uestient,3,1
uestiet,3,1
uestietur,2,1
uestigia,3,1
uestigiis,3,1
uestigio,3,1
uestigiorum,2,1
uestigium,3,1
uestimenta,2,1
uestimenti,2,1
uestimentis,2,1
uestimento,2,1
uestimentorum,2,1
uestimentum,2,1
uestiri,2,1
uestita,2,1
uestitae,2,1
uestiti,2,1
uestitos,2,1
uestitu,2,1
uestitum,2,1
uestitus,2,1
uestiui,2,1
uestiuit,2,1
uestium,3,1
uestiunt,3,1
uestiuntur,2,1
uestrarum,2,1
uestrorum,2,1
uetare,2,1
uetatur,2,1
uetera,3,1
ueterani,2,1
ueteranis,2,1
uetere,2|3,2
ueterem,3,1
ueteres,3,1
ueteri,3,1
ueteribus,3,1
ueteris,2|3,2
ueterum,3,1
uetetur,2,1
uetulae,3,1
uetulus,3,1
uetusta,2,1
uetustam,2,1
uetustate,2,1
uetustatem,2,1
uetustatis,2,1
uetustiores,2,1
uetustissima,3,1
uetustos,2,1
uexabant,2,1
uexabantur,2,1
uexabat,2,1
uexabatur,2,1
uexabit,2,1
uexabitur,3,1
uexantes,2,1
uexare,2,1
uexaretur,2,1
uexari,2,1
uexasti,2,1
uexati,2,1
uexatio,3,1
uexationem,2,1
uexationes,2,1
uexationis,2,1
uexatis,2,1
uexatos,2,1
uexatum,2,1
uexatur,2,1
uexatus,2,1
uexauerunt,2,1
uexauit,2,1
uexilla,2,1
uexillum,2,1
uianti,2,1
uiarum,2,1
uiaticum,3,1
uiator,2,1
uiatorem,2,1
uiatores,2,1
uiatori,2,1
uiatoribus,3,1
uiatoris,2,1
uiatorum,2,1
uibrantem,2,1
uibrantes,2,1
uicarium,3,1
uicerant,3,1
uicerit,3,1
uicerunt,2,1
uicesima,3,1
uicesimam,3,1
uicesimo,3,1
uicesimum,3,1
uicesimus,3,1
uiciam,3,1
uicibus,3,1
uicies,3,1
uicina,2,1
uicinae,2,1
uicinarum,2,1
uicinas,2,1
uicini,2,1
uiciniora,2,1
uicinis,2,1
uicino,2,1
uicinos,2,1
uicinum,2,1
uicinus,2,1
uicissent,2,1
uicisset,2,1
uicissim,2,1
uicissitudine,3,1
uicissitudinem,3,1
uicissitudinis,3,1
uicissitudinum,3,1
uicisti,2,1
uicistis,2,1
uictima,3,1
uictimae,3,1
uictimam,3,1
uictimarum,2,1
uictimas,3,1
uictimis,3,1
uictores,2,1
uictoria,3,1
uictoriae,3,1
uictoriam,3,1
uictorias,3,1
uictorum,2,1
uictricem,2,1
uictrices,2,1
uictualia,3,1
uictui,3,1
uicturus,2,1
uiculi,3,1
uiculis,3,1
uideam,3,1
uideamini,3,1
uideamus,2,1
uideant,3,1
uideantur,2,1
uidearis,2,1
uideas,3,1
uideat,3,1
uideatis,2,1
uideatur,2,1
uidebam,2,1
uidebamur,2,1
uidebamus,2,1
uidebant,2,1
uidebantur,2,1
uidebar,2,1
uidebas,2,1
uidebat,2,1
uidebatis,2,1
uidebatur,2,1
uidebimus,3,1
uidebis,2,1
uidebit,2,1
uidebitis,3,1
uidebitur,3,1
uidebo,2,1
uidebor,2,1
uidebunt,2,1
uidelicet,3,1
uidemur,2,1
uidemus,2,1
uidendam,2,1
uidendum,2,1
uidente,2,1
uidentem,2,1
uidentes,2,1
uidentibus,3,1
uidentis,2,1
uidentium,3,1
uidentur,2,1
uideo,3,1
uideram,3,1
uiderant,3,1
uiderat,3,1
uidere,2,1
uiderem,2,1
uiderent,2,1
uiderentur,2,1
uideres,2,1
uideret,2,1
uideretur,2,1
uideri,2,1
uiderim,3,1
uiderimus,2|3,2
uiderint,3,1
uideris,2|3,2
uiderit,3,1
uideritis,2|3,2
uidero,3,1
uiderunt,2,1
uidete,2,1
uidetis,2,1
uidetur,2,1
uidimus,3,1
uidisse,2,1
uidissem,2,1
uidissent,2,1
uidisset,2,1
uidisti,2,1
uidistis,2,1
uidua,3,1
uiduae,3,1
uiduam,3,1
uiduarum,2,1
uiduas,3,1
uiduatus,2,1
uiduis,3,1
uiduitas,3,1
uiduitate,2,1
uiduitatis,2,1
uigila,3,1
uigilabant,2,1
uigilabis,2,1
uigilabit,2,1
uigilandum,2,1
uigilans,3,1
uigilant,3,1
uigilantem,2,1
uigilantes,2,1
uigilantis,2,1
uigilare,2,1
uigilaret,2,1
uigilat,3,1
uigilate,2,1
uigilauerint,3,1
uigilaueris,3,1
uigilaui,2,1
uigilauit,2,1
uigilem,3,1
uigiles,3,1
uigilet,3,1
uigilia,3,1
uigiliae,3,1
uigiliam,3,1
uigiliarum,2,1
uigilias,3,1
uigiliis,3,1
uigilo,3,1
uiginti,2,1
uigore,2,1
uilia,3,1
uilibus,3,1
uilicare,2,1
uilicationem,2,1
uilicationis,2,1
uilicum,3,1
uilicus,3,1
uilior,3,1
uilissimus,3,1
uillicum,3,1
uillicus,3,1
uillulis,3,1
uinariam,3,1
uinariis,3,1
uinarios,3,1
uincebat,2,1
uincenti,2,1
uincentium,3,1
uincere,2|3,2
uinceret,3,1
uinciantur,2,1
uinciatur,2,1
uinciebatur,2,1
uinciri,2,1
uincitur,2|3,2
uinctorum,2,1
uincula,3,1
uinculi,3,1
uinculis,3,1
uinculo,3,1
uinculorum,2,1
uinculum,3,1
uindemia,3,1
uindemiae,3,1
uindemiam,3,1
uindemiant,3,1
uindemiator,2,1
uindemiatores,2,1
uindemiaueris,3,1
uindemiauit,2,1
uindemiis,3,1
uindica,3,1
uindicabat,2,1
uindicabis,2,1
uindicabit,2,1
uindicabitur,3,1
uindicabo,2,1
uindicabor,2,1
uindicamus,2,1
uindicandam,2,1
uindicans,3,1
uindicantes,2,1
uindicare,2,1
uindicarent,2,1
uindicaret,2,1
uindicari,2,1
uindicas,3,1
uindicat,3,1
uindicate,2,1
uindicaturum,2,1
uindicauerunt,2,1
uindicauit,2,1
uindicet,3,1
uindicetis,2,1
uindicta,2,1
uindictae,2,1
uindictam,2,1
uindictas,2,1
uinea,3,1
uineae,3,1
uineam,3,1
uinearum,2,1
uineas,3,1
uineis,3,1
uineta,2,1
uinitores,2,1
uinolentum,2,1
uiolando,2,1
uiolant,3,1
uiolare,2,1
uiolarent,2,1
uiolaret,2,1
uiolaretur,2,1
uiolassent,2,1
uiolasset,2,1
uiolasti,2,1
uiolastis,2,1
uiolata,2,1
uiolationem,2,1
uiolatores,2,1
uiolauerit,3,1
uiolauerunt,2,1
uiolauit,2,1
uiolenta,2,1
uiolentae,2,1
uiolentam,2,1
uiolenter,2,1
uiolenti,2,1
uiolentia,3,1
uiolentiae,3,1
uiolentiam,3,1
uiolentissimi,3,1
uiolento,2,1
uiolentum,2,1
uiolentus,2,1
uipera,3,1
uiperae,3,1
uiperarum,2,1
uirago,2,1
uirecta,2,1
uirentem,2,1
uirentes,2,1
uirentia,3,1
uirentibus,3,1
uirere,2,1
uirescit,2,1
uirgine,3,1
uirginem,3,1
uirgines,3,1
uirgini,3,1
uirginibus,3,1
uirginis,3,1
uirginitas,3,1
uirginitate,2,1
uirginitatem,2,1
uirginitatis,2,1
uirginum,3,1
uirgula,3,1
uirgulta,2,1
uirgultorum,2,1
uirgultum,2,1
uiribus,3,1
uiride,3,1
uiridem,3,1
uirides,3,1
uiridi,3,1
uiridia,3,1
uiriditas,3,1
uirilem,2,1
uirili,2,1
uirilia,3,1
uirilis,2,1
uiriliter,3,1
uiritim,2,1
uirium,3,1
uirorum,2,1
uirtute,2,1
uirtutem,2,1
uirtutes,2,1
uirtuti,2,1
uirtutibus,3,1
uirtutis,2,1
uirtutum,2,1
uiscera,3,1
uisceribus,3,1
uiscerum,3,1
uisibilia,3,1
uisio,3,1
uisione,2,1
uisionem,2,1
uisiones,2,1
uisioni,2,1
uisionibus,3,1
uisionis,2,1
uisionum,2,1
uisita,3,1
uisitabit,2,1
uisitabo,2,1
uisitandum,2,1
uisitans,3,1
uisitare,2,1
uisitaret,2,1
uisitari,2,1
uisitat,3,1
uisitata,2,1
uisitatio,3,1
uisitatione,2,1
uisitationem,2,1
uisitationis,2,1
uisitator,2,1
uisitaui,2,1
uisitauit,2,1
uisitet,3,1
uisitetur,2,1
uisui,3,1
uisuri,2,1
uisuros,2,1
uisurum,2,1
uisurus,2,1
uitabit,2,1
uitalem,2,1
uitalia,3,1
uitalibus,3,1
uitalis,2,1
uitanda,2,1
uitare,2,1
uitibus,3,1
uitii,3,1
uitiis,3,1
uitio,3,1
uitreum,3,1
uitula,3,1
uitulam,3,1
uituli,3,1
uitulis,3,1
uitulo,3,1
uitulorum,2,1
uitulos,3,1
uitulum,3,1
uitulus,3,1
uituperans,3,1
uituperarent,2,1
uituperationem,2,1
uituperauerunt,2,1
uituperauit,2,1
uituperet,3,1
uituperetur,2,1
uiuamus,2,1
uiuatis,2,1
uiuebam,2,1
uiuebant,2,1
uiuebat,2,1
uiuemus,2,1
uiuendi,2,1
uiuendo,2,1
uiuendum,2,1
uiuente,2,1
uiuentem,2,1
uiuentes,2,1
uiuenti,2,1
uiuentibus,3,1
uiuentis,2,1
uiuentium,3,1
uiuere,2|3,2
uiueremus,2,1
uiuerent,3,1
uiueret,3,1
uiueretis,2,1
uiuetis,2,1
uiuifica,3,1
uiuificabit,2,1
uiuificabuntur,2,1
uiuificantem,2,1
uiuificare,2,1
uiuificat,3,1
uiuificatur,2,1
uiuificatus,2,1
uiuimus,3,1
uiuite,3,1
uiuitis,3,1
uiuitur,3,1
uiuorum,2,1
uixerat,3,1
uixerimus,2|3,2
uixerit,3,1
uixero,3,1
uixerunt,2,1
uixisti,2,1
ulcera,3,1
ulcere,3,1
ulceri,3,1
ulceribus,3,1
ulceris,3,1
ulciscar,2,1
ulciscaris,2,1
ulciscatur,2,1
ulciscendum,2,1
ulciscens,2,1
ulciscere,2|3,2
ulciscerer,3,1
ulcisceretur,2,1
ulcisci,2,1
ulciscitur,3,1
ulteriora,2,1
ulterius,3,1
ultima,3,1
ultimam,3,1
ultimi,3,1
ultimis,3,1
ultimo,3,1
ultimum,3,1
ultimus,3,1
ultio,3,1
ultione,2,1
ultionem,2,1
ultiones,2,1
ultioni,2,1
ultionis,2,1
ultionum,2,1
ultorem,2,1
ultores,2,1
ultori,2,1
ultoris,2,1
ultroneus,3,1
ulula,3,1
ululabat,2,1
ululae,3,1
ululant,3,1
ululantibus,3,1
ululate,2,1
ululatu,2,1
ululatum,2,1
ululatus,2,1
ululauit,2,1
umbilici,2,1
umbilico,2,1
umbilicus,2,1
umbraculis,3,1
umbraculo,3,1
umbraculum,3,1
umbrarum,2,1
umectus,2,1
umentibus,3,1
umerale,2,1
umeri,2|3,2
umeris,2|3,2
umero,3,1
umeros,3,1
umerum,3,1
umerus,3,1
umore,2,1
umorem,2,1
unanimem,3,1
unanimes,3,1
unanimis,3,1
unanimiter,3,1
unciarum,2,1
uncias,3,1
uncinis,2,1
uncinos,2,1
unctio,3,1
unctionem,2,1
unctiones,2,1
unctionis,2,1
undecim,3,1
undecima,3,1
undecimam,3,1
undecimi,3,1
undecimo,3,1
undecimum,3,1
undecimus,3,1
undecumque,2,1
undique,3,1
ungatur,2,1
ungebant,2,1
ungebat,2,1
ungentes,2,1
ungere,2|3,2
ungerent,3,1
unguenta,2,1
unguentarii,3,1
unguentarium,3,1
unguentarius,3,1
unguenti,2,1
unguentis,2,1
unguento,2,1
unguentorum,2,1
unguentum,2,1
ungula,3,1
ungulae,3,1
ungulam,3,1
ungularum,2,1
ungulas,3,1
ungulis,3,1
unica,3,1
unicam,3,1
unicis,3,1
unicornes,2,1
unicornis,2,1
unicum,3,1
unicus,3,1
unigeniti,3,1
unigenito,3,1
unigenitum,3,1
unigenitus,3,1
unionem,2,1
unitas,2|3,2
unitatem,2,1
uniuersa,2,1
uniuersae,2,1
uniuersam,2,1
uniuersarum,2,1
uniuersas,2,1
uniuersi,2,1
uniuersis,2,1
uniuersitas,3,1
uniuerso,2,1
uniuersorum,2,1
uniuersos,2,1
uniuersum,2,1
uniuersus,2,1
unius,3,1
unxerunt,2,1
unxisti,2,1
uobiscum,2,1
uocabam,2,1
uocabant,2,1
uocabantur,2,1
uocabat,2,1
uocabatur,2,1
uocaberis,3,1
uocabimus,3,1
uocabis,2,1
uocabit,2,1
uocabitur,3,1
uocabo,2,1
uocabula,3,1
uocabulis,3,1
uocabulo,3,1
uocabulorum,2,1
uocabulum,3,1
uocabunt,2,1
uocabuntur,2,1
uocamini,3,1
uocandum,2,1
uocante,2,1
uocantem,2,1
uocantes,2,1
uocantur,2,1
uocare,2,1
uocarem,2,1
uocarent,2,1
uocares,2,1
uocaret,2,1
uocaretur,2,1
uocari,2,1
uocaris,2,1
uocassent,2,1
uocasset,2,1
uocasti,2,1
uocata,2,1
uocatae,2,1
uocate,2,1
uocati,2,1
uocatio,3,1
uocatione,2,1
uocationem,2,1
uocationis,2,1
uocatis,2,1
uocato,2,1
uocatos,2,1
uocatum,2,1
uocatur,2,1
uocatus,2,1
uocauerat,3,1
uocaueris,3,1
uocauerit,3,1
uocauerunt,2,1
uocaui,2,1
uocauit,2,1
uocemus,2,1
uoceris,2,1
uocetis,2,1
uocetur,2,1
uocibus,3,1
uociferabatur,2,1
uociferans,3,1
uociferante,2,1
uociferantem,2,1
uociferantes,2,1
uociferantibus,3,1
uociferantis,2,1
uociferantur,2,1
uociferare,2,1
uociferari,2,1
uociferati,2,1
uociferatio,3,1
uociferatione,2,1
uociferationis,2,1
uociferatus,2,1
uociferer,3,1
uociferor,3,1
uolabant,2,1
uolabat,2,1
uolabit,2,1
uolabo,2,1
uolabunt,2,1
uolandum,2,1
uolante,2,1
uolantem,2,1
uolantes,2,1
uolanti,2,1
uolantis,2,1
uolantium,3,1
uolare,2,1
uolaret,2,1
uolatile,3,1
uolatili,3,1
uolatilia,3,1
uolatilibus,3,1
uolatilis,3,1
uolatum,2,1
uolauit,2,1
uolebam,2,1
uolebamus,2,1
uolebant,2,1
uolebas,2,1
uolebat,2,1
uolente,2,1
uolentes,2,1
uolenti,2,1
uolentibus,3,1
uolentis,2,1
uolitabat,2,1
uolitans,3,1
uolitant,3,1
uolubilem,3,1
uolubiles,3,1
uolucre,3,1
uolucrem,3,1
uolucres,3,1
uolucri,3,1
uolucribus,3,1
uolucris,2|3,2
uolucrum,3,1
uolueram,3,1
uoluerant,3,1
uoluerat,3,1
uoluerentur,2,1
uolueretur,2,1
uoluerim,3,1
uoluerimus,2|3,2
uoluerint,3,1
uolueris,2|3,2
uoluerit,3,1
uolueritis,2|3,2
uoluero,3,1
uoluerunt,2,1
uolui,3,1
uoluimus,3,1
uoluisse,2,1
uoluissem,2,1
uoluissent,2,1
uoluisses,2,1
uoluisset,2,1
uoluisti,2,1
uoluistis,2,1
uoluit,3,1
uoluite,3,1
uolumen,2,1
uolumine,3,1
uoluminis,3,1
uolumus,3,1
uoluntaria,3,1
uoluntariam,3,1
uoluntarias,3,1
uoluntarie,3,1
uoluntarii,3,1
uoluntario,3,1
uoluntarium,3,1
uoluntarius,3,1
uoluntas,2,1
uoluntate,2,1
uoluntatem,2,1
uoluntates,2,1
uoluntati,2,1
uoluntatibus,3,1
uoluntatis,2,1
uoluptas,2,1
uoluptate,2,1
uoluptatem,2,1
uoluptates,2,1
uoluptati,2,1
uoluptatibus,3,1
uoluptatis,2,1
uoluptatum,2,1
uoluptuose,2,1
uolutare,2,1
uolutatum,2,1
uomere,2|3,2
uomerem,3,1
uomeres,3,1
uomitu,3,1
uomitum,3,1
uomitus,3,1
uorabit,2,1
uoraces,2,1
uoraginem,3,1
uoragines,3,1
uoraginibus,3,1
uoraginis,3,1
uorago,2,1
uorauit,2,1
uotorum,2,1
uouerant,3,1
uouerat,3,1
uouere,2,1
uouerit,3,1
uouerunt,2,1
uouisti,2,1
upupam,3,1
urantur,2,1
urbanum,2,1
urbibus,3,1
urbium,3,1
urceorum,2,1
urceos,3,1
uredine,3,1
uredo,2,1
urente,2,1
urentem,2,1
urenti,2,1
urgeat,3,1
urgebant,2,1
urgebat,2,1
urgebis,2,1
urgentes,2,1
urgerent,2,1
urgeret,2,1
uria,3,1
urinam,2|3,2
uritur,3,1
ursorum,2,1
urtica,2,1
urticae,2,1
usui,3,1
usura,2,1
usuram,2,1
usuras,2,1
usuris,2,1
usurpauerunt,2,1
utamur,2,1
utantur,2,1
utatur,2,1
utcumque,2,1
utebantur,2,1
utebatur,2,1
utensilia,3,1
utensilibus,3,1
utentes,2,1
utentibus,3,1
utentur,2,1
utere,2|3,2
uterentur,2,1
uterer,3,1
uteretur,2,1
uteri,3,1
uterinus,2,1
uteris,2|3,2
utero,3,1
uterque,2,1
uterum,3,1
uterus,3,1
utetur,2,1
utile,3,1
utilem,3,1
utiles,3,1
utilia,3,1
utilior,3,1
utiliora,2,1
utilis,3,1
utilitas,3,1
utilitate,2,1
utilitatem,2,1
utilitates,2,1
utilitati,2,1
utilitatibus,3,1
utiliter,3,1
utilium,3,1
utilius,3,1
utimur,3,1
utinam,3,1
utique,3,1
utitur,3,1
utpote,3,1
utramque,2,1
utraque,2|3,2
utrasque,2,1
utrimque,2,1
utrique,2,1
utrisque,2,1
utriusque,2,1
utroque,2,1
utrorumque,2,1
utrosque,2,1
utrumque,2,1
utuntur,2,1
uuarum,2,1
uulgatum,2,1
uulnera,3,1
uulnerabant,2,1
uulnerabas,2,1
uulnerabatur,2,1
uulnerabitur,3,1
uulnerans,3,1
uulnerarent,2,1
uulneraretur,2,1
uulnerasti,2,1
uulnerat,3,1
uulnerata,2,1
uulnerati,2,1
uulneratis,2,1
uulneratorum,2,1
uulneratos,2,1
uulneratum,2,1
uulneratus,2,1
uulnerauerant,3,1
uulnerauerit,3,1
uulnerauerunt,2,1
uulnerauit,2,1
uulnere,3,1
uulneri,3,1
uulneribus,3,1
uulneris,3,1
uulnerum,3,1
uulpium,3,1
uultibus,3,1
uultui,3,1
uulturem,3,1
uulturis,3,1
uultuum,3,1
uxore,2,1
uxorem,2,1
uxores,2,1
uxori,2,1
uxoribus,3,1
uxoris,2,1
uxorum,2,1
xenia,3,1
zabulon,3,1
zacharia,3,1
zachariae,3,1
zachariam,3,1
zacharias,3,1
zelatus,2,1
zelotes,2,1
zelotypa,3,1
zelotypiae,3,1
zizania,3,1
zizaniorum,2,1
