archivo,orden,celebracion,tipo,cita,libro,vv_pedidos,vv_obtenidos,desfase,explicado,nombres_es,nombres_comunes,coincidencia,solo_en_es
1009AFSAFA.html,1,La Sagrada Familia,primera lectura,"Eclo 3,2-6.12-14",Ecclesiasticus,8,9,1,si,38,0,0.0,aban aboc acum afir aleg aunc auto calo
1019AFDORA.html,5,Domingo de ramos,aleluya,"Flp 2,8-9",Ad Philippenses,2,2,0,,9,0,0.0,conc cris incl leua muer nomb noso sobr
1021TFVISA.html,4,Viernes santo — Celebración de la Pasión del Señor,aleluya,"Flp 2,8-9",Ad Philippenses,2,2,0,,9,0,0.0,conc cris incl leua muer nomb noso sobr
1022AVIPAS.html,11,Vigilia Pascual,salmo responsorial,"Sal 29,2.4.5-6.11.12a.13b",Psalmi,7,7,0,,32,0,0.0,abis atar baia bond camb cole cuan danz
1025APAD03.html,4,Tercer domingo de Pascua,aleluya,"Lc 24,32",Lucas,1,1,0,,8,0,0.0,abla cora escr expl iesu mien nues seno
1029AFASCE.html,4,La Ascensión del Señor,aleluya,"Mt 28,19.20",Matthæus,2,2,0,,9,0,0.0,aced asta disc esto mund pueb seno todo
1035ATOD02.html,4,Domingo de la 2ª semana de Tiempo Ordinario,aleluya,"Jn 1,14.12b",Joannes,2,2,0,,9,0,0.0,acam carn cuan entr iios noso pala pode
1037ATOD04.html,4,Domingo de la 4ª semana de Tiempo Ordinario,aleluya,"Mt 5,12a",Matthæus,1,1,0,,11,0,0.0,aleg alel alte ciel cont esta gran porc
1040ATOD07.html,4,Domingo de la 7ª semana de Tiempo Ordinario,aleluya,"1 Jn 2,5",Joannis I,1,1,0,,10,0,0.0,alel alte cien cier cris guar lega pala
1041ATOD08.html,1,Domingo de la 8ª semana de Tiempo Ordinario,primera lectura,"Is 49,14-15",Isaias,2,2,0,,11,0,0.0,aban aunc conm cria deci duen entr madr
1042ATOD09.html,4,Domingo de la 9ª semana de Tiempo Ordinario,aleluya,"Jn 15,5",Joannes,1,1,0,,9,0,0.0,abun alel alte frut perm sarm seno uers
1058ATOD25.html,4,Domingo de la 25ª semana de Tiempo Ordinario,aleluya,"Hch 16,14b",Actus Apostolorum,1,1,0,,8,0,0.0,abre acep alel alte cora pala seno uers
1059ATOD26.html,5,Domingo de la 26ª semana de Tiempo Ordinario,aleluya,"Jn 10,27",Joannes,1,1,0,,9,0,0.0,alel alte cono elas escu ouei seno sigu
1063ATOD30.html,4,Domingo de la 30ª semana de Tiempo Ordinario,aleluya,"Jn 14,23",Joannes,1,1,0,,9,0,0.0,alel alte amar guar padr pala seno uend
1065ATOD32.html,4,Domingo de la 32ª semana de Tiempo Ordinario,aleluya,"Mt 24,42a.44",Matthæus,2,2,0,,10,0,0.0,alel alte esta meno ombr pens porc prep
1066ATOD33.html,4,Domingo de la 33ª semana de Tiempo Ordinario,aleluya,"Jn 15,4a.5b",Joannes,2,2,0,,8,0,0.0,abun alel alte frut perm seno uers uoso
2009BFSAFA.html,1,La Sagrada Familia,primera lectura,"Eclo 3,2-6.12-14",Ecclesiasticus,8,9,1,si,32,0,0.0,aban aboc acum afir aleg aunc auto coce
2018BCUD05.html,4,Quinto domingo de Cuaresma,aleluya,"Jn 12,26",Joannes,1,1,0,,10,0,0.0,acla alel alte cier dond esta seno seru
2019BFDORA.html,5,Domingo de ramos,aleluya,"Flp 2,8-9",Ad Philippenses,2,2,0,,9,0,0.0,conc cris incl leua muer nomb noso sobr
2021TFVISA.html,4,Viernes santo — Celebración de la Pasión del Señor,aleluya,"Flp 2,8-9",Ad Philippenses,2,2,0,,9,0,0.0,conc cris incl leua muer nomb noso sobr
2022BVIPAS.html,11,Vigilia Pascual,salmo responsorial,"Sal 29,2.4.5-6.11.12a.13b",Psalmi,7,7,0,,32,0,0.0,abis atar baia bond camb cole cuan danz
2025BPAD03.html,4,Tercer domingo de Pascua,aleluya,"Lc 24,32",Lucas,1,1,0,,8,0,0.0,abla cora escr expl iesu mien nues seno
2028BPAD06.html,3,Séptimo domingo de Pascua,evangelio,"Jn 17,19",Joannes,1,1,0,,35,0,0.0,acel aleg aora ciel cons cuan cump cust
2029BFASCE.html,6,La Ascensión del Señor,aleluya,"Mt 28,19.20",Matthæus,2,2,0,,9,0,0.0,aced asta disc esto mund pueb seno todo
2037BTOD04.html,4,Domingo de la 4ª semana de Tiempo Ordinario,aleluya,"Mt 4,16",Matthæus,1,1,0,,11,0,0.0,abit alel alte bril gran muer pueb somb
2038BTOD05.html,4,Domingo de la 5ª semana de Tiempo Ordinario,aleluya,"Mt 8,17",Matthæus,1,1,0,,8,0,0.0,alel alte carg cris dole enfe nues uers
2041BTOD08.html,4,Domingo de la 8ª semana de Tiempo Ordinario,aleluya,"St 1,18",Jacobi,1,1,0,,12,0,0.0,alel alte cria enge inic padr pala prim
2046BTOD13.html,2,Domingo de la 13ª semana de Tiempo Ordinario,salmo responsorial,"Sal 29,2.4.5-6.11.12a.13b",Psalmi,7,7,0,,32,0,0.0,abis atar baia bond camb cole cuan danz
2049BTOD16.html,4,Domingo de la 16ª semana de Tiempo Ordinario,aleluya,"Jn 10,27",Joannes,1,1,0,,9,0,0.0,alel alte cono elas escu ouei seno sigu
2052BTOD19.html,4,Domingo de la 19ª semana de Tiempo Ordinario,aleluya,"Jn 6,51",Joannes,1,2,1,si,8,0,0.0,alel alte baia ciel seno siem uers uiui
2055BTOD22.html,4,Domingo de la 22ª semana de Tiempo Ordinario,aleluya,"St 1,18",Jacobi,1,1,0,,12,0,0.0,alel alte cria enge inic padr pala prim
2060BTOD27.html,4,Domingo de la 27ª semana de Tiempo Ordinario,aleluya,"1 Jn 4,12",Joannis I,1,1,0,,9,0,0.0,alel alte amam lega noso otro perm plen
2061BTOD28.html,4,Domingo de la 28ª semana de Tiempo Ordinario,aleluya,"Mt 5,3",Matthæus,1,1,0,,10,0,0.0,alel alte ciel dico elos espi pobr porc
2064BTOD31.html,4,Domingo de la 31ª semana de Tiempo Ordinario,aleluya,"Jn 14,23",Joannes,1,1,0,,9,0,0.0,alel alte amar guar padr pala seno uend
2065BTOD32.html,4,Domingo de la 32ª semana de Tiempo Ordinario,aleluya,"Mt 5,3",Matthæus,1,1,0,,10,0,0.0,alel alte ciel dico elos espi pobr porc
2066BTOD33.html,4,Domingo de la 33ª semana de Tiempo Ordinario,aleluya,"Lc 21,36",Lucas,1,1,0,,10,0,0.0,alel alte desp esta fuer mant ombr pidi
3009CFSAFA.html,1,La Sagrada Familia,primera lectura,"Eclo 3,2-6.12-14",Ecclesiasticus,8,9,1,si,32,0,0.0,aban aboc acum afir aleg aunc auto coce
3016CCUD03.html,4,Tercer domingo de Cuaresma,aleluya,"Mt 4,17",Matthæus,1,1,0,,10,0,0.0,acla alel alte cerc ciel conu porc rein
3017CCUD04.html,4,Cuarto domingo de Cuaresma,aleluya,"Lc 15,18",Lucas,1,1,0,,11,0,0.0,acla alel alte cami ciel cont dond padr
3019CFDORA.html,5,Domingo de Ramos,aleluya,"Flp 2,8-9",Ad Philippenses,2,2,0,,9,0,0.0,conc cris incl leua muer nomb noso sobr
3021TFVISA.html,4,Viernes santo — Celebración de la Pasión del Señor,aleluya,"Flp 2,8-9",Ad Philippenses,2,2,0,,9,0,0.0,conc cris incl leua muer nomb noso sobr
3022AVIPAS.html,11,Vigilia Pascual,salmo responsorial,"Sal 29,2.4.5-6.11.12a.13b",Psalmi,7,7,0,,32,0,0.0,abis atar baia bond camb cole cuan danz
3025CPAD03.html,2,Tercer domingo de Pascua,salmo responsorial,"Sal 29,2.4.5.6.11.12a.13b",Psalmi,7,7,0,,33,0,0.0,abis alel atar baia bond camb cole cuan
3029CFASCE.html,4,La Ascensión del Señor,aleluya,"Mt 28,19.20",Matthæus,2,2,0,,9,0,0.0,aced asta disc esto mund pueb seno todo
3032CFSATR.html,5,La Santísima Trinidad,evangelio,"Jn 16,12-15",Joannes,4,4,0,,31,0,0.0,abla able acel anun aora asta carg ceda
3039CTOD06.html,4,Domingo de la 6ª semana de Tiempo Ordinario,aleluya,"Lc 6,23ab",Lucas,1,1,0,,11,0,0.0,aleg alel alte ciel gran porc reco salt
3043CTOD10.html,2,Domingo de la 10ª semana de Tiempo Ordinario,salmo responsorial,"Sal 29,2.4.5-6.11.12a.13b",Psalmi,7,7,0,,32,0,0.0,abis atar baia bond camb cole cuan danz
3045CTOD12.html,4,Domingo de la 12ª semana de Tiempo Ordinario,aleluya,"Jn 10,27",Joannes,1,1,0,,9,0,0.0,alel alte cono elas escu ouei seno sigu
3049CTOD16.html,4,Domingo de la 16ª semana de Tiempo Ordinario,aleluya,"Lc 8,15",Lucas,1,1,0,,11,0,0.0,alel alte cora dico frut gene guar nobl
3051CTOD18.html,4,Domingo de la 18ª semana de Tiempo Ordinario,aleluya,"Mt 5,3",Matthæus,1,1,0,,10,0,0.0,alel alte ciel dico elos espi pobr porc
3052CTOD19.html,5,Domingo de la 19ª semana de Tiempo Ordinario,aleluya,"Mt 24,42a.44",Matthæus,2,2,0,,10,0,0.0,alel alte esta meno ombr pens porc prep
3053CTOD20.html,4,Domingo de la 20ª semana de Tiempo Ordinario,aleluya,"Jn 10,27",Joannes,1,1,0,,9,0,0.0,alel alte cono elas escu ouei seno sigu
3054CTOD21.html,4,Domingo de la 21ª semana de Tiempo Ordinario,aleluya,"Jn 14,6",Joannes,1,1,0,,8,0,0.0,alel alte cami nadi padr seno uerd uers
3056CTOD23.html,4,Domingo de la 23ª semana de Tiempo Ordinario,aleluya,"Sal 118,135",Psalmi,1,1,0,,9,0,0.0,alel alte bril ense leie rost sier sobr
4012ITOS02.html,4,Sábado de la 2ª semana de Tiempo Ordinario,evangelio,"Mc 3,20-21",Marcus,2,2,0,,18,0,0.0,acel caba come deci deia disc ente esta
4023ITOV04.html,3,Viernes de la 4ª semana de Tiempo Ordinario,aleluya,"Lc 8,15",Lucas,1,1,0,,8,0,0.0,cora dico frut gene guar nobl pala pers
4040ITOJ07.html,4,Jueves de la 7ª semana de Tiempo Ordinario,evangelio,"Mc 9,41-50",Marcus,10,10,0,,45,0,0.0,acel apag aseg bebe buen ceda cort cree
4055ITOL10.html,3,Lunes de la 10ª semana de Tiempo Ordinario,aleluya,"Mt 5,12a",Matthæus,1,1,0,,8,0,0.0,aleg ciel cont esta gran porc reco uues
4065ITOV11.html,4,Viernes de la 11ª semana de Tiempo Ordinario,evangelio,"Mt 6,19-23",Matthæus,5,5,0,,30,0,0.0,abra abre acel ates boce carc ciel coma
4075ITOX13.html,3,Miércoles de la 13ª semana de Tiempo Ordinario,aleluya,"St 1,18",Jacobi,1,1,0,,9,0,0.0,cria enge inic padr pala prim prop seam
4083ITOV14.html,3,Viernes de la 14ª semana de Tiempo Ordinario,aleluya,"Jn 16,13a.14,26d",Joannes,2,2,0,,9,0,0.0,asta cuan dico espi guia plen reco ueng
4095ITOV16.html,3,Viernes de la 16ª semana de Tiempo Ordinario,aleluya,"Lc 8,15",Lucas,1,1,0,,8,0,0.0,cora dico frut gene guar nobl pala pers
4097ITOL17.html,3,Lunes de la 17ª semana de Tiempo Ordinario,aleluya,"St 1,18",Jacobi,1,1,0,,9,0,0.0,cria enge inic padr pala prim prop seam
4122ITOM21.html,2,Martes de la 21ª semana de Tiempo Ordinario,salmo responsorial,"Sal 138,1-3.4-6",Psalmi,6,6,0,,28,0,0.0,abar cami cono cuan cubr dela desc detr
4123ITOX21.html,2,Miércoles de la 21ª semana de Tiempo Ordinario,salmo responsorial,"Sal 138,7-8.9-10.11-12ab",Psalmi,6,6,0,,26,0,0.0,abis acue adon agar alca alie asta auro
4135ITOX23.html,3,Miércoles de la 23ª semana de Tiempo Ordinario,aleluya,"Lc 6,23ab",Lucas,1,1,0,,8,0,0.0,aleg ciel gran porc reco salt seno uues
4144ITOS24.html,3,Sábado de la 24ª semana de Tiempo Ordinario,aleluya,"Lc 8,15",Lucas,1,1,0,,8,0,0.0,cora dico frut gene guar nobl pala pers
4146ITOM25.html,4,Martes de la 25ª semana de Tiempo Ordinario,evangelio,"Lc 8,19-21",Lucas,3,3,0,,21,0,0.0,acel asta auis cier cont ento erma escu
4162ITOS27.html,4,Sábado de la 27ª semana de Tiempo Ordinario,evangelio,"Lc 11,27-28",Lucas,2,2,0,,20,0,0.0,abla acel cria cump dici dico entr escu
4166ITOJ28.html,2,Jueves de la 28ª semana de Tiempo Ordinario,salmo responsorial,"Sal 129,1-2.3-4.5",Psalmi,5,5,0,,22,0,0.0,agua aten cien cuen deli desd escu espe
4199ITOL34.html,4,Lunes de la 34ª semana de Tiempo Ordinario,evangelio,"Lc 21,1-4",Lucas,4,4,0,,22,0,0.0,acel alza dema dona ecab ecad iesu nadi
4216PTOS02.html,4,Sábado de la 2ª semana de Tiempo Ordinario,evangelio,"Mc 3,20-21",Marcus,2,2,0,,18,0,0.0,acel caba come deci deia disc ente esta
4227PTOV04.html,3,Viernes de la 4ª semana de Tiempo Ordinario,aleluya,"Lc 8,15",Lucas,1,1,0,,8,0,0.0,cora dico frut gene guar nobl pala pers
4243PTOX07.html,1,Miércoles de la 7ª semana de Tiempo Ordinario,primera lectura,"St 4,13-17",Jacobi,5,5,0,,33,0,0.0,acer apar arem ceri cien cier ciud cono
4244PTOJ07.html,4,Jueves de la 7ª semana de Tiempo Ordinario,evangelio,"Mc 9,41-50",Marcus,10,10,0,,45,0,0.0,acel apag aseg bebe buen ceda cort cree
4259PTOL10.html,3,Lunes de la 10ª semana de Tiempo Ordinario,aleluya,"Mt 5,12a",Matthæus,1,1,0,,8,0,0.0,aleg ciel cont esta gran porc reco uues
4263PTOV10.html,2,Viernes de la 10ª semana de Tiempo Ordinario,salmo responsorial,"Sal 26,7-8a.8b-9abc.13-14",Psalmi,5,5,0,,18,0,0.0,anim auxi busc cora dese dica esco escu
4269PTOV11.html,4,Viernes de la 11ª semana de Tiempo Ordinario,evangelio,"Mt 6,19-23",Matthæus,5,5,0,,30,0,0.0,abra abre acel ates boce carc ciel coma
4279PTOX13.html,3,Miércoles de la 13ª semana de Tiempo Ordinario,aleluya,"St 1,18",Jacobi,1,1,0,,9,0,0.0,cria enge inic padr pala prim prop seam
4287PTOV14.html,3,Viernes de la 14ª semana de Tiempo Ordinario,aleluya,"Jn 16,13a.14,26d",Joannes,2,2,0,,9,0,0.0,asta cuan dico espi guia plen reco ueng
4299PTOV16.html,3,Viernes de la 16ª semana de Tiempo Ordinario,aleluya,"Lc 8,15",Lucas,1,1,0,,8,0,0.0,cora dico frut gene guar nobl pala pers
4301PTOL17.html,3,Lunes de la 17ª semana de Tiempo Ordinario,aleluya,"St 1,18",Jacobi,1,1,0,,9,0,0.0,cria enge inic padr pala prim prop seam
4339PTOX23.html,3,Miércoles de la 23ª semana de Tiempo Ordinario,aleluya,"Lc 6,23ab",Lucas,1,1,0,,8,0,0.0,aleg ciel gran porc reco salt seno uues
4348PTOS24.html,3,Sábado de la 24ª semana de Tiempo Ordinario,aleluya,"Lc 8,15",Lucas,1,1,0,,8,0,0.0,cora dico frut gene guar nobl pala pers
4350PTOM25.html,4,Martes de la 25ª semana de Tiempo Ordinario,evangelio,"Lc 8,19-21",Lucas,3,3,0,,21,0,0.0,acel asta auis cier cont ento erma escu
4358PTOJ26.html,2,Jueves de la 26ª semana de Tiempo Ordinario,salmo responsorial,"Sal 26,7-8a.8b-9abc.13-14",Psalmi,5,5,0,,18,0,0.0,anim auxi busc cora dese dica esco escu
4362PTOM27.html,2,Martes de la 27ª semana de Tiempo Ordinario,salmo responsorial,"Sal 138,1-3.13-14ab.14c-15",Psalmi,6,6,0,,32,0,0.0,admi asta cami cono crea cuan desc dist
4366PTOS27.html,4,Sábado de la 27ª semana de Tiempo Ordinario,evangelio,"Lc 11,27-28",Lucas,2,2,0,,20,0,0.0,abla acel cria cump dici dico entr escu
4384PTOS30.html,2,Sábado de la 30ª semana de Tiempo Ordinario,salmo responsorial,"Sal 41,2.3.5bcd",Psalmi,3,3,0,,17,0,0.0,acia alab buli busc cabe cant cier corr
4403PTOL34.html,4,Lunes de la 34ª semana de Tiempo Ordinario,evangelio,"Lc 21,1-4",Lucas,4,4,0,,22,0,0.0,acel alza dema dona ecab ecad iesu nadi
7016TAVJ03.html,2,Jueves de la 3ª semana de Adviento,salmo responsorial,"Sal 29,2.4.5-6.11-12a.13b",Psalmi,7,7,0,,32,0,0.0,abis atar baia bond camb cole cuan danz
7040TFSDEP.html,3,12 DE ENERO — Sábado después de Epifanía,aleluya,"Mt 4,16",Matthæus,1,1,0,,11,0,0.0,abit alel alte bril gran muer pueb somb
7049TCUV01.html,3,Viernes de la 1ª semana de Cuaresma,aleluya,"Ez 18,31",Ezechiel,1,1,0,,12,0,0.0,alel alte cita cora deli enci espi estr
7052TCUM02.html,3,Martes de la 2ª semana de Cuaresma,aleluya,"Ez 18,31",Ezechiel,1,1,0,,12,0,0.0,alel alte cita cora deli enci espi estr
7054TCUJ02.html,3,Jueves de la 2ª semana de Cuaresma,aleluya,"Lc 8,15",Lucas,1,1,0,,11,0,0.0,alel alte cora dico frut gene guar nobl
7056TCUS02.html,3,Sábado de la 2ª semana de Cuaresma,aleluya,"Lc 15,18",Lucas,1,1,0,,10,0,0.0,alel alte cami ciel cont dond padr peca
7062TCUV03.html,3,Viernes de la 3ª semana de Cuaresma,aleluya,"Mt 4,17",Matthæus,1,1,0,,9,0,0.0,alel alte cerc ciel conu porc rein seno
7063TCUS03.html,3,Sábado de la 3ª semana de Cuaresma,aleluya,"Sal 94,8ab",Psalmi,1,1,0,,8,0,0.0,alel alte cora endu escu seno uers uues
7065TCUL04.html,2,Lunes de la 4ª semana de Cuaresma,salmo responsorial,"Sal 29,2.4.5-6.11-12a.13b",Psalmi,7,7,0,,32,0,0.0,abis atar baia bond camb cole cuan danz
7065TCUL04.html,3,Lunes de la 4ª semana de Cuaresma,aleluya,"Am 5,14",Amos,1,1,0,,8,0,0.0,alel alte busc esta seno uers uiui uoso
7072TCUL05.html,4,Lunes de la 5ª semana de Cuaresma,aleluya,"Ez 33,11",Ezechiel,1,1,0,,9,0,0.0,alel alte camb cier cond malu muer seno
7074TCUX05.html,3,Miércoles de la 5ª semana de Cuaresma,aleluya,"Lc 8,15",Lucas,1,1,0,,11,0,0.0,alel alte cora dico frut gene guar nobl
7075TCUJ05.html,3,Jueves de la 5ª semana de Cuaresma,aleluya,"Sal 94,8ab",Psalmi,1,1,0,,8,0,0.0,alel alte cora endu escu seno uers uues
7077TCUS05.html,3,Sábado de la 5ª semana de Cuaresma,aleluya,"Ez 18,31",Ezechiel,1,1,0,,12,0,0.0,alel alte cita cora deli enci espi estr
7097TPAJ03.html,3,Jueves de la tercera semana de Pascua,aleluya,"Jn 6,51",Joannes,1,2,1,si,8,0,0.0,alel alte baia ciel seno siem uers uiui
7101TPAM04.html,3,Martes de la cuarta semana de Pascua,aleluya,"Jn 10,27",Joannes,1,1,0,,9,0,0.0,alel alte cono elas escu ouei seno sigu
7104TPAV04.html,3,Viernes de la cuarta semana de Pascua,aleluya,"Jn 14,6",Joannes,1,1,0,,8,0,0.0,alel alte cami nadi padr seno uerd uers
7106TPAL05.html,3,Lunes de la quinta semana de Pascua,aleluya,"Jn 14,26",Joannes,1,1,0,,9,0,0.0,alel alte cien dico ense espi reco sant
7108TPAX05.html,3,Miércoles de la quinta semana de Pascua,aleluya,"Jn 15,4a.5b",Joannes,2,2,0,,8,0,0.0,abun alel alte frut perm seno uers uoso
7109TPAJ05.html,3,Jueves de la quinta semana de Pascua,aleluya,"Jn 10,27",Joannes,1,1,0,,9,0,0.0,alel alte cono elas escu ouei seno sigu
7109TPAJ05.html,4,Jueves de la quinta semana de Pascua,evangelio,"Jn 15,9-11",Joannes,3,3,0,,16,0,0.0,abla acel aleg amad disc guar iesu legu
7110TPAV05.html,3,Viernes de la quinta semana de Pascua,aleluya,"Jn 15,15b",Joannes,1,1,0,,10,0,0.0,alel alte amig cono lamo padr porc seno
7113TPAM06.html,3,Martes de la sexta semana de Pascua,aleluya,"Jn 16,7.13",Joannes,2,2,0,,9,0,0.0,alel alte ense enui espi plen seno uerd
7114TPAX06.html,3,Miércoles de la sexta semana de Pascua,aleluya,"Jn 14,16",Joannes,1,1,0,,8,0,0.0,alel alte defe padr pedi siem uers uoso
7114TPAX06.html,4,Miércoles de la sexta semana de Pascua,evangelio,"Jn 16,12-15",Joannes,4,4,0,,30,0,0.0,abla able acel anun aora asta carg ceda
7115TPAJ06.html,3,Jueves de la sexta semana de Pascua,aleluya,"Jn 14,18",Joannes,1,1,0,,10,0,0.0,aleg alel alte cora deia seno uerf uers
7119TPAM07.html,3,Martes de la séptima semana de Pascua,aleluya,"Jn 14,16",Joannes,1,1,0,,8,0,0.0,alel alte defe padr pedi siem uers uoso
7122TPAV07.html,3,Viernes de la séptima semana de Pascua,aleluya,"Jn 14,26",Joannes,1,1,0,,9,0,0.0,alel alte cien dico ense espi reco sant
7123TPAS07.html,3,Sábado de la séptima semana de Pascua,aleluya,"Jn 16,7.13",Joannes,2,2,0,,9,0,0.0,alel alte ense enui espi plen seno uerd
1001AAVD01.html,5,Domingo 1º de Adviento,evangelio,"Mt 24,37-44",Matthæus,8,8,0,,47,1,0.021,abri acel ante asta bebi boce camp casa
4041ITOV07.html,1,Viernes de la 7ª semana de Tiempo Ordinario,primera lectura,"Eclo 6,5-17",Ecclesiasticus,13,13,0,,46,1,0.022,acci acom acti adci afre alca amab amig
3052CTOD19.html,7,Domingo de la 19ª semana de Tiempo Ordinario,evangelio,"Lc 12,35-40",Lucas,6,6,0,,43,1,0.023,abri acel agua apen aseg boce ceni cien
7072TCUL05.html,2,Lunes de la 5ª semana de Cuaresma,primera lectura,"Dn 13,62",Daniel,1,1,0,,128,3,0.023,abia abra abso acab acac acel acia acos
4188ITOM32.html,4,Martes de la 32ª semana de Tiempo Ordinario,evangelio,"Lc 17,7-10",Lucas,4,4,0,,39,1,0.026,acel acer agra aiai bebe camp cena cien
4260PTOM10.html,2,Martes de la 10ª semana de Tiempo Ordinario,salmo responsorial,"Sal 4,2-3.4-5.7-8",Psalmi,6,6,0,,39,1,0.026,abun aleg amar ancu apri asta busc cien
4392PTOM32.html,4,Martes de la 32ª semana de Tiempo Ordinario,evangelio,"Lc 17,7-10",Lucas,4,4,0,,39,1,0.026,acel acer agra aiai bebe camp cena cien
4025ITOL05.html,4,Lunes de la 5ª semana de Tiempo Ordinario,evangelio,"Mc 6,53-56",Marcus,4,4,0,,37,1,0.027,acel alde algu apen atra bord cami case
4229PTOL05.html,4,Lunes de la 5ª semana de Tiempo Ordinario,evangelio,"Mc 6,53-56",Marcus,4,4,0,,37,1,0.027,acel alde algu apen atra bord cami case
1031TFDOPE.html,5,Domingo de Pentecostés,salmo responsorial,"Sal 103,1-2a.24.27-28.29bc-30",Psalmi,7,7,0,,36,1,0.028,abre agua alel alie atra bele bend bien
3031TFDOPE.html,5,Domingo de Pentecostés,salmo responsorial,"Sal 103,1-2a.24.27-28.29bc-30",Psalmi,7,7,0,,36,1,0.028,abre agua alel alie atra bele bend bien
1066ATOD33.html,1,Domingo de la 33ª semana de Tiempo Ordinario,primera lectura,"Pr 31,10-13.19-20.30-31",Proverbia,8,8,0,,35,1,0.029,acen acia adci alab alar braz cant cien
2031TFDOPE.html,5,Domingo de Pentecostés,salmo responsorial,"Sal 103,1-2a.24.27-28.29bc-30",Psalmi,7,7,0,,35,1,0.029,abre agua alie atra bele bend bien comi
2053BTOD20.html,3,Domingo de la 20ª semana de Tiempo Ordinario,segunda lectura,"Ef 5,15-20",Ad Ephesios,6,6,0,,35,1,0.029,alte anda apro atur cier cuen deia embo
4082ITOJ14.html,2,Jueves de la 14ª semana de Tiempo Ordinario,salmo responsorial,"Sal 104,16-17.18-19.20-21",Psalmi,6,6,0,,34,1,0.029,abia abri acel acre admi alel ambr argo
4143ITOV24.html,2,Viernes de la 24ª semana de Tiempo Ordinario,salmo responsorial,"Sal 48,6-7.8-10.17-18.19-20",Psalmi,9,9,0,,35,1,0.029,abre acec acia ante aume aunc baia bast
7055TCUV02.html,2,Viernes de la 2ª semana de Cuaresma,salmo responsorial,"Sal 104,16-17.18-19.20-21",Psalmi,6,6,0,,33,1,0.03,abia abri acel acre admi ambr argo asta
3013CFBASE.html,5,Bautismo del Señor,evangelio,"Lc 3,15-16.21-22",Lucas,4,4,0,,32,1,0.031,abri acel amad baut ciel desa espi esta
4340PTOJ23.html,2,Jueves de la 23ª semana de Tiempo Ordinario,salmo responsorial,"Sal 138,1-3.13-14ab.23-24",Psalmi,7,7,0,,32,1,0.031,admi cami cono cora crea cuan desc desu
4244PTOJ07.html,2,Jueves de la 7ª semana de Tiempo Ordinario,salmo responsorial,"Sal 48,14-15ab.15cd-16.17-18.19-20",Psalmi,7,7,0,,31,1,0.032,abis ante aume aunc baia cami cons cuan
3017CCUD04.html,2,Cuarto domingo de Cuaresma,salmo responsorial,"Sal 33,2-3.4-5.6-7",Psalmi,6,6,0,,30,1,0.033,afli alab aleg angu ansi auer bend ceda
4065ITOV11.html,2,Viernes de la 11ª semana de Tiempo Ordinario,salmo responsorial,"Sal 33,2-3.4-5.6-7",Psalmi,6,6,0,,30,1,0.033,afli alab aleg angu ansi auer bend ceda
4170ITOM29.html,4,Martes de la 29ª semana de Tiempo Ordinario,evangelio,"Lc 12,35-38",Lucas,4,4,0,,30,1,0.033,abri acel agua apen ceni cien cint cria
4238PTOJ06.html,2,Jueves de la 6ª semana de Tiempo Ordinario,salmo responsorial,"Sal 33,2-3.4-5.6-7",Psalmi,6,6,0,,30,1,0.033,afli alab aleg angu ansi auer bend ceda
4374PTOM29.html,4,Martes de la 29ª semana de Tiempo Ordinario,evangelio,"Lc 12,35-38",Lucas,4,4,0,,30,1,0.033,abri acel agua apen ceni cien cint cria
1055ATOD22.html,1,Domingo de la 22ª semana de Tiempo Ordinario,primera lectura,"Jr 20,7-9",Jeremias,3,3,0,,29,1,0.034,abla ablo acor ardi azme burl cont desp
2061BTOD28.html,2,Domingo de la 28ª semana de Tiempo Ordinario,salmo responsorial,"Sal 89,12-13.14-15.16-17",Psalmi,6,6,0,,29,1,0.034,acci adci afli aleg asta bond calc comp
7083TOCPAM.html,2,Martes de la octava de Pascua,salmo responsorial,"Sal 32,4-5.18-19.20.22",Psalmi,6,6,0,,29,1,0.034,acci agua alel ambr auxi dere escu espe
1015ACUD02.html,2,Segundo domingo de Cuaresma,salmo responsorial,"Sal 32,4-5.18-19.20.22",Psalmi,6,6,0,,28,1,0.036,acci agua ambr auxi dere escu espe esta
2062BTOD29.html,2,Domingo de la 29ª semana de Tiempo Ordinario,salmo responsorial,"Sal 32,4-5.18-19.20.22",Psalmi,6,6,0,,28,1,0.036,acci agua ambr auxi dere escu espe esta
3055CTOD22.html,1,Domingo de la 22ª semana de Tiempo Ordinario,primera lectura,"Eclo 3,17-18.20.28-29",Ecclesiasticus,5,5,0,,28,1,0.036,alca aleg apre asun aten azte brot cerr
4016ITOJ03.html,4,Jueves de la 3ª semana de Tiempo Ordinario,evangelio,"Mc 4,21-25",Marcus,5,5,0,,28,1,0.036,acel asta aten cele cita crec deba desc
4027ITOX05.html,2,Miércoles de la 5ª semana de Tiempo Ordinario,salmo responsorial,"Sal 103,1-2a.27-28.29bc-30",Psalmi,6,6,0,,28,1,0.036,abre agua alie atra bele bend bien comi
4057ITOX10.html,4,Miércoles de la 10ª semana de Tiempo Ordinario,evangelio,"Mt 5,17-19",Matthæus,3,3,0,,28,1,0.036,abol acel ante aseg asta ciel cien crea
4164ITOM28.html,4,Martes de la 28ª semana de Tiempo Ordinario,evangelio,"Lc 11,37-41",Lucas,5,5,0,,28,1,0.036,abla acel ante come cuan dent entr fuer
4196ITOJ33.html,4,Jueves de la 33ª semana de Tiempo Ordinario,evangelio,"Lc 19,41-44",Lucas,4,4,0,,28,1,0.036,acel acer apre arra cerc ciud comp cond
4204ITOS34.html,4,Sábado de la 34ª semana de Tiempo Ordinario,evangelio,"Lc 21,34-36",Lucas,3,3,0,,28,1,0.036,abit acel agob bebi cera cuid desp disc
4220PTOJ03.html,4,Jueves de la 3ª semana de Tiempo Ordinario,evangelio,"Mc 4,21-25",Marcus,5,5,0,,28,1,0.036,acel asta aten cele cita crec deba desc
4261PTOX10.html,4,Miércoles de la 10ª semana de Tiempo Ordinario,evangelio,"Mt 5,17-19",Matthæus,3,3,0,,28,1,0.036,abol acel ante aseg asta ciel cien crea
4368PTOM28.html,4,Martes de la 28ª semana de Tiempo Ordinario,evangelio,"Lc 11,37-41",Lucas,5,5,0,,28,1,0.036,abla acel ante come cuan dent entr fuer
4400PTOJ33.html,4,Jueves de la 33ª semana de Tiempo Ordinario,evangelio,"Lc 19,41-44",Lucas,4,4,0,,28,1,0.036,acel acer apre arra cerc ciud comp cond
4408PTOS34.html,4,Sábado de la 34ª semana de Tiempo Ordinario,evangelio,"Lc 21,34-36",Lucas,3,3,0,,28,1,0.036,abit acel agob bebi cera cuid desp disc
7060TCUX03.html,4,Miércoles de la 3ª semana de Cuaresma,evangelio,"Mt 5,17-19",Matthæus,3,3,0,,28,1,0.036,abol acel ante aseg asta ciel cien crea
7103TPAJ04.html,4,Jueves de la cuarta semana de Pascua,evangelio,"Jn 13,16-20",Joannes,5,5,0,,27,1,0.037,acab ante aora aseg cien comp crea cria
3051CTOD18.html,5,Domingo de la 18ª semana de Tiempo Ordinario,evangelio,"Lc 12,13-21",Lucas,9,9,0,,52,2,0.038,acel acum alma amas arbi aunc bien buen
4048ITOS08.html,1,Sábado de la 8ª semana de Tiempo Ordinario,primera lectura,"Eclo 51,17-27",Ecclesiasticus,11,11,0,,52,2,0.038,abri alab alca ante apar apeg asta auer
4169ITOL29.html,4,Lunes de la 29ª semana de Tiempo Ordinario,evangelio,"Lc 12,13-21",Lucas,9,9,0,,52,2,0.038,acel acum alma amas arbi aunc bien buen
4373PTOL29.html,4,Lunes de la 29ª semana de Tiempo Ordinario,evangelio,"Lc 12,13-21",Lucas,9,9,0,,52,2,0.038,acel acum alma amas arbi aunc bien buen
2024BPAD02.html,3,Segundo domingo de Pascua,segunda lectura,"Jn 5,1-6",Joannes,6,6,0,,25,1,0.04,amam ceri cien cono cons cris cump erma
2025BPAD03.html,2,Tercer domingo de Pascua,salmo responsorial,"Sal 4,2.7.9",Psalmi,3,3,0,,25,1,0.04,aces acue alel ancu apri cien cuan defe
3063CTOD30.html,1,leccionario ciclo C.Domingo de la 30ª semana de tiempo ordinario,desconocido,"Eclo 35,12-14.16-18",Ecclesiasticus,6,6,0,,25,1,0.04,alca asta atie atra ceia cons cont cuan
1022AVIPAS.html,3,Vigilia Pascual,salmo responsorial,"Sal 103,1-2a.5-6.10.12.13-14.24.35a",Psalmi,10,10,0,,49,2,0.041,acci aces agua asen bele bend brot cant
2022BVIPAS.html,3,Vigilia Pascual,salmo responsorial,"Sal 103,1-2a.5-6.10.12.13-14.24.35c",Psalmi,10,10,0,,49,2,0.041,acci aces agua asen bele bend brot cant
3022AVIPAS.html,3,Vigilia Pascual,salmo responsorial,"Sal 103,1-2a.5-6.10.12.13-14.24.35c",Psalmi,10,10,0,,49,2,0.041,acci aces agua asen bele bend brot cant
4025ITOL05.html,1,Lunes de la 5ª semana de Tiempo Ordinario,primera lectura,"Gn 1,1-19",Genesis,19,19,0,,49,2,0.041,agua alie apar arbo boue brot buen cern
3043CTOD10.html,1,Domingo de la 10ª semana de Tiempo Ordinario,primera lectura,"1 R 17,17-24",Regum III,8,8,0,,48,2,0.042,abit acel acer acie acos aora auiu cast
4014ITOM03.html,5,Martes de la 3ª semana de Tiempo Ordinario,evangelio,"Mc 3,31-35",Marcus,5,5,0,,24,1,0.042,acel alre busc cien cont corr cump desd
4218PTOM03.html,4,Martes de la 3ª semana de Tiempo Ordinario,evangelio,"Mc 3,31-35",Marcus,5,5,0,,24,1,0.042,acel alre busc cien cont corr cump desd
4246PTOS07.html,2,Sábado de la 7ª semana de Tiempo Ordinario,salmo responsorial,"Sal 140,1-2.3.8",Psalmi,4,4,0,,24,1,0.042,alza cent colo cuan deie depr escu esta
4251PTOV08.html,2,Viernes de la 8ª semana de Tiempo Ordinario,salmo responsorial,"Sal 95,10.11-12.13",Psalmi,4,4,0,,24,1,0.042,acla afia aleg arbo bosc ciel cuan deci
4307PTOL18.html,2,Lunes de la 18ª semana de Tiempo Ordinario,salmo responsorial,"Sal 118,29.43.79.80.95.102",Psalmi,6,6,0,,24,1,0.042,acen apar auer cami ceda cite cora espe
4326PTOM21.html,2,Martes de la 21ª semana de Tiempo Ordinario,salmo responsorial,"Sal 95,10.11-12a.12b-13",Psalmi,4,4,0,,24,1,0.042,acla afia aleg arbo bosc ciel cuan deci
4404PTOM34.html,2,Martes de la 34ª semana de Tiempo Ordinario,salmo responsorial,"Sal 95,10.11-12.13",Psalmi,4,4,0,,24,1,0.042,acla afia aleg arbo bosc ciel cuan deci
7106TPAL05.html,2,Lunes de la quinta semana de Pascua,salmo responsorial,"Sal 113,9-10.11-12.23-24",Psalmi,6,6,0,,24,1,0.042,alel bend bond camb ciel cier deci dond
7107TPAM05.html,2,Martes de la quinta semana de Pascua,salmo responsorial,"Sal 144,10-11.12-13ab.21",Psalmi,5,5,0,,24,1,0.042,able alab alel azan bend cria expl fiel
1003AAVD03.html,2,Domingo 3º de Adviento,salmo responsorial,"Sal 145,7.8-9a.9bc-10",Psalmi,4,4,0,,23,1,0.043,alel ambr cami caut cieg dobl ende eter
1037ATOD04.html,2,Domingo de la 4ª semana de Tiempo Ordinario,salmo responsorial,"Sal 145,7.8-9a.9bc-10",Psalmi,4,4,0,,23,1,0.043,alel ambr cami caut cieg dobl ende eter
1045ATOD12.html,5,Domingo de la 12ª semana de Tiempo Ordinario,evangelio,"Mt 10,26-33",Matthæus,8,8,0,,47,2,0.043,acel apos asta azot cabe ciel comp cont
1050ATOD17.html,6,Domingo de la 17ª semana de Tiempo Ordinario,evangelio,"Mt 13,44-46",Matthæus,3,3,0,,23,1,0.043,acel aleg camp ciel come comp enco encu
2056BTOD23.html,2,Domingo de la 23ª semana de Tiempo Ordinario,salmo responsorial,"Sal 145,7.8-9a.9bc-10",Psalmi,4,4,0,,23,1,0.043,alel ambr cami caut cieg dobl ende eter
2065BTOD32.html,2,Domingo de la 32ª semana de Tiempo Ordinario,salmo responsorial,"Sal 145,7.8-9a.9bc-10",Psalmi,4,4,0,,23,1,0.043,alel ambr cami caut cieg dobl ende eter
3041CTOD08.html,1,Domingo de la 8ª semana de Tiempo Ordinario,primera lectura,"Eclo 27,4-7",Ecclesiasticus,4,4,0,,23,1,0.043,agit alab alfa ante arbo ceda cuan cult
3059CTOD26.html,2,Domingo de la 26ª semana de Tiempo Ordinario,salmo responsorial,"Sal 145,7.8-9a.9bc-10",Psalmi,4,4,0,,23,1,0.043,alel ambr cami caut cieg dobl ende eter
4049ITOL09.html,4,Lunes de la 9ª semana de Tiempo Ordinario,evangelio,"Mc 12,1-12",Marcus,12,12,0,,70,3,0.043,abei abla acab acel agar anci aora apal
4099ITOX17.html,4,Miércoles de la 17ª semana de Tiempo Ordinario,evangelio,"Mt 13,44-46",Matthæus,3,3,0,,23,1,0.043,acel aleg camp ciel come comp enco encu
4124ITOJ21.html,1,Jueves de la 21ª semana de Tiempo Ordinario,primera lectura,"1 Ts 3,7-13",Ad Thessalonicenses I,7,7,0,,47,2,0.043,acom agra alan aleg amam anim aora apri
4135ITOX23.html,2,Miércoles de la 23ª semana de Tiempo Ordinario,salmo responsorial,"Sal 144,2-3.10-11.12-13ab",Psalmi,6,6,0,,23,1,0.043,able alab azan bend cria expl fiel gobi
4145ITOL25.html,4,Lunes de la 25ª semana de Tiempo Ordinario,evangelio,"Lc 8,16-18",Lucas,3,3,0,,23,1,0.043,acel acer asta cita deba desc enci entr
4253PTOL09.html,4,Lunes de la 9ª semana de Tiempo Ordinario,evangelio,"Mc 12,1-12",Marcus,12,12,0,,70,3,0.043,abei abla acab acel agar anci aora apal
4303PTOX17.html,4,Miércoles de la 17ª semana de Tiempo Ordinario,evangelio,"Mt 13,44-46",Matthæus,3,3,0,,23,1,0.043,acel aleg camp ciel come comp enco encu
4349PTOL25.html,4,Lunes de la 25ª semana de Tiempo Ordinario,evangelio,"Lc 8,16-18",Lucas,3,3,0,,23,1,0.043,acel acer asta cita deba desc enci entr
4394PTOJ32.html,2,Jueves de la 32ª semana de Tiempo Ordinario,salmo responsorial,"Sal 145,7.8-9a.9bc-10",Psalmi,4,4,0,,23,1,0.043,alel ambr cami caut cieg dobl ende eter
7010TAVJ02.html,2,Jueves de la 2ª semana de Adviento,salmo responsorial,"Sal 144,1.9.10-11.12-13ab",Psalmi,6,6,0,,23,1,0.043,able azan bend buen cari cria ensa expl
7038TFJDEP.html,2,10 DE ENERO — Jueves después de Epifanía,salmo responsorial,"Sal 71,1-2.14.15bc.17",Psalmi,5,5,0,,23,1,0.043,bend conf cont dico eter iuic nomb prec
7064MLCU04.html,2,Misa de libre elección: cuarta semana de Cuaresma,salmo responsorial,"Sal 26,1.7-8a.8b-9abc.13-14",Psalmi,6,6,0,,23,1,0.043,anim auxi busc cien cora defe dese dica
4040ITOJ07.html,1,Jueves de la 7ª semana de Tiempo Ordinario,primera lectura,"Eclo 5,1-10",Ecclesiasticus,10,10,0,,45,2,0.044,anad anto borr brot cami capr cien codi
4316PTOJ19.html,1,Jueves de la 19ª semana de Tiempo Ordinario,primera lectura,"Ez 12,1-12",Ezechiel,12,12,0,,45,2,0.044,abri acer acia aiua atar atil boce carg
1013AFBASE.html,1,El Bautismo del Señor,primera lectura,"Is 42,1-4.6-7",Isaias,6,6,0,,44,2,0.045,abit abra alia apag asta cale casc caut
2013BFBASE.html,1,Bautismo del Señor,primera lectura,"Is 42,1-4.6-7",Isaias,6,6,0,,44,2,0.045,abit abra alia apag asta cale casc caut
2045BTOD12.html,1,Domingo de la 12ª semana de Tiempo Ordinario,primera lectura,"Jb 38,1.8-11",Job,5,5,0,,22,1,0.045,ablo arro asta cerr cien cuan desd impe
3013CFBASE.html,1,Bautismo del Señor,primera lectura,"Is 42,1-4.6-7",Isaias,6,6,0,,44,2,0.045,abit abra alia apag asta cale casc caut
3015CCUD02.html,2,Segundo domingo de Cuaresma,salmo responsorial,"Sal 26,1.7-8a.8b-9abc.13-14",Psalmi,6,6,0,,22,1,0.045,anim auxi busc cien cora defe dica esco
3036CTOD03.html,4,Domingo de la 3ª semana de Tiempo Ordinario,segunda lectura,"1 Co 12,12-14.27",Ad Corinthios I,4,4,0,,22,1,0.045,baut bebi cuer emos erma escl espi form
4351PTOX25.html,2,Miércoles de la 25ª semana de Tiempo Ordinario,salmo responsorial,"Sal 118,29.72.89.101.104.163",Psalmi,6,6,0,,22,1,0.045,abor apar cami ciel cons decr dete esta
4381PTOX30.html,2,Miércoles de la 30ª semana de Tiempo Ordinario,salmo responsorial,"Sal 144,10-11.12-13ab.13cd-14",Psalmi,5,5,0,,22,1,0.045,able acci azan bend bond cria dobl ende
4392PTOM32.html,2,Martes de la 32ª semana de Tiempo Ordinario,salmo responsorial,"Sal 36,3-4.18.23.27.29",Psalmi,6,6,0,,22,1,0.045,abit apar aseg buen cami comp conf cora
7097TPAJ03.html,2,Jueves de la tercera semana de Pascua,salmo responsorial,"Sal 65,8-9.16-17.20",Psalmi,5,5,0,,22,1,0.045,aced alab alel bend conm cont deuu ensa
4319PTOL20.html,1,Lunes de la 20ª semana de Tiempo Ordinario,primera lectura,"Ez 24,15-24",Ezechiel,10,10,0,,65,3,0.046,abia abla acer acie afli agas alma anun
1058ATOD25.html,1,Domingo de la 25ª semana de Tiempo Ordinario,primera lectura,"Is 55,6-9",Isaias,4,4,0,,21,1,0.048,aban alto busc cami cerc ciel crim encu
2031TFDOPE.html,15,Domingo de Pentecostés,evangelio,"Jn 15,26-27.16,12-15",Joannes,6,6,0,,42,2,0.048,abla able acel anun aora asta carg ceda
2036BTOD03.html,3,Domingo de la 3ª semana de Tiempo Ordinario,segunda lectura,"1 Co 7,29-31",Ad Corinthios I,3,3,0,,21,1,0.048,aleg apre ceda comp disf erma esta estu
3062CTOD29.html,5,Domingo de la 29ª semana de Tiempo Ordinario,evangelio,"Lc 18,1-8",Lucas,8,8,0,,42,2,0.048,abia acab acel algu anad aunc azme ciud
4173ITOV29.html,4,Viernes de la 29ª semana de Tiempo Ordinario,evangelio,"Lc 12,54-59",Lucas,6,6,0,,42,2,0.048,acel acer acue arra aspe asta boco cami
4192ITOS32.html,4,Sábado de la 32ª semana de Tiempo Ordinario,evangelio,"Lc 18,1-8",Lucas,8,8,0,,42,2,0.048,abia acab acel algu anad aunc azme ciud
4265PTOL11.html,2,Lunes de la 11ª semana de Tiempo Ordinario,salmo responsorial,"Sal 5,2-3.5-6.7",Psalmi,5,5,0,,21,1,0.048,abor arro atie auxi dest dete escu gemi
4294PTOS15.html,2,Sábado de la 15ª semana de Tiempo Ordinario,salmo responsorial,"Sal 9,22-23.24-25.28-29.35",Psalmi,7,7,0,,42,2,0.048,acec ambi apri blas ceda codi cuen enco
4303PTOX17.html,1,Miércoles de la 17ª semana de Tiempo Ordinario,primera lectura,"Jr 15,10.16-21",Jeremias,7,7,0,,62,3,0.048,agua aleg arro bron cont cora cron cuan
4377PTOV29.html,4,Viernes de la 29ª semana de Tiempo Ordinario,evangelio,"Lc 12,54-59",Lucas,6,6,0,,42,2,0.048,acel acer acue arra aspe asta boco cami
4396PTOS32.html,4,Sábado de la 32ª semana de Tiempo Ordinario,evangelio,"Lc 18,1-8",Lucas,8,8,0,,42,2,0.048,abia acab acel algu anad aunc azme ciud
7120TPAX07.html,1,Miércoles de la séptima semana de Pascua,primera lectura,"Hch 20,28-38",Actus Apostolorum,11,11,0,,82,4,0.049,abia abla abra acel acom acon acor adci
1049ATOD16.html,3,Domingo de la 16ª semana de Tiempo Ordinario,segunda lectura,"Rm 8,26-27",Ad Romanos,2,2,0,,20,1,0.05,aiud conu cora debi dese erma escu espi
2062BTOD29.html,1,Domingo de la 29ª semana de Tiempo Ordinario,primera lectura,"Is 53,10-11",Isaias,2,2,0,,20,1,0.05,carg cier ciso cono crim desc elos entr
3064CTOD31.html,1,Domingo de la 31ª semana de Tiempo Ordinario,primera lectura,"Sb 11,22—12,2",Sapientia,,8,,,40,2,0.05,abri algu amig aren arre bala ceri cier
4131ITOV22.html,4,Viernes de la 22ª semana de Tiempo Ordinario,evangelio,"Lc 5,33-39",Lucas,7,7,0,,40,2,0.05,acel aiun amig anad anei bebe buen camb
4335PTOV22.html,4,Viernes de la 22ª semana de Tiempo Ordinario,evangelio,"Lc 5,33-39",Lucas,7,7,0,,40,2,0.05,acel aiun amig anad anei bebe buen camb
3028CPAD06.html,5,Sexto domingo de Pascua,evangelio,"Jn 14,23-29",Joannes,7,7,0,,39,2,0.051,abei abla acel acob aleg amar ante aora
1031TFDOPE.html,11,Domingo de Pentecostés,segunda lectura,"1 Co 12,3b-7.12-13",Ad Corinthios I,7,7,0,,97,5,0.052,acci alie alma amor asta baut bebi bond
2031TFDOPE.html,11,Domingo de Pentecostés,segunda lectura,"1 Co 12,3b-7.12-13",Ad Corinthios I,7,7,0,,97,5,0.052,acci alie alma amor asta baut bebi bond
3031TFDOPE.html,11,Domingo de Pentecostés,segunda lectura,"1 Co 12,3b-7.12-13",Ad Corinthios I,7,7,0,,97,5,0.052,acci alie alma amor asta baut bebi bond
1007TNSMDA.html,1,Natividad del Señor,primera lectura,"Is 62,11-12",Isaias,2,2,0,,19,1,0.053,aban acom asta busc ciud conf deci lama
1026APAD04.html,2,Cuarto domingo de Pascua,salmo responsorial,"Sal 22,1-3a.3b-4.5.6",Psalmi,6,6,0,,38,2,0.053,abit acia acom alel aunc bond cabe caia
2007TNSMDA.html,1,Natividad del Señor,primera lectura,"Is 62,11-12",Isaias,2,2,0,,19,1,0.053,aban acom asta busc ciud conf deci lama
2046BTOD13.html,3,Domingo de la 13ª semana de Tiempo Ordinario,segunda lectura,"2 Co 8,7.9.13-15",Ad Corinthios II,5,5,0,,38,2,0.053,abra actu aliu aora cono dist elos empe
3007TNSMDA.html,1,Natividad del Señor,primera lectura,"Is 62,11-12",Isaias,2,2,0,,19,1,0.053,aban acom asta busc ciud conf deci lama
3009CFSAFA.html,8,La Sagrada Familia,segunda lectura,"1 Jn 3,1-2.21-24",Joannis I,6,6,0,,38,2,0.053,acem agra amem aora ceri cien conc cond
4165ITOX28.html,4,Miércoles de la 28ª semana de Tiempo Ordinario,evangelio,"Lc 11,42-46",Lucas,5,5,0,,38,2,0.053,abri abru acel asie cale carg clas dere
4243PTOX07.html,2,Miércoles de la 7ª semana de Tiempo Ordinario,salmo responsorial,"Sal 48,2-3.6-7.8-10.11",Psalmi,8,8,0,,38,2,0.053,abre acec acia baia bast cerc cuan escu
4369PTOX28.html,4,Miércoles de la 28ª semana de Tiempo Ordinario,evangelio,"Lc 11,42-46",Lucas,5,5,0,,38,2,0.053,abri abru acel asie cale carg clas dere
1017ACUD04.html,2,Cuarto domingo de Cuaresma,salmo responsorial,"Sal 22,1-3a.3b-4.5.6",Psalmi,6,6,0,,37,2,0.054,abit acia acom aunc bond cabe caia cami
1057ATOD24.html,1,Domingo de la 24ª semana de Tiempo Ordinario,primera lectura,"Eclo 27,33—28,9",Ecclesiasticus,,10,,,37,2,0.054,alia carn cien cole comp cons corr cuan
1061ATOD28.html,2,Domingo de la 28ª semana de Tiempo Ordinario,salmo responsorial,"Sal 22,1-3a.3b-4.5.6",Psalmi,6,6,0,,37,2,0.054,abit acia acom aunc bond cabe caia cami
2017BCUD04.html,2,Cuarto domingo de Cuaresma,salmo responsorial,"Sal 22,1-3a.3b-4.5.6",Psalmi,6,6,0,,37,2,0.054,abit acia acom aunc bond cabe caia cami
2049BTOD16.html,2,Domingo de la 16ª semana de Tiempo Ordinario,salmo responsorial,"Sal 22,1-3a.3b-4.5.6",Psalmi,6,6,0,,37,2,0.054,abit acia acom aunc bond cabe caia cami
3017CCUD04.html,2,Cuarto domingo de Cuaresma,salmo responsorial,"Sal 22,1-3a.3b-4.5.6",Psalmi,6,6,0,,37,2,0.054,abit acia acom aunc bond cabe caia cami
3028CPAD06.html,3,Séptimo domingo de Pascua,evangelio,"Jn 17,20-26",Joannes,7,7,0,,37,2,0.054,acel amab amad ante ciel comp conf conm
3029CFASCE.html,5,Séptimo domingo de Pascua,evangelio,"Jn 17,20-26",Joannes,7,7,0,,37,2,0.054,acel amab amad ante ciel comp conf conm
3030CPAD07.html,5,Séptimo domingo de Pascua,evangelio,"Jn 17,20-26",Joannes,7,7,0,,37,2,0.054,acel amab amad ante ciel comp conf conm
3034CFSCDJ.html,2,El sagrado Corazón de Jesús,salmo responsorial,"Sal 22,1-3a.3b-4.5.6",Psalmi,6,6,0,,37,2,0.054,abit acia acom aunc bond cabe caia cami
3056CTOD23.html,1,Domingo de la 23ª semana de Tiempo Ordinario,primera lectura,"Sb 9,13-18",Sapientia,6,6,0,,37,2,0.054,abru agra apen apre cami ciel cien cier
4024ITOS04.html,2,Sábado de la 4ª semana de Tiempo Ordinario,salmo responsorial,"Sal 22,1-3a.3b-4.5.6",Psalmi,6,6,0,,37,2,0.054,abit acia acom aunc bond cabe caia cami
4084ITOS14.html,4,Sábado de la 14ª semana de Tiempo Ordinario,evangelio,"Mt 10,24-33",Matthæus,10,10,0,,56,3,0.054,acel apos asta azot bast belz cabe ciel
4124ITOJ21.html,4,Jueves de la 21ª semana de Tiempo Ordinario,evangelio,"Mt 24,42-51",Matthæus,10,10,0,,56,3,0.054,abri acel admi aseg bebe bien boce borr
4288PTOS14.html,4,Sábado de la 14ª semana de Tiempo Ordinario,evangelio,"Mt 10,24-33",Matthæus,10,10,0,,56,3,0.054,acel apos asta azot bast belz cabe ciel
4321PTOX20.html,2,Miércoles de la 20ª semana de Tiempo Ordinario,salmo responsorial,"Sal 22,1-3a.3b-4.5.6",Psalmi,6,6,0,,37,2,0.054,abit acia acom aunc bond cabe caia cami
4328PTOJ21.html,4,Jueves de la 21ª semana de Tiempo Ordinario,evangelio,"Mt 24,42-51",Matthæus,10,10,0,,56,3,0.054,abri acel admi aseg bebe bien boce borr
4393PTOX32.html,2,Miércoles de la 32ª semana de Tiempo Ordinario,salmo responsorial,"Sal 22,1-3a.3b-4.5.6",Psalmi,6,6,0,,37,2,0.054,abit acia acom aunc bond cabe caia cami
7003TAVX01.html,2,Miércoles de la 1ª semana de Adviento,salmo responsorial,"Sal 22,1-3a.3b-4.5.6",Psalmi,6,6,0,,37,2,0.054,abit acia acom aunc bond cabe caia cami
7072TCUL05.html,3,Lunes de la 5ª semana de Cuaresma,salmo responsorial,"Sal 22,1-3a.3b-4.5.6",Psalmi,6,6,0,,37,2,0.054,abit acia acom aunc bond cabe caia cami
7121TPAJ07.html,4,Jueves de la séptima semana de Pascua,evangelio,"Jn 17,20-26",Joannes,7,7,0,,37,2,0.054,acel amab amad ante ciel comp conf conm
2046BTOD13.html,6,Domingo de la 13ª semana de Tiempo Ordinario,evangelio,"Mc 5,21-24.35b-43",Marcus,13,13,0,,73,4,0.055,abla ablo acel acer acom albo alca alre
1015ACUD02.html,1,Segundo domingo de Cuaresma,primera lectura,"Gn 12,1-4a",Genesis,4,4,0,,18,1,0.056,abia acel acia bend dico fami famo mald
1066ATOD33.html,6,Domingo de la 33ª semana de Tiempo Ordinario,evangelio,"Mt 25,14-15.19-21",Matthæus,5,5,0,,36,2,0.056,abia acel acer aius banc bien capa carg
2026BPAD04.html,3,Cuarto domingo de Pascua,segunda lectura,"1 Jn 3,1-2",Joannis I,2,2,0,,18,1,0.056,aora ceri cono cuan erma iios lama mani
2028BPAD06.html,5,Sexto domingo de Pascua,evangelio,"Jn 15,9-17",Joannes,9,9,0,,36,2,0.056,abei abla acei acel aleg amad amei amig
2067BTOD34.html,2,"Domingo de la 34ª semana de Tiempo Ordinario — Jesucristo, Rey del Universo",salmo responsorial,"Sal 92,1ab.1c-2.5",Psalmi,3,3,0,,18,1,0.056,ador ceni desd eter fiel maie mand pode
3026CPAD04.html,5,Cuarto domingo de Pascua,evangelio,"Jn 10,27-30",Joannes,4,4,0,,18,1,0.056,acel arre cono elas escu iesu nadi ouei
4025ITOL05.html,2,Lunes de la 5ª semana de Tiempo Ordinario,salmo responsorial,"Sal 103,1-2a.5-6.10.12.24.35c",Psalmi,8,8,0,,36,2,0.056,agua asen bele bend cant ciel cimi cria
4037ITOL07.html,2,Lunes de la 7ª semana de Tiempo Ordinario,salmo responsorial,"Sal 92,1ab.1c-2.5",Psalmi,3,3,0,,18,1,0.056,ador ceni desd eter fiel maie mand pode
4240PTOS06.html,2,Sábado de la 6ª semana de Tiempo Ordinario,salmo responsorial,"Sal 11,2-3.4-5.7-8",Psalmi,6,6,0,,36,2,0.056,abla acab acen aute buen cien cora defi
4288PTOS14.html,2,Sábado de la 14ª semana de Tiempo Ordinario,salmo responsorial,"Sal 92,1ab.1c-2.5",Psalmi,3,3,0,,18,1,0.056,ador ceni desd eter fiel maie mand pode
4353PTOV25.html,2,Viernes de la 25ª semana de Tiempo Ordinario,salmo responsorial,"Sal 143,1a.2abc.3-4",Psalmi,4,4,0,,18,1,0.056,alca balu bend bien dond elos escu fiie
7026TON529.html,1,29 de diciembre: 5º día de la octava de Navidad,primera lectura,"1 Jn 2,3-11",Joannis I,9,9,0,,36,2,0.056,abei abor anti bril cami cega ceri cien
2027BPAD05.html,5,Quinto domingo de Pascua,evangelio,"Jn 15,1-8",Joannes,8,8,0,,35,2,0.057,abla abun acel acer arra dese ecan esta
2032BFSATR.html,2,La Santísima Trinidad,salmo responsorial,"Sal 32,4-5.6.9.18-19.20.22",Psalmi,8,8,0,,35,2,0.057,acci agua alie ambr auxi ciel dere eier
2059BTOD26.html,5,Domingo de la 26ª semana de Tiempo Ordinario,evangelio,"Mc 9,38-43.45.47-48",Marcus,9,9,0,,53,3,0.057,abla acel adem apag aseg bebe ceda ceri
7048TCUJ01.html,4,Jueves de la 1ª semana de Cuaresma,evangelio,"Mt 7,7-12",Matthæus,6,6,0,,35,2,0.057,abri acel algu buen busc cere ciel cien
7108TPAX05.html,4,Miércoles de la quinta semana de Pascua,evangelio,"Jn 15,1-8",Joannes,8,8,0,,35,2,0.057,abla abun acel acer arra dese ecan esta
7084TOCPAX.html,1,Miércoles de la octava de Pascua,primera lectura,"Hch 3,1-10",Actus Apostolorum,10,10,0,,52,3,0.058,acel agar alab anda brin ceda cedo colo
1001AAVD01.html,3,Domingo 1º de Adviento,segunda lectura,"Rm 13,11-14a",Ad Romanos,4,4,0,,34,2,0.059,acti aora arma auan borr cerc comi cond
1028APAD06.html,5,Sexto domingo de Pascua,evangelio,"Jn 14,15-21",Joannes,7,7,0,,34,2,0.059,acel acep amai amar camb conm cono defe
1061ATOD28.html,1,Domingo de la 28ª semana de Tiempo Ordinario,primera lectura,"Is 25,6-10a",Isaias,5,5,0,,34,2,0.059,acel alei anic arra cele cien cubr dico
2058BTOD25.html,1,Domingo de la 25ª semana de Tiempo Ordinario,primera lectura,"Sb 2,12.17-20",Sapientia,5,5,0,,34,2,0.059,acci acec afre apre auxi cien comp dese
3066CTOD33.html,3,Domingo de la 33ª semana de Tiempo Ordinario,segunda lectura,"2 Ts 3,7-12",Ad Thessalonicenses II,6,6,0,,34,2,0.059,acer algu bald cans carg cisi comi cuan
7003TAVX01.html,1,Miércoles de la 1ª semana de Adviento,primera lectura,"Is 25,6-10a",Isaias,5,5,0,,34,2,0.059,acel alei anic arra cele cien cubr dico
3033CFCORP.html,5,Santísimo Cuerpo y Sangre de Cristo,evangelio,"Lc 9,11b-17",Lucas,7,7,0,,50,3,0.06,abla acel acer alde aloi alre bend busc
1003AAVD03.html,3,Domingo 3º de Adviento,segunda lectura,"St 5,7-10",Jacobi,4,4,0,,33,2,0.061,abla agua asta ceie cerc cond eiem erma
1017ACUD04.html,3,Cuarto domingo de Cuaresma,segunda lectura,"Ef 5,8-14",Ad Ephesios,7,7,0,,33,2,0.061,acen agra aora asta bond busc cami cosa
2017BCUD04.html,3,Cuarto domingo de Cuaresma,segunda lectura,"Ef 5,8-14",Ad Ephesios,7,7,0,,33,2,0.061,acen agra aora asta bond busc cami cosa
2053BTOD20.html,2,Domingo de la 20ª semana de Tiempo Ordinario,salmo responsorial,"Sal 33,2-3.10-11.12-13.14-15",Psalmi,8,8,0,,33,2,0.061,alab aleg algu ambr apar bend busc care
3017CCUD04.html,3,Cuarto domingo de Cuaresma,segunda lectura,"Ef 5,8-14",Ad Ephesios,7,7,0,,33,2,0.061,acen agra aora asta bond busc cami cosa
3058CTOD25.html,1,Domingo de la 25ª semana de Tiempo Ordinario,primera lectura,"Am 8,4-7",Amos,4,4,0,,33,2,0.061,acci asta aume bala comp cuan desp dici
7071MLCU05.html,1,Misa de libre elección: quinta semana de Cuaresma,primera lectura,"2 R 4,18b-21.32-37",Regum IV,10,10,0,,49,3,0.061,abit abri acos arro asta cabe calo carn
7078TLSESA.html,1,Lunes santo,primera lectura,"Is 42,1-7",Isaias,7,7,0,,49,3,0.061,abit abra alia alie apag asta cale casc
7116TPAV06.html,4,Viernes de la sexta semana de Pascua,evangelio,"Jn 16,20-23a",Joannes,4,4,0,,33,2,0.061,acel acue aleg aora apur aseg cita conu
1038ATOD05.html,2,Domingo de la 5ª semana de Tiempo Ordinario,salmo responsorial,"Sal 111,4-5.6-7.8a.9",Psalmi,6,6,0,,32,2,0.062,admi alza apia asun bril cari clem comp
2027BPAD05.html,3,Quinto domingo de Pascua,segunda lectura,"1 Jn 3,18-24",Joannis I,7,7,0,,32,2,0.062,acem agra amem ceri cien conc cond conf
2057BTOD24.html,1,Domingo de la 24ª semana de Tiempo Ordinario,primera lectura,"Is 50,5-9a",Isaias,5,5,0,,32,2,0.062,abri acer aiud apla atra barb ceda cerc
4046ITOJ08.html,1,Jueves de la 8ª semana de Tiempo Ordinario,primera lectura,"Eclo 42,15-26",Ecclesiasticus,12,12,0,,65,4,0.062,algu amab bast bele cien cisp cora crea
4404PTOM34.html,1,Martes de la 34ª semana de Tiempo Ordinario,primera lectura,"Ap 14,14-19",Apocalypsis,6,6,0,,48,3,0.062,acer afil apar arri aspe asta blan boca
7030TF03EN.html,1,3 de enero,primera lectura,"1 Jn 2,29—3,6",Joannis I,,7,,,32,2,0.062,aora cebr ceri cita come cono cuan erma
1027APAD05.html,3,Quinto domingo de Pascua,segunda lectura,"1 P 2,4-9",Petri I,6,6,0,,47,3,0.064,acep acer adci azan ceda ceri colo cons
4015ITOX03.html,4,Miércoles de la 3ª semana de Tiempo Ordinario,evangelio,"Mc 4,1-20",Marcus,20,20,0,,94,6,0.064,abra acel acep acog acud afan aleg alre
4187ITOL32.html,2,Lunes de la 32ª semana de Tiempo Ordinario,salmo responsorial,"Sal 138,1-3a.3b-6.7-8.9-10",Psalmi,10,10,0,,47,3,0.064,abar abis acue adon agar alca alie asta
4219PTOX03.html,4,Miércoles de la 3ª semana de Tiempo Ordinario,evangelio,"Mc 4,1-20",Marcus,20,20,0,,94,6,0.064,abra acel acep acog acud afan aleg alre
1048ATOD15.html,6,Domingo de la 15ª semana de Tiempo Ordinario,evangelio,"Mt 13,1-9",Matthæus,9,9,0,,46,3,0.065,ablo abra acel acud aoga apen barc bord
2056BTOD23.html,1,Domingo de la 23ª semana de Tiempo Ordinario,primera lectura,"Is 35,4-7a",Isaias,4,4,0,,31,2,0.065,abri agua brot cant cieg cier coba cora
3004CAVD04.html,1,Domingo 4º de Adviento,primera lectura,"Mi 5,1-4a",Michæa,4,4,0,,31,2,0.065,abit alde anti asta bele conf desd entr
3031TFDOPE.html,15,Domingo de Pentecostés,evangelio,"Jn 14,15-16.23b-26",Joannes,6,6,0,,31,2,0.065,abla acel amai amar aora arem cien defe
3037CTOD04.html,4,Domingo de la 4ª semana de Tiempo Ordinario,segunda lectura,"1 Co 13,4-13",Ad Corinthios I,10,10,0,,46,3,0.065,abla acab afab agua aleg aora ceda conf
3042CTOD09.html,1,Domingo de la 9ª semana de Tiempo Ordinario,primera lectura,"1 R 8,41-43",Regum III,3,3,0,,31,2,0.065,abla acel atra braz ciel cono cons cuan
4049ITOL09.html,1,Lunes de la 9ª semana de Tiempo Ordinario,primera lectura,"Tb 1,3.2,1b-8",Tobiæ,9,9,0,,77,5,0.065,abit acue algu andu aora ases asir asta
4064TOJ11.html,4,Jueves de la 11ª semana de Tiempo Ordinario,evangelio,"Mt 6,7-15",Matthæus,9,9,0,,46,3,0.065,abla acel agas aran ciel cuan culp dano
4068ITOM12.html,4,Martes de la 12ª semana de Tiempo Ordinario,evangelio,"Mt 7,6.12-14",Matthæus,4,4,0,,31,2,0.065,acel anca ango cami cerd cere cons dema
4093ITOX16.html,4,Miércoles de la 16ª semana de Tiempo Ordinario,evangelio,"Mt 13,1-9",Matthæus,9,9,0,,46,3,0.065,ablo abra acel acud aoga apen barc bord
4119ITOV20.html,2,Viernes de la 20ª semana de Tiempo Ordinario,salmo responsorial,"Sal 145,5-6ab.6c-7.8-9a.9bc-10",Psalmi,6,6,0,,31,2,0.065,alel ambr auxi cami caut cieg ciel cien
4268PTOJ11.html,4,Jueves de la 11ª semana de Tiempo Ordinario,evangelio,"Mt 6,7-15",Matthæus,9,9,0,,46,3,0.065,abla acel agas aran ciel cuan culp dano
4272PTOM12.html,4,Martes de la 12ª semana de Tiempo Ordinario,evangelio,"Mt 7,6.12-14",Matthæus,4,4,0,,31,2,0.065,acel anca ango cami cerd cere cons dema
4297PTOX16.html,4,Miércoles de la 16ª semana de Tiempo Ordinario,evangelio,"Mt 13,1-9",Matthæus,9,9,0,,46,3,0.065,ablo abra acel acud aoga apen barc bord
4311PTOV18.html,1,Viernes de la 18ª semana de Tiempo Ordinario,primera lectura,"Na 2,1.3.3,1-3.6-7",Nahum,7,7,0,,62,4,0.065,abia anic apar arro asal basu caba carr
4330PTOS21.html,2,Sábado de la 21ª semana de Tiempo Ordinario,salmo responsorial,"Sal 32,12-13.18-19.20-21",Psalmi,6,6,0,,31,2,0.065,agua aleg ambr auxi ciel conf cora desd
7046TCUM01.html,4,Martes de la 1ª semana de Cuaresma,evangelio,"Mt 6,7-15",Matthæus,9,9,0,,46,3,0.065,abla acel agas aran ciel cuan culp dano
1046ATOD13.html,4,Domingo de la 13ª semana de Tiempo Ordinario,aleluya,"1 P 2,9",Petri I,1,1,0,,15,1,0.067,alel alte azan cons eleg entr lamo mara
1047ATOD14.html,2,Domingo de la 14ª semana de Tiempo Ordinario,salmo responsorial,"Sal 144,1-2.8-9.10-11.13cd-14",Psalmi,8,8,0,,30,2,0.067,able acci alab azan bend bond buen cari
2001BAVD01.html,3,Domingo 1º de Adviento,segunda lectura,"1 Co 1,3-9",Ad Corinthios I,7,7,0,,30,2,0.067,abei abla acci acus agua asta care enri
3009CFSAFA.html,7,La Sagrada Familia,salmo responsorial,"Sal 83,2-3.5-6.9-10",Psalmi,6,6,0,,30,2,0.067,alab anel atie carn cons cora dese dico
3064CTOD31.html,2,Domingo de la 31ª semana de Tiempo Ordinario,salmo responsorial,"Sal 144,1-2.8-9.10-11.13cd-14",Psalmi,8,8,0,,30,2,0.067,able acci alab azan bend bond buen cari
4095ITOV16.html,4,Viernes de la 16ª semana de Tiempo Ordinario,evangelio,"Mt 13,18-23",Matthæus,6,6,0,,45,3,0.067,acel acep afan aleg aoga bord buen cami
4124ITOJ21.html,2,Jueves de la 21ª semana de Tiempo Ordinario,salmo responsorial,"Sal 89,3-4.12-13.14.17",Psalmi,6,6,0,,30,2,0.067,adci aleg asta bond calc comp cora cuan
4142ITOJ24.html,2,Jueves de la 24ª semana de Tiempo Ordinario,salmo responsorial,"Sal 110,7-8.9.10",Psalmi,4,4,0,,30,2,0.067,alab alel alia cump enui esta iama iuic
4271PTOL12.html,2,Lunes de la 12ª semana de Tiempo Ordinario,salmo responsorial,"Sal 59,3.4-5.12-13",Psalmi,5,5,0,,30,2,0.067,agri aira aiud arem bebe dand desa desm
4276PTOS12.html,2,Sábado de la 12ª semana de Tiempo Ordinario,salmo responsorial,"Sal 73,1-2.3-5a.5b-7.20-21",Psalmi,9,9,0,,60,4,0.067,aban abat acaz acue adci afli agre alab
4299PTOV16.html,4,Viernes de la 16ª semana de Tiempo Ordinario,evangelio,"Mt 13,18-23",Matthæus,6,6,0,,45,3,0.067,acel acep afan aleg aoga bord buen cami
4332PTOM22.html,2,Martes de la 22ª semana de Tiempo Ordinario,salmo responsorial,"Sal 144,8-9.10-11.12-13ab.13cb-14",Psalmi,7,7,0,,30,2,0.067,able acci azan bend bond buen cari clem
4352PTOJ25.html,1,Jueves de la 25ª semana de Tiempo Ordinario,primera lectura,"Ecl 1,2-11",Ecclesiastes,10,10,0,,45,3,0.067,acor acue ante anti arta cami cans capa
3040CTOD07.html,5,Domingo de la 7ª semana de Tiempo Ordinario,evangelio,"Lc 6,27-38",Lucas,12,12,0,,59,4,0.068,aced acei acel acen amai bend buen cere
3049CTOD16.html,1,Domingo de la 16ª semana de Tiempo Ordinario,primera lectura,"Gn 18,1-10a",Genesis,10,10,0,,74,5,0.068,abei acel acia alca amas anad ante apar
3052CTOD19.html,1,Domingo de la 19ª semana de Tiempo Ordinario,primera lectura,"Sb 18,6-9",Sapientia,4,4,0,,44,3,0.068,acci acue ante anun bien cast cert comu
4053ITOV09.html,1,Viernes de la 9ª semana de Tiempo Ordinario,primera lectura,"Tb 11,5-17",Tobiæ,13,13,0,,88,6,0.068,abia abie acel acia agar aleg anad ange
4135ITOX23.html,4,Miércoles de la 23ª semana de Tiempo Ordinario,evangelio,"Lc 6,20-26",Lucas,7,7,0,,44,3,0.068,abla acel acia aleg ambr aora arei caus
4136ITOJ23.html,4,Jueves de la 23ª semana de Tiempo Ordinario,evangelio,"Lc 6,27-38",Lucas,12,12,0,,59,4,0.068,aced acei acel acen amai bend buen cere
4339PTOX23.html,4,Miércoles de la 23ª semana de Tiempo Ordinario,evangelio,"Lc 6,20-26",Lucas,7,7,0,,44,3,0.068,abla acel acia aleg ambr aora arei caus
4340PTOJ23.html,4,Jueves de la 23ª semana de Tiempo Ordinario,evangelio,"Lc 6,27-38",Lucas,12,12,0,,59,4,0.068,aced acei acel acen amai bend buen cere
4359PTOV26.html,2,Viernes de la 26ª semana de Tiempo Ordinario,salmo responsorial,"Sal 138,1-3.7-8.9-10.13-14ab",Psalmi,9,9,0,,44,3,0.068,abis acue admi adon agar alca alie asta
7080TXSESA.html,1,Miércoles santo,primera lectura,"Is 50,4-9",Isaias,6,6,0,,44,3,0.068,abat abie abog acel acer aiud alie atra
1019AFDORA.html,2,Domingo de ramos,primera lectura,"Is 50,4-7",Isaias,4,4,0,,29,2,0.069,abat abie aiud alie atra barb ceda deci
1050ATOD17.html,5,Domingo de la 17ª semana de Tiempo Ordinario,evangelio,"Mt 13,44-52",Matthæus,9,9,0,,58,4,0.069,acel aleg anti arra buen camp cest ciel
1066ATOD33.html,5,Domingo de la 33ª semana de Tiempo Ordinario,evangelio,"Mt 25,14-30",Matthæus,17,17,0,,72,5,0.069,abia acel acer aius asta banc bien camb
1067ATOD34.html,2,"Domingo de la 34ª semana de Tiempo Ordinario — Jesucristo, Rey del Universo",salmo responsorial,"Sal 22,1-2a.2b-3.5-6",Psalmi,5,5,0,,29,2,0.069,abit acia acom bond cabe cond enem enfr
2019BFDORA.html,2,Domingo de ramos,primera lectura,"Is 50,4-7",Isaias,4,4,0,,29,2,0.069,abat abie aiud alie atra barb ceda deci
3019CFDORA.html,2,Domingo de Ramos,primera lectura,"Is 50,4-7",Isaias,4,4,0,,29,2,0.069,abat abie aiud alie atra barb ceda deci
3053CTOD20.html,5,Domingo de la 20ª semana de Tiempo Ordinario,evangelio,"Lc 12,49-53",Lucas,5,5,0,,29,2,0.069,acel adel angu ardi asta baut cont cump
3056CTOD23.html,5,Domingo de la 23ª semana de Tiempo Ordinario,evangelio,"Lc 14,25-33",Lucas,9,9,0,,58,4,0.069,acab acel acom algu atac bata bien burl
4047TOV08.html,1,Viernes de la 8ª semana de Tiempo Ordinario,primera lectura,"Eclo 44,1.9-13",Ecclesiasticus,6,6,0,,29,2,0.069,acab agam alia ante bien cari cien deia
4063ITOX11.html,4,Miércoles de la 11ª semana de Tiempo Ordinario,evangelio,"Mt 6,1-6.16-18",Matthæus,9,9,0,,58,4,0.069,acel acen acer agas aiun ande apos aseg
4074ITOM13.html,2,Martes de la 13ª semana de Tiempo Ordinario,salmo responsorial,"Sal 25,2-3.9-10.11-12",Psalmi,6,6,0,,29,2,0.069,arre asam bend bond camb cami cora dere
4103ITOL18.html,2,Lunes de la 18ª semana de Tiempo Ordinario,salmo responsorial,"Sal 80,12-13.14-15.16-17",Psalmi,6,6,0,,29,2,0.069,abor adue adul alim andu anto arin cami
4141ITOX24.html,2,Miércoles de la 24ª semana de Tiempo Ordinario,salmo responsorial,"Sal 110,1-2.3-4.5-6",Psalmi,6,6,0,,29,2,0.069,alia alim asam bele clem comp cora dand
4172ITOJ29.html,4,Jueves de la 29ª semana de Tiempo Ordinario,evangelio,"Lc 12,49-53",Lucas,5,5,0,,29,2,0.069,acel adel angu ardi asta baut cont cump
4175ITOL30.html,2,Lunes de la 30ª semana de Tiempo Ordinario,salmo responsorial,"Sal 67,2.4.6-7ab.20-21",Psalmi,6,6,0,,29,2,0.069,aleg bend camb carg caut desu disp enem
4183ITOX31.html,4,Miércoles de la 31ª semana de Tiempo Ordinario,evangelio,"Lc 14,25-33",Lucas,9,9,0,,58,4,0.069,acab acel acom algu atac bata bien burl
4230PTOM05.html,2,Martes de la 5ª semana de Tiempo Ordinario,salmo responsorial,"Sal 83,3.4.5.10.11",Psalmi,5,5,0,,29,2,0.069,alab anel asta carn colo cons cora dico
4267PTOX11.html,4,Miércoles de la 11ª semana de Tiempo Ordinario,evangelio,"Mt 6,1-6.16-18",Matthæus,9,9,0,,58,4,0.069,acel acen acer agas aiun ande apos aseg
4365PTOV27.html,2,Viernes de la 27ª semana de Tiempo Ordinario,salmo responsorial,"Sal 110,1-2.3-4.5-6",Psalmi,6,6,0,,29,2,0.069,alia alim asam bele clem comp cora dand
4376PTOJ29.html,4,Jueves de la 29ª semana de Tiempo Ordinario,evangelio,"Lc 12,49-53",Lucas,5,5,0,,29,2,0.069,acel adel angu ardi asta baut cont cump
4383PTOV30.html,2,Viernes de la 30ª semana de Tiempo Ordinario,salmo responsorial,"Sal 110,1-2.3-4.5-6",Psalmi,6,6,0,,29,2,0.069,alia alim asam bele clem comp cora dand
4387PTOX31.html,4,Miércoles de la 31ª semana de Tiempo Ordinario,evangelio,"Lc 14,25-33",Lucas,9,9,0,,58,4,0.069,acab acel acom algu atac bata bien burl
7022TFPD21.html,1,Feria de Adviento. — Día 21 de diciembre.,primera lectura,"Ct 2,8-14",Canticum Canticorum,7,7,0,,72,5,0.069,#14 #3 abla acel aleg amad anid apun
7041TFMICE.html,5,Miércoles de Ceniza,evangelio,"Mt 6,1-6.16-18",Matthæus,9,9,0,,58,4,0.069,acel acen acer agas aiun ande apos aseg
7074TCUX05.html,4,Miércoles de la 5ª semana de Cuaresma,evangelio,"Jn 8,31-42",Joannes,12,12,0,,58,4,0.069,abei abia abla ablo acei acel amar aria
7110TPAV05.html,4,Viernes de la quinta semana de Pascua,evangelio,"Jn 15,12-17",Joannes,6,6,0,,29,2,0.069,abei acei acel amad amei amig cien cono
1045ATOD12.html,1,Domingo de la 12ª semana de Tiempo Ordinario,primera lectura,"Jr 20,10-13",Jeremias,4,4,0,,43,3,0.07,abat acec alab amig auer coge conm cora
4126ITOS21.html,4,Sábado de la 21ª semana de Tiempo Ordinario,evangelio,"Mt 25,14-30",Matthæus,17,17,0,,71,5,0.07,abia acel acer aius asta banc bien camb
4158ITOM27.html,1,Martes de la 27ª semana de Tiempo Ordinario,primera lectura,"Jon 3,1-10",Jonas,10,10,0,,57,4,0.07,abia acia aiun anim arre beba boca cami
4330PTOS21.html,4,Sábado de la 21ª semana de Tiempo Ordinario,evangelio,"Mt 25,14-30",Matthæus,17,17,0,,71,5,0.07,abia acel acer aius asta banc bien camb
1031TFDOPE.html,4,Domingo de Pentecostés,primera lectura,"Jl 3,1-5",Joel,5,5,0,,42,3,0.071,acel anci ante carn ceda ciel colu cuan
1039ATOD06.html,2,Domingo de la 6ª semana de Tiempo Ordinario,salmo responsorial,"Sal 118,1-2.4-5.17-18.33-34",Psalmi,8,8,0,,28,2,0.071,abre busc cami cont cora cump decr dico
1039ATOD06.html,4,Domingo de la 6ª semana de Tiempo Ordinario,aleluya,"Mt 11,25",Matthæus,1,1,0,,14,1,0.071,alel alte bend ciel gent padr porc rein
1047ATOD14.html,4,Domingo de la 14ª semana de Tiempo Ordinario,aleluya,"Mt 11,25",Matthæus,1,1,0,,14,1,0.071,alel alte bend ciel gent padr porc rein
1049ATOD16.html,4,Domingo de la 16ª semana de Tiempo Ordinario,aleluya,"Mt 11,25",Matthæus,1,1,0,,14,1,0.071,alel alte bend ciel gent padr porc rein
2018BCUD05.html,2,Quinto domingo de Cuaresma,salmo responsorial,"Sal 50,3-4.12-13.14-15",Psalmi,6,6,0,,28,2,0.071,afia aleg arro bond borr cami cite comp
2031TFDOPE.html,4,Domingo de Pentecostés,primera lectura,"Jl 3,1-5",Joel,5,5,0,,42,3,0.071,acel anci ante carn ceda ciel colu cuan
3031TFDOPE.html,4,Domingo de Pentecostés,primera lectura,"Jl 3,1-5",Joel,5,5,0,,42,3,0.071,acel anci ante carn ceda ciel colu cuan
3053CTOD20.html,2,Domingo de la 20ª semana de Tiempo Ordinario,salmo responsorial,"Sal 39,2.3.4.18",Psalmi,4,4,0,,28,2,0.071,afia ansi aseg auxi carc ceda conf cuid
3058CTOD25.html,6,Domingo de la 25ª semana de Tiempo Ordinario,evangelio,"Lc 16,10-13",Lucas,4,4,0,,28,2,0.071,abor acel aien amar cien conf dedi dine
4042ITOS07.html,2,Sábado de la 7ª semana de Tiempo Ordinario,salmo responsorial,"Sal 102,13-14.15-16.17-18a",Psalmi,6,6,0,,28,2,0.071,acue alia barr camp cono dura exis fiel
4067ITOL12.html,2,Lunes de la 12ª semana de Tiempo Ordinario,salmo responsorial,"Sal 32,12-13.18-19.20.22",Psalmi,6,6,0,,28,2,0.071,agua ambr auxi ciel desd dico esco escu
4100ITOJ17.html,2,Jueves de la 17ª semana de Tiempo Ordinario,salmo responsorial,"Sal 83,3.4.5-6a.8a.11",Psalmi,6,6,0,,28,2,0.071,alab anel asta balu cami carn colo cons
4102ITOS17.html,2,Sábado de la 17ª semana de Tiempo Ordinario,salmo responsorial,"Sal 66,2-3.5.7-8",Psalmi,5,5,0,,28,2,0.071,aleg asta bend cami cant conf cono frut
4191ITOV32.html,1,Viernes de la 32ª semana de Tiempo Ordinario,primera lectura,"Sb 13,1-9",Sapientia,9,9,0,,70,5,0.071,acti anal anda ante apar asom astr auen
4191ITOV32.html,4,Viernes de la 32ª semana de Tiempo Ordinario,evangelio,"Lc 17,26-37",Lucas,12,12,0,,56,4,0.071,acab acel acor asta azot azuf bebi buit
4235PTOL06.html,2,Lunes de la 6ª semana de Tiempo Ordinario,salmo responsorial,"Sal 118,67.68.71.72.75.76",Psalmi,6,6,0,,28,2,0.071,aces aius anda ante aora apre bond buen
4300PTOS16.html,2,Sábado de la 16ª semana de Tiempo Ordinario,salmo responsorial,"Sal 83,3.4.5-6a.8a.11",Psalmi,6,6,0,,28,2,0.071,alab anel asta balu cami carn colo cons
4304PTOJ17.html,1,Jueves de la 17ª semana de Tiempo Ordinario,primera lectura,"Jr 18,1-6",Jeremias,6,6,0,,28,2,0.071,acer acie alfa barr comu ento esta leua
4327PTOX21.html,1,Miércoles de la 21ª semana de Tiempo Ordinario,primera lectura,"2 Ts 3,6-10.16-18",Ad Thessalonicenses II,8,8,0,,42,3,0.071,acer apar bald cans carg cart cisi comi
4327PTOX21.html,2,Miércoles de la 21ª semana de Tiempo Ordinario,salmo responsorial,"Sal 127,1-2.4-5",Psalmi,4,4,0,,14,1,0.071,bend cami come desd dico frut ombr pros
4333PTOX22.html,2,Miércoles de la 22ª semana de Tiempo Ordinario,salmo responsorial,"Sal 32,12-13.14-15.20-21",Psalmi,6,6,0,,28,2,0.071,acci agua aleg auxi ciel comp conf cora
4367PTOL28.html,2,Lunes de la 28ª semana de Tiempo Ordinario,salmo responsorial,"Sal 112,1-2.3-4.5a.6-7",Psalmi,7,7,0,,28,2,0.071,abai alab aora asta basu bend ciel cien
4395PTOV32.html,4,Viernes de la 32ª semana de Tiempo Ordinario,evangelio,"Lc 17,26-37",Lucas,12,12,0,,56,4,0.071,acab acel acor asta azot azuf bebi buit
7017TAVV03.html,2,Viernes de la 3ª semana de Adviento,salmo responsorial,"Sal 66,2-3.5.7-8",Psalmi,5,5,0,,28,2,0.071,aleg asta bend cami cant conf cono frut
7076TCUV05.html,1,Viernes de la 5ª semana de Cuaresma,primera lectura,"Jr 20,10-13",Jeremias,4,4,0,,42,3,0.071,abat acec alab amig auer coge conm cora
4039ITOX07.html,1,Miércoles de la 7ª semana de Tiempo Ordinario,primera lectura,"Eclo 4,12-22",Ecclesiasticus,11,11,0,,41,3,0.073,abit alca apar arro atri bend busc cami
4279PTOX13.html,1,Miércoles de la 13ª semana de Tiempo Ordinario,primera lectura,"Am 5,14-15.21-24",Amos,6,6,0,,41,3,0.073,acci acep agra apia arro aunc busc ceba
4349PTOL25.html,1,Lunes de la 25ª semana de Tiempo Ordinario,primera lectura,"Pr 3,27-34",Proverbia,8,8,0,,41,3,0.073,abor acer bald bend burl cami cien conc
1029AFASCE.html,2,La Ascensión del Señor,salmo responsorial,"Sal 46,2-3.6-7.8-9",Psalmi,6,6,0,,27,2,0.074,acla alel asci bati empe entr grit mest
1039ATOD06.html,1,Domingo de la 6ª semana de Tiempo Ordinario,primera lectura,"Eclo 15,16-21",Ecclesiasticus,6,6,0,,27,2,0.074,acci cier cono cump dara dela esco esta
2029BFASCE.html,2,La Ascensión del Señor,salmo responsorial,"Sal 46,2-3.6-7.8-9",Psalmi,6,6,0,,27,2,0.074,acla alel asci bati empe entr grit mest
3029CFASCE.html,2,La Ascensión del Señor,salmo responsorial,"Sal 46,2-3.6-7.8-9",Psalmi,6,6,0,,27,2,0.074,acla alel asci bati empe entr grit mest
4053ITOV09.html,2,Viernes de la 9ª semana de Tiempo Ordinario,salmo responsorial,"Sal 145,1-2.6b-7.8-9a.9bc-10",Psalmi,7,7,0,,27,2,0.074,alab ambr cami caut cieg dobl ende eter
4061ITOL11.html,4,Lunes de la 11ª semana de Tiempo Ordinario,evangelio,"Mt 5,38-42",Matthæus,5,5,0,,27,2,0.074,abei abof acel acom agai agra camb cami
4062ITOM11.html,2,Martes de la 11ª semana de Tiempo Ordinario,salmo responsorial,"Sal 145,2.5-6.7.8-9a",Psalmi,6,6,0,,27,2,0.074,alab alel ambr auxi caut cieg ciel cien
4067ITOL12.html,4,Lunes de la 12ª semana de Tiempo Ordinario,evangelio,"Mt 7,1-5",Matthæus,5,5,0,,27,2,0.074,acel clar deci deia disc ento erma fiia
4117ITOX20.html,2,Miércoles de la 20ª semana de Tiempo Ordinario,salmo responsorial,"Sal 20,2-3.4-5.6-7",Psalmi,6,6,0,,27,2,0.074,adel aleg bend cabe colm conc cora cuan
4126ITOS21.html,1,Sábado de la 21ª semana de Tiempo Ordinario,primera lectura,"1 Ts 4,9-11",Ad Thessalonicenses I,3,3,0,,27,2,0.074,acei acer amar asun calm ense erma escr
4138ITOS23.html,2,Sábado de la 23ª semana de Tiempo Ordinario,salmo responsorial,"Sal 112,1-2.3-4.5a.6-7",Psalmi,7,7,0,,27,2,0.074,abai alab aora asta basu bend ciel cien
4187ITOL32.html,1,Lunes de la 32ª semana de Tiempo Ordinario,primera lectura,"Sb 1,1-7",Sapientia,7,7,0,,54,4,0.074,alei amig asal busc camp cons cora cuer
4265PTOL11.html,4,Lunes de la 11ª semana de Tiempo Ordinario,evangelio,"Mt 5,38-42",Matthæus,5,5,0,,27,2,0.074,abei abof acel acom agai agra camb cami
4271PTOL12.html,4,Lunes de la 12ª semana de Tiempo Ordinario,evangelio,"Mt 7,1-5",Matthæus,5,5,0,,27,2,0.074,acel clar deci deia disc ento erma fiia
7008TAVM02.html,4,Martes de la 2ª semana de Adviento,evangelio,"Mt 18,12-14",Matthæus,3,3,0,,27,2,0.074,abia acel aleg aseg busc ciel cier disc
7069TCUV04.html,1,Viernes de la 4ª semana de Cuaresma,primera lectura,"Sb 2,1a.12-22",Sapientia,12,12,0,,68,5,0.074,acci acec afre apar apre auxi cieg cien
7078TLSESA.html,2,Lunes santo,salmo responsorial,"Sal 26,1.2.3.13-14",Psalmi,5,5,0,,27,2,0.074,abit acam alza busc cien cont cora decl
1065ATOD32.html,5,Domingo de la 32ª semana de Tiempo Ordinario,evangelio,"Mt 25,1-13",Matthæus,13,13,0,,67,5,0.075,abre acas acei acel alcu apag aseg banc
1067ATOD34.html,1,"Domingo de la 34ª semana de Tiempo Ordinario — Jesucristo, Rey del Universo",primera lectura,"Ez 34,11-12.15-17",Ezechiel,5,5,0,,40,3,0.075,apac busc cabr carn cuan cura debi desc
2045BTOD12.html,2,Domingo de la 12ª semana de Tiempo Ordinario,salmo responsorial,"Sal 106,23-24.25-26.28-29.30-31",Psalmi,8,8,0,,40,3,0.075,ablo acel agua aleg alel alza angu ansi
2045BTOD12.html,5,Domingo de la 12ª semana de Tiempo Ordinario,evangelio,"Mc 4,35-40",Marcus,6,6,0,,40,3,0.075,acom agua almo asta atar barc cala calm
4018ITOS03.html,4,Sábado de la 3ª semana de Tiempo Ordinario,evangelio,"Mc 4,35-41",Marcus,7,6,-1,si,40,3,0.075,acom agua almo asta atar barc cala calm
4125ITOV21.html,4,Viernes de la 21ª semana de Tiempo Ordinario,evangelio,"Mt 25,1-13",Matthæus,13,13,0,,67,5,0.075,abre acas acei acel alcu apag aseg banc
4222PTOS03.html,4,Sábado de la 3ª semana de Tiempo Ordinario,evangelio,"Mc 4,35-41",Marcus,7,6,-1,si,40,3,0.075,acom agua almo asta atar barc cala calm
4277PTOL13.html,2,Lunes de la 13ª semana de Tiempo Ordinario,salmo responsorial,"Sal 49,16bc-17.18-19.20-21.22-23",Psalmi,8,8,0,,40,3,0.075,abla acci aces acus alia aten cala cami
4329PTOV21.html,4,Viernes de la 21ª semana de Tiempo Ordinario,evangelio,"Mt 25,1-13",Matthæus,13,13,0,,67,5,0.075,abre acas acei acel alcu apag aseg banc
7090TPAX02.html,2,Miércoles de la segunda semana de Pascua,salmo responsorial,"Sal 33,2-3.4-5.6-7.8-9",Psalmi,8,8,0,,40,3,0.075,acam acog afli alab aleg alel angu ansi
2065BTOD32.html,5,Domingo de la 32ª semana de Tiempo Ordinario,evangelio,"Mc 12,38-44",Marcus,7,7,0,,66,5,0.076,#12 #41 #44 acel acer agan ampl aseg
2052BTOD19.html,2,Domingo de la 19ª semana de Tiempo Ordinario,salmo responsorial,"Sal 33,2-3.4-5.6-7.8-9",Psalmi,8,8,0,,39,3,0.077,acam acog afli alab aleg angu ansi auer
4005ITOV01.html,2,Viernes de la 1ª semana de Tiempo Ordinario,salmo responsorial,"Sal 77,3.4bc.6c-7.8",Psalmi,5,5,0,,26,2,0.077,acci alab apre conf cont cora cuen espi
4012ITOS02.html,2,Sábado de la 2ª semana de Tiempo Ordinario,salmo responsorial,"Sal 46,2-3.6-7.8-9",Psalmi,6,6,0,,26,2,0.077,acla asci bati empe entr grit mest mund
4015ITOX03.html,1,Miércoles de la 3ª semana de Tiempo Ordinario,primera lectura,"Hb 10,11-18",Ad Hebræos,8,8,0,,52,4,0.077,acel acor alia anad asta ates borr cora
4036ITOS06.html,2,Sábado de la 6ª semana de Tiempo Ordinario,salmo responsorial,"Sal 144,2-3.4-5.10-11",Psalmi,6,6,0,,26,2,0.077,able alab azan bend cria cuen elos fiel
4055ITOL10.html,2,Lunes de la 10ª semana de Tiempo Ordinario,salmo responsorial,"Sal 33,2-3.4-5.6-7.8-9",Psalmi,8,8,0,,39,3,0.077,acam acog afli alab aleg angu ansi auer
4063ITOX11.html,1,Miércoles de la 11ª semana de Tiempo Ordinario,primera lectura,"2 Co 9,6-11",Ad Corinthios II,6,6,0,,39,3,0.077,aume buen clas colm come comp conc cons
4072ITOS12.html,1,Sábado de la 12ª semana de Tiempo Ordinario,primera lectura,"Gn 18,1-15",Genesis,15,15,0,,91,7,0.077,abei acel acia alca amas anad anci ante
4152ITOM26.html,1,Martes de la 26ª semana de Tiempo Ordinario,primera lectura,"Za 8,20-23",Zacharias,4,4,0,,26,2,0.077,acel agar apla ciud cont dira eier emos
4161ITOV27.html,4,Viernes de la 27ª semana de Tiempo Ordinario,evangelio,"Lc 11,15-26",Lucas,12,12,0,,78,6,0.077,abie acel algu arre asal barr belz bien
4186ITOS31.html,2,Sábado de la 31ª semana de Tiempo Ordinario,salmo responsorial,"Sal 144,2-3.4-5.10-11",Psalmi,6,6,0,,26,2,0.077,able alab azan bend cria cuen elos fiel
4247PTOL08.html,2,Lunes de la 8ª semana de Tiempo Ordinario,salmo responsorial,"Sal 110,1-2.5-6.9.10c",Psalmi,6,6,0,,26,2,0.077,alab alia alim asam comp cora dand dign
4365PTOV27.html,4,Viernes de la 27ª semana de Tiempo Ordinario,evangelio,"Lc 11,15-26",Lucas,12,12,0,,78,6,0.077,abie acel algu arre asal barr belz bien
7050TCUS01.html,2,Sábado de la 1ª semana de Cuaresma,salmo responsorial,"Sal 118,1-2.4-5.7-8",Psalmi,6,6,0,,26,2,0.077,aban alab apre busc cami cier cons cora
7111TPAS05.html,4,Sábado de la quinta semana de Pascua,evangelio,"Jn 15,18-21",Joannes,4,4,0,,26,2,0.077,acel amar ante aran caus cono disc enui
7124Textos_comunes.html,10,TEXTOS COMUNES PARA EL CANTO DEL SALMO RESPONSORIAL,salmo responsorial,"Sal 46,2-3.6-7.8-9",Psalmi,6,6,0,,26,2,0.077,acla asci bati empe entr grit mest mund
3060CTOD27.html,5,Domingo de la 27ª semana de Tiempo Ordinario,evangelio,"Lc 17,5-10",Lucas,6,6,0,,51,4,0.078,acel acer agra aiai arra aume bebe camp
4005ITOV01.html,1,Viernes de la 1ª semana de Tiempo Ordinario,primera lectura,"Hb 4,1-5.11",Ad Hebræos,6,6,0,,51,4,0.078,abia acel acer acue adir algu anad buen
4050ITOM09.html,1,Martes de la 9ª semana de Tiempo Ordinario,primera lectura,"Tb 2,9-14",Tobiæ,6,6,0,,90,7,0.078,abia aboc acab acci acel acer acia adem
4052ITOJ09.html,1,Jueves de la 9ª semana de Tiempo Ordinario,primera lectura,"Tb 6,10-11.7,1.9-17.8,4-9a",Tobiæ,18,18,0,,141,11,0.078,abia abit abla acel acer acog adel aiud
4062ITOM11.html,1,Martes de la 11ª semana de Tiempo Ordinario,primera lectura,"2 Co 8,1-9",Ad Corinthios II,9,9,0,,64,5,0.078,ablo acep aleg aora apor aseg cere ceri
7066TCUM04.html,1,Martes de la 4ª semana de Cuaresma,primera lectura,"Ez 47,1-9.12",Ezechiel,10,10,0,,77,6,0.078,abia abra abun acab acel acia agua ange
1049ATOD16.html,1,Domingo de la 16ª semana de Tiempo Ordinario,primera lectura,"Sb 12,13.16-19",Sapientia,5,5,0,,38,3,0.079,acer arre cien cier cono cuan cuid demu
2018BCUD05.html,1,Quinto domingo de Cuaresma,primera lectura,"Jr 31,31-34",Jeremias,4,4,0,,38,3,0.079,acel alia aunc cebr cono cora crim cuan
4004ITOJ01.html,2,Jueves de la 1ª semana de Tiempo Ordinario,salmo responsorial,"Sal 94,6-7.8-9.10-11",Psalmi,6,6,0,,38,3,0.079,abia acel asce aunc bend cami cole cora
4117ITOX20.html,4,Miércoles de la 20ª semana de Tiempo Ordinario,evangelio,"Mt 20,1-16",Matthæus,16,16,0,,76,6,0.079,acab acel acer acia agua aius aman amig
4192ITOS32.html,1,Sábado de la 32ª semana de Tiempo Ordinario,primera lectura,"Sb 18,14-16.19,6-9",Sapientia,7,7,0,,63,5,0.079,abal abia afil alab ante asom camb cami
4200ITOM34.html,1,Martes de la 34ª semana de Tiempo Ordinario,primera lectura,"Dn 2,31-45",Daniel,15,15,0,,101,8,0.079,acab acel alea alfa aora arci arre aspe
4254PTOM09.html,2,Martes de la 9ª semana de Tiempo Ordinario,salmo responsorial,"Sal 89,2.3-4.10.14.16",Psalmi,6,6,0,,38,3,0.079,acci aleg ante apri asta aunc desd dici
4310PTOJ18.html,1,Jueves de la 18ª semana de Tiempo Ordinario,primera lectura,"Jr 31,31-34",Jeremias,4,4,0,,38,3,0.079,acel alia aunc cebr cono cora crim cuan
4321PTOX20.html,4,Miércoles de la 20ª semana de Tiempo Ordinario,evangelio,"Mt 20,1-16",Matthæus,16,16,0,,76,6,0.079,acab acel acer acia agua aius aman amig
1040ATOD07.html,1,Domingo de la 7ª semana de Tiempo Ordinario,primera lectura,"Lv 19,1-2.17-18",Leviticus,4,4,0,,25,2,0.08,abla ablo amar asam carg cora dile erma
1058ATOD25.html,5,Domingo de la 25ª semana de Tiempo Ordinario,evangelio,"Mt 20,1-16",Matthæus,16,16,0,,75,6,0.08,acab acel acer acia agua aius aman amig
1061ATOD28.html,5,Domingo de la 28ª semana de Tiempo Ordinario,evangelio,"Mt 22,1-14",Matthæus,14,14,0,,87,7,0.08,ablo abri acab acel amig anci aora arro
2037BTOD04.html,3,Domingo de la 4ª semana de Tiempo Ordinario,segunda lectura,"1 Co 7,32-35",Ad Corinthios I,4,4,0,,25,2,0.08,aorr asun busc camb casa cier cons cont
3027CPAD05.html,2,Quinto domingo de Pascua,salmo responsorial,"Sal 144,8-9.10-11.12-13ab",Psalmi,6,6,0,,25,2,0.08,able alel azan bend buen cari clem cole
4035ITOV06.html,2,Viernes de la 6ª semana de Tiempo Ordinario,salmo responsorial,"Sal 32,10-11.12-13.14-15",Psalmi,6,6,0,,25,2,0.08,acci ciel comp cora desa desd dico esco
4087ITOX15.html,4,Miércoles de la 15ª semana de Tiempo Ordinario,evangelio,"Mt 11,25-27",Matthæus,3,3,0,,25,2,0.08,acel ciel cien cier cono cosa ente entr
4104ITOM18.html,4,Martes de la 18ª semana de Tiempo Ordinario,evangelio,"Mt 14,22-36",Matthæus,15,15,0,,112,9,0.08,#1 #10 #14 #15 #2 acel acer acia
4118ITOJ20.html,4,Jueves de la 20ª semana de Tiempo Ordinario,evangelio,"Mt 22,1-14",Matthæus,14,14,0,,87,7,0.08,ablo abri acab acel amig anci aora arro
4228PTOS04.html,2,Sábado de la 4ª semana de Tiempo Ordinario,salmo responsorial,"Sal 118,9.10.11.12.13.14",Psalmi,6,6,0,,25,2,0.08,aleg anda bend busc cami cons cont cora
4291PTOX15.html,4,Miércoles de la 15ª semana de Tiempo Ordinario,evangelio,"Mt 11,25-27",Matthæus,3,3,0,,25,2,0.08,acel ciel cien cier cono cosa ente entr
4308PTOM18.html,4,Martes de la 18ª semana de Tiempo Ordinario,evangelio,"Mt 14,22-36",Matthæus,15,15,0,,112,9,0.08,#1 #10 #14 #15 #2 acel acer acia
4322PTOJ20.html,4,Jueves de la 20ª semana de Tiempo Ordinario,evangelio,"Mt 22,1-14",Matthæus,14,14,0,,87,7,0.08,ablo abri acab acel amig anci aora arro
7028TON731.html,2,31 de diciembre: 7º día de la octava de Navidad.,salmo responsorial,"Sal 95,1-2.11-12.13-14",Psalmi,6,5,-1,si,25,2,0.08,acla aleg arbo bend bosc ciel cuan dela
1033AFCORP.html,1,Santísimo Cuerpo y Sangre de Cristo,primera lectura,"Dt 8,2-3.14b-16a",Deuteronomium,5,5,0,,37,3,0.081,ablo acel acie afli alac alim ambr cami
1061ATOD28.html,6,Domingo de la 28ª semana de Tiempo Ordinario,evangelio,"Mt 22,1-10",Matthæus,10,10,0,,62,5,0.081,ablo acab acel anci aora ases asta auis
4181ITOL31.html,1,Lunes de la 31ª semana de Tiempo Ordinario,primera lectura,"Rm 11,29-36",Ad Romanos,8,8,0,,37,3,0.081,abei abis alca aora cami cien cono deci
3065CTOD32.html,1,Domingo de la 32ª semana de Tiempo Ordinario,primera lectura,"2 M 7,1-2.9-14",Machabæorum II,8,8,0,,61,5,0.082,ablo acel aiam alar ante arra arre asom
4360PTOS26.html,1,Sábado de la 26ª semana de Tiempo Ordinario,primera lectura,"Jb 42,1-3.5-6.12-16",Job,10,10,0,,61,5,0.082,abia able acac anci aora arre azab bela
7043TFVIDC.html,1,Viernes después de Cenizas,primera lectura,"Is 58,1-9a",Isaias,9,9,0,,85,7,0.082,aban abri acer aces acie acos agra aiun
1010SMMDD.html,4,1 de Enero Octava de la Natividad del Señor Santa María Madre de Dios,aleluya,"Hb 1,1-2",Ad Hebræos,2,2,0,,12,1,0.083,abla ablo alel anti aora dist etap fina
1039ATOD06.html,6,Domingo de la 6ª semana de Tiempo Ordinario,evangelio,"Mt 5,20-22a.27-28.33-34a.37",Matthæus,8,8,0,,36,3,0.083,abei abso acel adul aseg bast casa ciel
1042ATOD09.html,1,Domingo de la 9ª semana de Tiempo Ordinario,primera lectura,"Dt 11,18.26-28.32",Deuteronomium,5,5,0,,36,3,0.083,abia ablo atad bend cami cono cora decr
1055ATOD22.html,4,Domingo de la 22ª semana de Tiempo Ordinario,aleluya,"Ef 1,17-18",Ad Ephesios,2,2,0,,12,1,0.083,alel alte comp cora espe iesu lama nues
1061ATOD28.html,4,Domingo de la 28ª semana de Tiempo Ordinario,aleluya,"Ef 1,17-18",Ad Ephesios,2,2,0,,12,1,0.083,alel alte comp cora espe iesu lama nues
1067ATOD34.html,4,"Domingo de la 34ª semana de Tiempo Ordinario — Jesucristo, Rey del Universo",aleluya,"Mc 11,9b-10a",Marcus,2,2,0,,12,1,0.083,alel alte bend lega nomb nues padr rein
2010SMMDD.html,4,1 de Enero Octava de la Natividad del Señor Santa María Madre de Dios,aleluya,"Hb 1,1-2",Ad Hebræos,2,2,0,,12,1,0.083,abla ablo alel anti aora dist etap fina
2019BFDORA.html,4,Domingo de ramos,segunda lectura,"Flp 2,6-11",Ad Philippenses,6,6,0,,36,3,0.083,abis actu alar asta cate ciel conc cond
2043BTOD10.html,5,Domingo de la 10ª semana de Tiempo Ordinario,evangelio,"Mc 3,20-35",Marcus,16,16,0,,84,7,0.083,abia acel acer aiua alre arra baia belz
2048BTOD15.html,5,Domingo de la 15ª semana de Tiempo Ordinario,aleluya,"Ef 1,17-18",Ad Ephesios,2,2,0,,12,1,0.083,alel alte comp cora espe iesu lama nues
2057BTOD24.html,3,Domingo de la 24ª semana de Tiempo Ordinario,segunda lectura,"St 2,14-18",Jacobi,5,5,0,,24,2,0.083,abri algu alim ampa anda cuer deci diar
2067BTOD34.html,4,"Domingo de la 34ª semana de Tiempo Ordinario — Jesucristo, Rey del Universo",aleluya,"Mc 11,9b-10a",Marcus,2,2,0,,12,1,0.083,alel alte bend lega nomb nues padr rein
3010SMMDD.html,4,1 de Enero Octava de la Natividad del Señor Santa María Madre de Dios,aleluya,"Hb 1,1-2",Ad Hebræos,2,2,0,,12,1,0.083,abla ablo alel anti aora dist etap fina
3023CPAD01.html,3,Domingo de Pascua,segunda lectura,"Col 3,1-4",Ad Colossenses,4,4,0,,24,2,0.083,abei apar arri aspi bien busc cuan dere
3051CTOD18.html,2,Domingo de la 18ª semana de Tiempo Ordinario,salmo responsorial,"Sal 89,3-4.5-6.12-13.14.17",Psalmi,8,8,0,,36,3,0.083,adci aleg asta bond calc comp cora cuan
3056CTOD23.html,2,Domingo de la 23ª semana de Tiempo Ordinario,salmo responsorial,"Sal 89,3-4.5-6.12-13.14.17",Psalmi,8,8,0,,36,3,0.083,adci aleg asta bond calc comp cora cuan
3067CTOD34.html,4,"Domingo de la 34ª semana de Tiempo Ordinario — Jesucristo, Rey del Universo",aleluya,"Mc 11,9b-10a",Marcus,2,2,0,,12,1,0.083,alel alte bend lega nomb nues padr rein
4125ITOV21.html,1,Viernes de la 21ª semana de Tiempo Ordinario,primera lectura,"1 Ts 4,1-8",Ad Thessalonicenses I,8,8,0,,48,4,0.083,abei acen adel agra apar apre apro arra
4134ITOM23.html,2,Martes de la 23ª semana de Tiempo Ordinario,salmo responsorial,"Sal 144,1-2.8-9.10-11",Psalmi,6,6,0,,24,2,0.083,able alab azan bend buen cari clem cole
4176ITOM30.html,4,Martes de la 30ª semana de Tiempo Ordinario,evangelio,"Lc 13,18-21",Lucas,4,4,0,,24,2,0.083,acel anad anid arbu arin asta comp crec
4252PTOS08.html,2,Sábado de la 8ª semana de Tiempo Ordinario,salmo responsorial,"Sal 62,2.3-4.5-6",Psalmi,5,5,0,,24,2,0.083,agos alab alza ansi bend carn cont eniu
4267PTOX11.html,2,Miércoles de la 11ª semana de Tiempo Ordinario,salmo responsorial,"Sal 30,20.21.24",Psalmi,3,3,0,,24,2,0.083,acog asil bond conc crec esco fiel fren
4338PTOM23.html,1,Martes de la 23ª semana de Tiempo Ordinario,primera lectura,"1 Co 6,1-11",Ad Corinthios I,11,11,0,,72,6,0.083,abei adem afem algu altu ante arbi asun
4352PTOJ25.html,2,Jueves de la 25ª semana de Tiempo Ordinario,salmo responsorial,"Sal 89,3-4.5-6.12-13.14.17",Psalmi,8,8,0,,36,3,0.083,adci aleg asta bond calc comp cora cuan
4354PTOS25.html,2,Sábado de la 25ª semana de Tiempo Ordinario,salmo responsorial,"Sal 89,3-4.5-6.12-13.14.17",Psalmi,8,8,0,,36,3,0.083,adci aleg asta bond calc comp cora cuan
4380PTOM30.html,4,Martes de la 30ª semana de Tiempo Ordinario,evangelio,"Lc 13,18-21",Lucas,4,4,0,,24,2,0.083,acel anad anid arbu arin asta comp crec
4403PTOL34.html,1,Lunes de la 34ª semana de Tiempo Ordinario,primera lectura,"Ap 14,1-3.4b-5",Apocalypsis,5,5,0,,48,4,0.083,adci adon anci apar apre arpa arpi baia
4407PTOV34.html,2,Viernes de la 34ª semana de Tiempo Ordinario,salmo responsorial,"Sal 83,3.4.5-6a.8a",Psalmi,5,5,0,,24,2,0.083,alab anel asta balu cami carn colo cons
7017TAVV03.html,4,Viernes de la 3ª semana de Adviento,evangelio,"Jn 5,33-36",Joannes,4,4,0,,24,2,0.083,acel ardi bril cisi conc depe enui goza
7030TF03EN.html,2,3 de enero,salmo responsorial,"Sal 97,1-2ab.3cd-4.5-6",Psalmi,6,6,0,,24,2,0.083,acla braz clar conf cont dies ente grit
7046TCUM01.html,2,Martes de la 1ª semana de Cuaresma,salmo responsorial,"Sal 33,4-5.6-7.16-17.18-19",Psalmi,8,8,0,,36,3,0.083,abat afli angu ansi atri auer borr ceda
7056TCUS02.html,2,Sábado de la 2ª semana de Cuaresma,salmo responsorial,"Sal 102,1-2.3-4.9-10.11-12",Psalmi,8,8,0,,36,3,0.083,acus alei bend bond ciel colm culp deli
7066TCUM04.html,4,Martes de la 4ª semana de Cuaresma,evangelio,"Jn 5,1-3.5-16",Joannes,15,15,0,,72,6,0.083,abia acel acia acos adel alei anda apro
7111TPAS05.html,3,Sábado de la quinta semana de Pascua,aleluya,"Col 3,1",Ad Colossenses,1,1,0,,12,1,0.083,abei alel alte arri bien busc dere dond
7118TPAL07.html,3,Lunes de la séptima semana de Pascua,aleluya,"Col 3,1",Ad Colossenses,1,1,0,,12,1,0.083,abei alel alte arri bien busc dere dond
4354PTOS25.html,1,Sábado de la 25ª semana de Tiempo Ordinario,primera lectura,"Ecl 11,9—12,8",Ecclesiastes,,10,,,83,7,0.084,aced acia acue alca alme altu apag arra
1026APAD04.html,3,Cuarto domingo de Pascua,segunda lectura,"1 P 2,20b-25",Petri I,6,6,0,,47,4,0.085,abei acei anda aora carg ceri come cont
2043BTOD10.html,1,Domingo de la 10ª semana de Tiempo Ordinario,primera lectura,"Gn 3,9-15",Genesis,7,7,0,,47,4,0.085,aber arbo arra cabe camp cien comi comp
3013CFBASE.html,7,Bautismo del Señor,salmo responsorial,"Sal 103,1-2a.2b-4.24-25.27-28.29-30",Psalmi,10,10,0,,59,5,0.085,abre agua alie anco atra auan bele bend
4027ITOX05.html,1,Miércoles de la 5ª semana de Tiempo Ordinario,primera lectura,"Gn 2,4b-9.15-17",Genesis,9,9,0,,47,4,0.085,abia acia adem alie arbo arci brot buen
4028ITOJ05.html,1,Jueves de la 5ª semana de Tiempo Ordinario,primera lectura,"Gn 2,18-25",Genesis,8,8,0,,47,4,0.085,aban abia acer acie aiud algu arci camp
4079ITOL14.html,4,Lunes de la 14ª semana de Tiempo Ordinario,evangelio,"Mt 9,18-26",Matthæus,9,9,0,,47,4,0.085,abla acab acel acer acia albo anim arro
4119ITOV20.html,1,Viernes de la 20ª semana de Tiempo Ordinario,primera lectura,"Rt 1,1.3-6.14b-16.22",Ruth,9,9,0,,47,4,0.085,abia ambr aten bele cami camp casa ceba
4138ITOS23.html,4,Sábado de la 23ª semana de Tiempo Ordinario,evangelio,"Lc 6,43-49",Lucas,7,7,0,,47,4,0.085,abla acei acel acer aond arre ates bond
4283PTOL14.html,4,Lunes de la 14ª semana de Tiempo Ordinario,evangelio,"Mt 9,18-26",Matthæus,9,9,0,,47,4,0.085,abla acab acel acer acia albo anim arro
4342PTOS23.html,4,Sábado de la 23ª semana de Tiempo Ordinario,evangelio,"Lc 6,43-49",Lucas,7,7,0,,47,4,0.085,abla acei acel acer aond arre ates bond
1019AFDORA.html,4,Domingo de ramos,segunda lectura,"Flp 2,6-11",Ad Philippenses,6,6,0,,35,3,0.086,abis actu alar asta cate ciel conc cond
1057ATOD24.html,2,Domingo de la 24ª semana de Tiempo Ordinario,salmo responsorial,"Sal 102,1-2.3-4.9-10.11-12",Psalmi,8,8,0,,35,3,0.086,acus alei bond ciel clem colm comp culp
2003BAVD03.html,3,Domingo 3º de Adviento,segunda lectura,"1 Ts 5,16-24",Ad Thessalonicenses I,9,9,0,,35,3,0.086,aleg apag asta buen ceda cons cuer cump
2029BFASCE.html,5,Séptimo domingo de Pascua,evangelio,"Jn 17,11b-19",Joannes,9,9,0,,35,3,0.086,acel aleg aora ciel cons cuan cump dici
2030BPAD07.html,5,Séptimo domingo de Pascua,evangelio,"Jn 17,11b-19",Joannes,9,9,0,,35,3,0.086,acel aleg aora ciel cons cuan cump dici
2041BTOD08.html,3,Domingo de la 8ª semana de Tiempo Ordinario,segunda lectura,"2 Co 3,1b-6",Ad Corinthios II,6,6,0,,35,3,0.086,alia apun capa cart codi conf cono cora
3019CFDORA.html,4,Domingo de Ramos,segunda lectura,"Flp 2,6-11",Ad Philippenses,6,6,0,,35,3,0.086,abis actu alar asta cate ciel conc cond
3038CTOD05.html,6,Domingo de la 5ª semana de Tiempo Ordinario,evangelio,"Lc 5,1-11",Lucas,11,11,0,,70,6,0.086,abia abla acab acel acer aden agol alre
4130ITOJ22.html,4,Jueves de la 22ª semana de Tiempo Ordinario,evangelio,"Lc 5,1-11",Lucas,11,11,0,,70,6,0.086,abia abla acab acel acer aden agol alre
4159ITOX27.html,1,Miércoles de la 27ª semana de Tiempo Ordinario,primera lectura,"Jon 4,1-11",Jonas,11,11,0,,81,7,0.086,abia abit acel acie adel aleg alza aora
4334PTOJ22.html,4,Jueves de la 22ª semana de Tiempo Ordinario,evangelio,"Lc 5,1-11",Lucas,11,11,0,,70,6,0.086,abia abla acab acel acer aden agol alre
7112TPAL06.html,4,Lunes de la sexta semana de Pascua,evangelio,"Jn 15,26—16,4a",Joannes,,6,,,35,3,0.086,abia abla acel acor aran conm cono cuan
7120TPAX07.html,4,Miércoles de la séptima semana de Pascua,evangelio,"Jn 17,11b-19",Joannes,9,9,0,,35,3,0.086,acel aleg aora ciel cons cuan cump dici
1023APAD01.html,3,Domingo de Pascua,segunda lectura,"Col 3,1-4",Ad Colossenses,4,4,0,,23,2,0.087,abei apar arri aspi bien busc cuan dere
2023BPAD01.html,3,Domingo de Pascua,segunda lectura,"Col 3,1-4",Ad Colossenses,4,4,0,,23,2,0.087,abei apar arri aspi bien busc cuan dere
2048BTOD15.html,6,Domingo de la 15ª semana de Tiempo Ordinario,evangelio,"Mc 6,7-13",Marcus,7,7,0,,46,4,0.087,acei acel alfo anad asta auto bast cami
3041CTOD08.html,5,Domingo de la 8ª semana de Tiempo Ordinario,evangelio,"Lc 6,39-45",Lucas,7,7,0,,46,4,0.087,abla acas acel apre ates bond buen cera
3051CTOD18.html,1,Domingo de la 18ª semana de Tiempo Ordinario,primera lectura,"Ecl 1,2.2,21-23",Ecclesiastes,4,4,0,,23,2,0.087,acie cien deia desc desg ento fati grau
4022ITOJ04.html,4,Jueves de la 4ª semana de Tiempo Ordinario,evangelio,"Mc 6,7-13",Marcus,7,7,0,,46,4,0.087,acei acel alfo anad asta auto bast cami
4028ITOJ05.html,4,Jueves de la 5ª semana de Tiempo Ordinario,evangelio,"Mc 7,24-30",Marcus,7,7,0,,46,4,0.087,abia acel aloi busc coma cons cont deba
4092ITOM16.html,4,Martes de la 16ª semana de Tiempo Ordinario,evangelio,"Mt 12,46-50",Matthæus,5,5,0,,23,2,0.087,abla acel auis ciel cien cier cont cuan
4147ITOX25.html,4,Miércoles de la 25ª semana de Tiempo Ordinario,evangelio,"Lc 9,1-6",Lucas,6,6,0,,46,4,0.087,acel alde alfo algu anun asta auto bast
4226PTOJ04.html,4,Jueves de la 4ª semana de Tiempo Ordinario,evangelio,"Mc 6,7-13",Marcus,7,7,0,,46,4,0.087,acei acel alfo anad asta auto bast cami
4232PTOJ05.html,4,Jueves de la 5ª semana de Tiempo Ordinario,evangelio,"Mc 7,24-30",Marcus,7,7,0,,46,4,0.087,abia acel aloi busc coma cons cont deba
4296PTOM16.html,4,Martes de la 16ª semana de Tiempo Ordinario,evangelio,"Mt 12,46-50",Matthæus,5,5,0,,23,2,0.087,abla acel auis ciel cien cier cont cuan
4315PTOX19.html,2,Miércoles de la 19ª semana de Tiempo Ordinario,salmo responsorial,"Sal 112,1-2.3-4.5-6",Psalmi,6,6,0,,23,2,0.087,abai alab aora asta bend ciel cien eleu
4331PTOL22.html,2,Lunes de la 22ª semana de Tiempo Ordinario,salmo responsorial,"Sal 118,97.98.99.100.101",Psalmi,5,5,0,,23,2,0.087,acom anci apar cuan cump doct enem esto
4351PTOX25.html,4,Miércoles de la 25ª semana de Tiempo Ordinario,evangelio,"Lc 9,1-6",Lucas,6,6,0,,46,4,0.087,acel alde alfo algu anun asta auto bast
4355PTOL26.html,1,Lunes de la 26ª semana de Tiempo Ordinario,primera lectura,"Jb 1,6-22",Job,17,17,0,,92,8,0.087,abia abla acab ange apar apue apun aran
7009TAVX02.html,2,Miércoles de la 2ª semana de Adviento,salmo responsorial,"Sal 102,1-2.3-4.8.10",Psalmi,6,6,0,,23,2,0.087,bend clem colm comp culp enfe grac lent
1022AVIPAS.html,4,Vigilia Pascual,salmo responsorial,"Sal 32,4-5.6-7.12-13.20.22",Psalmi,8,8,0,,34,3,0.088,acci agua alie auxi ciel depo dere desd
2022BVIPAS.html,4,Vigilia Pascual,salmo responsorial,"Sal 32,4-5.6-7.12-13.20.22",Psalmi,8,8,0,,34,3,0.088,acci agua alie auxi ciel depo dere desd
2038BTOD05.html,1,Domingo de la 5ª semana de Tiempo Ordinario,primera lectura,"Jb 7,1-4.6-7",Job,6,6,0,,34,3,0.088,ablo acos agua alar arto asig asta bald
2044BTOD11.html,3,Domingo de la 11ª semana de Tiempo Ordinario,segunda lectura,"2 Co 5,6-10",Ad Corinthios II,5,5,0,,34,3,0.088,agra aiam aunc cami cast comp conf cuer
2054BTOD21.html,5,Domingo de la 21ª semana de Tiempo Ordinario,evangelio,"Jn 6,60-69",Joannes,10,10,0,,57,5,0.088,abla acel acer acud adiu algu ante atra
3022AVIPAS.html,4,Vigilia Pascual,salmo responsorial,"Sal 32,4-5.6-7.12-13.20.22",Psalmi,8,8,0,,34,3,0.088,acci agua alie auxi ciel depo dere desd
3047CTOD14.html,2,Domingo de la 14ª semana de Tiempo Ordinario,salmo responsorial,"Sal 65,1-3a.4-5.16.20",Psalmi,7,7,0,,34,3,0.088,acla aleg atra bend conm cont deci ente
3064CTOD31.html,3,Domingo de la 31ª semana de Tiempo Ordinario,segunda lectura,"2 Ts 1,11—2,2",Ad Thessalonicenses II,,4,,,34,3,0.088,afir alar buen cabe cart cons cont cump
4030ITOS05.html,2,Sábado de la 5ª semana de Tiempo Ordinario,salmo responsorial,"Sal 89,2.3-4.5-6.12-13",Psalmi,7,7,0,,34,3,0.088,adci ante asta calc comp cora cuan desd
4038ITOM07.html,1,Martes de la 7ª semana de Tiempo Ordinario,primera lectura,"Eclo 2,1-13",Ecclesiasticus,13,13,0,,57,5,0.088,aban acep acer acri agua aiud alan amad
4058ITOJ10.html,4,Jueves de la 10ª semana de Tiempo Ordinario,evangelio,"Mt 5,20-26",Matthæus,7,7,0,,57,5,0.088,abei acel acue aias algu arre aseg asta
4073ITOL13.html,2,Lunes de la 13ª semana de Tiempo Ordinario,salmo responsorial,"Sal 102,1-2.3-4.8-9.10-11",Psalmi,8,8,0,,34,3,0.088,acus bend bond ciel clem colm comp culp
4085ITOL15.html,1,Lunes de la 15ª semana de Tiempo Ordinario,primera lectura,"Ex 1,8-14.22",Exodus,8,8,0,,57,5,0.088,abia acel alia arto astu atac barr camp
4104ITOM18.html,2,Martes de la 18ª semana de Tiempo Ordinario,salmo responsorial,"Sal 50,3-4.5-6.12-13",Psalmi,6,6,0,,34,3,0.088,abor arro bond borr cite come comp culp
4152ITOM26.html,4,Martes de la 26ª semana de Tiempo Ordinario,evangelio,"Lc 9,51-56",Lucas,6,6,0,,34,3,0.088,acab alde aloi baia cami ciel cier cuan
4195ITOX33.html,4,Miércoles de la 33ª semana de Tiempo Ordinario,evangelio,"Lc 19,11-28",Lucas,18,18,0,,91,8,0.088,abia abor abri acel acia anda auto banc
4209PTOV01.html,1,Viernes de la 1ª semana de Tiempo Ordinario,primera lectura,"1 S 8,4-7.10-22a",Regum I,17,17,0,,91,8,0.088,acel acer acie arad arma azle buei burr
4242PTOM07.html,2,Martes de la 7ª semana de Tiempo Ordinario,salmo responsorial,"Sal 54,7-8.9-10a.10b-11a.23",Psalmi,6,6,0,,34,3,0.088,abit acen afan caig cien ciud desi deuo
4245PTOV07.html,1,Viernes de la 7ª semana de Tiempo Ordinario,primera lectura,"St 5,9-12",Jacobi,4,4,0,,34,3,0.088,abei abla ceie ciel comp cond cono cons
4262PTOJ10.html,4,Jueves de la 10ª semana de Tiempo Ordinario,evangelio,"Mt 5,20-26",Matthæus,7,7,0,,57,5,0.088,abei acel acue aias algu arre aseg asta
4306PTOS17.html,2,Sábado de la 17ª semana de Tiempo Ordinario,salmo responsorial,"Sal 68,15-16.30-31.33-34",Psalmi,6,6,0,,34,3,0.088,abor acci agua alab aleg arra busc caut
4356PTOM26.html,4,Martes de la 26ª semana de Tiempo Ordinario,evangelio,"Lc 9,51-56",Lucas,6,6,0,,34,3,0.088,acab alde aloi baia cami ciel cier cuan
4359PTOV26.html,1,Viernes de la 26ª semana de Tiempo Ordinario,primera lectura,"Jb 38,1.12-21.40,3-5",Job,14,14,0,,57,5,0.088,abia abla ablo agar anad ancu arci bord
4399PTOX33.html,4,Miércoles de la 33ª semana de Tiempo Ordinario,evangelio,"Lc 19,11-28",Lucas,18,18,0,,91,8,0.088,abia abor abri acel acia anda auto banc
7049TCUV01.html,4,Viernes de la 1ª semana de Cuaresma,evangelio,"Mt 5,20-26",Matthæus,7,7,0,,57,5,0.088,abei acel acue aias algu arre aseg asta
7099TPAS03.html,4,Sábado de la tercera semana de Pascua,evangelio,"Jn 6,60-69",Joannes,10,10,0,,57,5,0.088,abla acel acer acud adiu algu ante atra
2058BTOD25.html,3,Domingo de la 25ª semana de Tiempo Ordinario,segunda lectura,"St 3,16—4,3",Jacobi,,6,,,45,4,0.089,acei adem alca aman arde arri buen ceri
4051ITOX09.html,1,Miércoles de la 9ª semana de Tiempo Ordinario,primera lectura,"Tb 3,1-11a.16-17a",Tobiæ,13,13,0,,124,11,0.089,abia acel acia actu acue afli aian aora
4054ITOS09.html,4,Sábado de la 9ª semana de Tiempo Ordinario,evangelio,"Mc 12,38-44",Marcus,7,7,0,,56,5,0.089,acel acer agan ampl aseg asie banc bien
4258PTOS09.html,4,Sábado de la 9ª semana de Tiempo Ordinario,evangelio,"Mc 12,38-44",Marcus,7,7,0,,56,5,0.089,acel acer agan ampl aseg asie banc bien
7076TCUV05.html,4,Viernes de la 5ª semana de Cuaresma,evangelio,"Jn 10,31-42",Joannes,12,12,0,,56,5,0.089,abia acel aces acud agar ante aped aunc
1017ACUD04.html,6,Cuarto domingo de Cuaresma,evangelio,"Jn 9,1.6-9.13-17.34-38",Joannes,15,15,0,,78,7,0.09,abia abie abla abri acel acer adci algu
2017BCUD04.html,6,Cuarto domingo de Cuaresma,evangelio,"Jn 9,1.6-9.13-17.34-38",Joannes,15,15,0,,78,7,0.09,abia abie abla abri acel acer adci algu
3017CCUD04.html,6,Cuarto domingo de Cuaresma,evangelio,"Jn 9,1.6-9.13-17.34-38",Joannes,15,15,0,,78,7,0.09,abia abie abla abri acel acer adci algu
4103ITOL18.html,4,Lunes de la 18ª semana de Tiempo Ordinario,evangelio,"Mt 14,13-21",Matthæus,9,9,0,,100,9,0.09,#1 #10 #14 #15 #2 acel acer alde
4238PTOJ06.html,1,Jueves de la 6ª semana de Tiempo Ordinario,primera lectura,"St 2,1-9",Jacobi,9,9,0,,67,6,0.09,abei acas acei acer afre amar andr anil
1009AFSAFA.html,2,La Sagrada Familia,salmo responsorial,"Sal 127,1-2.3.4-5",Psalmi,5,5,0,,22,2,0.091,alre bend cami come desd dico fecu frut
1031TFDOPE.html,10,Domingo de Pentecostés,salmo responsorial,"Sal 103,1ab.24ac.29bc-30.31.34",Psalmi,6,6,0,,22,2,0.091,agra aleg alel alie bend cria cuan enui
1040ATOD07.html,2,Domingo de la 7ª semana de Tiempo Ordinario,salmo responsorial,"Sal 102,1-2.3-4.8.10.12-13",Psalmi,8,8,0,,33,3,0.091,alei bend clem colm comp culp deli enfe
1050ATOD17.html,4,Domingo de la 17ª semana de Tiempo Ordinario,aleluya,"Mt 11,25",Matthæus,1,1,0,,11,1,0.091,bend ciel gent padr porc rein secr senc
1052ATOD19.html,1,Domingo de la 19ª semana de Tiempo Ordinario,primera lectura,"1 R 19,9a.11-13a",Regum III,4,4,0,,33,3,0.091,acel acia afue bris cuan cueu dela desc
1054ATOD21.html,4,Domingo de la 21ª semana de Tiempo Ordinario,aleluya,"Mt 16,18",Matthæus,1,1,0,,11,1,0.091,alel alte derr igle infi pedr pied pode
1066ATOD33.html,2,Domingo de la 33ª semana de Tiempo Ordinario,salmo responsorial,"Sal 127,1-2.3.4-5",Psalmi,5,5,0,,22,2,0.091,alre bend cami come desd dico fecu frut
2009BFSAFA.html,2,La Sagrada Familia,salmo responsorial,"Sal 127,1-2.3.4-5",Psalmi,5,5,0,,22,2,0.091,alre bend cami come desd dico fecu frut
2009BFSAFA.html,10,La Sagrada Familia,aleluya,"Hb 1,1-2",Ad Hebræos,2,2,0,,11,1,0.091,abla ablo anti aora dist etap fina nues
2041BTOD08.html,2,Domingo de la 8ª semana de Tiempo Ordinario,salmo responsorial,"Sal 102,1-2.3-4.8.10.12-13",Psalmi,8,8,0,,33,3,0.091,alei bend clem colm comp culp deli enfe
3001CAVD01.html,3,Domingo 1º de Adviento,segunda lectura,"1 Ts 3,12—4,2",Ad Thessalonicenses I,,4,,,33,3,0.091,abei acom adel agra amam apre colm cono
3009CFSAFA.html,2,La Sagrada Familia,salmo responsorial,"Sal 127,1-2.3.4-5",Psalmi,5,5,0,,22,2,0.091,alre bend cami come desd dico fecu frut
3031TFDOPE.html,10,Domingo de Pentecostés,salmo responsorial,"Sal 103,1ab.24ac.29bc-30.31.34",Psalmi,6,6,0,,22,2,0.091,agra aleg alel alie bend cria cuan enui
3040CTOD07.html,2,Domingo de la 7ª semana de Tiempo Ordinario,salmo responsorial,"Sal 102,1-2.3-4.8.10.12-13",Psalmi,8,8,0,,33,3,0.091,alei bend clem colm comp culp deli enfe
4017ITOV03.html,3,Viernes de la 3ª semana de Tiempo Ordinario,aleluya,"Mt 11,25",Matthæus,1,1,0,,11,1,0.091,bend ciel gent padr porc rein secr senc
4028ITOJ05.html,2,Jueves de la 5ª semana de Tiempo Ordinario,salmo responsorial,"Sal 127,1-2.3.4-5",Psalmi,5,5,0,,22,2,0.091,alre bend cami come desd dico fecu frut
4042ITOS07.html,3,Sábado de la 7ª semana de Tiempo Ordinario,aleluya,"Mt 11,25",Matthæus,1,1,0,,11,1,0.091,bend ciel gent padr porc rein secr senc
4044ITOM08.html,3,Martes de la 8ª semana de Tiempo Ordinario,aleluya,"Mt 11,25",Matthæus,1,1,0,,11,1,0.091,bend ciel gent padr porc rein secr senc
4052ITOJ09.html,2,Jueves de la 9ª semana de Tiempo Ordinario,salmo responsorial,"Sal 127,1-2.3.4-5",Psalmi,5,5,0,,22,2,0.091,alre bend cami come desd dico fecu frut
4071ITOV12.html,2,Viernes de la 12ª semana de Tiempo Ordinario,salmo responsorial,"Sal 127,1-2.3.4-5",Psalmi,5,5,0,,22,2,0.091,alre bend cami come desd dico fecu frut
4087ITOX15.html,3,Miércoles de la 15ª semana de Tiempo Ordinario,aleluya,"Mt 11,25",Matthæus,1,1,0,,11,1,0.091,bend ciel gent padr porc rein secr senc
4094ITOJ16.html,3,Jueves de la 16ª semana de Tiempo Ordinario,aleluya,"Mt 11,25",Matthæus,1,1,0,,11,1,0.091,bend ciel gent padr porc rein secr senc
4114ITOS19.html,3,Sábado de la 19ª semana de Tiempo Ordinario,aleluya,"Mt 11,25",Matthæus,1,1,0,,11,1,0.091,bend ciel gent padr porc rein secr senc
4120ITOS20.html,2,Sábado de la 20ª semana de Tiempo Ordinario,salmo responsorial,"Sal 127,1-2.3.4.5",Psalmi,5,5,0,,22,2,0.091,alre bend cami come desd dico fecu frut
4143ITOV24.html,3,Viernes de la 24ª semana de Tiempo Ordinario,aleluya,"Mt 11,25",Matthæus,1,1,0,,11,1,0.091,bend ciel gent padr porc rein secr senc
4156ITOS26.html,3,Sábado de la 26ª semana de Tiempo Ordinario,aleluya,"Mt 11,25",Matthæus,1,1,0,,11,1,0.091,bend ciel gent padr porc rein secr senc
4173ITOV29.html,3,Viernes de la 29ª semana de Tiempo Ordinario,aleluya,"Mt 11,25",Matthæus,1,1,0,,11,1,0.091,bend ciel gent padr porc rein secr senc
4176ITOM30.html,3,Martes de la 30ª semana de Tiempo Ordinario,aleluya,"Mt 11,25",Matthæus,1,1,0,,11,1,0.091,bend ciel gent padr porc rein secr senc
4197ITOV33.html,4,Viernes de la 33ª semana de Tiempo Ordinario,evangelio,"Lc 19,45-48",Lucas,4,4,0,,33,3,0.091,abei acel acer band cita conu cuen cueu
4218PTOM03.html,3,Martes de la 3ª semana de Tiempo Ordinario,aleluya,"Mt 11,25",Matthæus,1,1,0,,11,1,0.091,bend ciel gent padr porc rein secr senc
4221PTOV03.html,3,Viernes de la 3ª semana de Tiempo Ordinario,aleluya,"Mt 11,25",Matthæus,1,1,0,,11,1,0.091,bend ciel gent padr porc rein secr senc
4246PTOS07.html,3,Sábado de la 7ª semana de Tiempo Ordinario,aleluya,"Mt 11,25",Matthæus,1,1,0,,11,1,0.091,bend ciel gent padr porc rein secr senc
4248PTOM08.html,3,Martes de la 8ª semana de Tiempo Ordinario,aleluya,"Mt 11,25",Matthæus,1,1,0,,11,1,0.091,bend ciel gent padr porc rein secr senc
4291PTOX15.html,3,Miércoles de la 15ª semana de Tiempo Ordinario,aleluya,"Mt 11,25",Matthæus,1,1,0,,11,1,0.091,bend ciel gent padr porc rein secr senc
4298PTOJ16.html,3,Jueves de la 16ª semana de Tiempo Ordinario,aleluya,"Mt 11,25",Matthæus,1,1,0,,11,1,0.091,bend ciel gent padr porc rein secr senc
4318PTOS19.html,3,Sábado de la 19ª semana de Tiempo Ordinario,aleluya,"Mt 11,25",Matthæus,1,1,0,,11,1,0.091,bend ciel gent padr porc rein secr senc
4337PTOL23.html,2,Lunes de la 23ª semana de Tiempo Ordinario,salmo responsorial,"Sal 5,5-6.7.12",Psalmi,4,4,0,,22,2,0.091,abor acog aleg arro dest dete iubi lene
4347PTOV24.html,3,Viernes de la 24ª semana de Tiempo Ordinario,aleluya,"Mt 11,25",Matthæus,1,1,0,,11,1,0.091,bend ciel gent padr porc rein secr senc
4348PTOS24.html,2,Sábado de la 24ª semana de Tiempo Ordinario,salmo responsorial,"Sal 55,10.11-12.13.14",Psalmi,5,4,-1,si,22,2,0.091,acci acer alab caid cami conf cuan cump
4360PTOS26.html,3,Sábado de la 26ª semana de Tiempo Ordinario,aleluya,"Mt 11,25",Matthæus,1,1,0,,11,1,0.091,bend ciel gent padr porc rein secr senc
4377PTOV29.html,3,Viernes de la 29ª semana de Tiempo Ordinario,aleluya,"Mt 11,25",Matthæus,1,1,0,,11,1,0.091,bend ciel gent padr porc rein secr senc
4380PTOM30.html,2,Martes de la 30ª semana de Tiempo Ordinario,salmo responsorial,"Sal 127,1-2.3.4-5",Psalmi,5,5,0,,22,2,0.091,alre bend cami come desd dico fecu frut
4380PTOM30.html,3,Martes de la 30ª semana de Tiempo Ordinario,aleluya,"Mt 11,25",Matthæus,1,1,0,,11,1,0.091,bend ciel gent padr porc rein secr senc
4401PTOV33.html,4,Viernes de la 33ª semana de Tiempo Ordinario,evangelio,"Lc 19,45-48",Lucas,4,4,0,,33,3,0.091,abei acel acer band cita conu cuen cueu
7008TAVM02.html,2,Martes de la 2ª semana de Adviento,salmo responsorial,"Sal 95,1-2.3.10ac.11-12.13-14",Psalmi,8,7,-1,si,33,3,0.091,acla aleg arbo bend bosc ciel cont cuan
7026TON529.html,2,29 de diciembre: 5º día de la octava de Navidad,salmo responsorial,"Sal 95,1-2a.2b-3.5b-6",Psalmi,5,5,0,,22,2,0.091,bend ciel cont espl esta fuer maie mara
7037TFXDEP.html,4,9 DE ENERO — Miércoles después de Epifanía,evangelio,"Mc 6,45-52",Marcus,8,8,0,,55,5,0.091,abia acia adel adem amai anda anim apre
7082TOCPAL.html,4,Lunes de la octava de Pascua,evangelio,"Mt 28,8-15",Matthæus,8,8,0,,66,6,0.091,abra acel acer acue aleg algu anci anun
4031ITOL06.html,1,Lunes de la 6ª semana de Tiempo Ordinario,primera lectura,"Gn 4,1-15.25",Genesis,16,16,0,,76,7,0.092,abat abie acec adci aiud algu anda anim
4144ITOS24.html,4,Sábado de la 24ª semana de Tiempo Ordinario,evangelio,"Lc 8,4-15",Lucas,12,12,0,,76,7,0.092,acel afan aleg algu anad aoga bord buen
4208PTOJ01.html,1,Jueves de la 1ª semana de Tiempo Ordinario,primera lectura,"1 S 4,1-11",Regum I,11,11,0,,87,8,0.092,abia acam alar alia anci atac bata caie
4348PTOS24.html,4,Sábado de la 24ª semana de Tiempo Ordinario,evangelio,"Lc 8,4-15",Lucas,12,12,0,,76,7,0.092,acel afan aleg algu anad aoga bord buen
7068TCUJ04.html,4,Jueves de la 4ª semana de Cuaresma,evangelio,"Jn 5,31-47",Joannes,17,17,0,,65,6,0.092,abei abit acel acep acus adem ardi bril
1006TNSMDM.html,1,Natividad del Señor,primera lectura,"Is 9,1-3.5-6",Isaias,5,5,0,,54,5,0.093,acre aleg aora aume bast boti bril cami
1019AFDORA.html,3,Domingo de ramos,salmo responsorial,"Sal 21,8-9.17-18a.19-20.23-24",Psalmi,8,8,0,,43,4,0.093,acen acor acud aiud alab asam band burl
2006TNSMDM.html,1,Natividad del Señor,primera lectura,"Is 9,1-3.5-6",Isaias,5,5,0,,54,5,0.093,acre aleg aora aume bast boti bril cami
2019BFDORA.html,3,Domingo de ramos,salmo responsorial,"Sal 21,8-9.17-18a.19-20.23-24",Psalmi,8,8,0,,43,4,0.093,acen acor acud aiud alab asam band burl
2060BTOD27.html,1,Domingo de la 27ª semana de Tiempo Ordinario,primera lectura,"Gn 2,18-24",Genesis,7,7,0,,43,4,0.093,aban abia acer acie aiud algu arci camp
3006TNSMDM.html,1,Natividad del Señor,primera lectura,"Is 9,1-3.5-6",Isaias,5,5,0,,54,5,0.093,acre aleg aora aume bast boti bril cami
3019CFDORA.html,3,Domingo de Ramos,salmo responsorial,"Sal 21,8-9.17-18a.19-20.23-24",Psalmi,8,8,0,,43,4,0.093,acen acor acud aiud alab asam band burl
4037ITOL07.html,4,Lunes de la 7ª semana de Tiempo Ordinario,evangelio,"Mc 9,14-29",Marcus,16,16,0,,86,8,0.093,abla acab acel acud agar aiud alre asta
4236PTOM06.html,1,Martes de la 6ª semana de Tiempo Ordinario,primera lectura,"St 1,12-18",Jacobi,7,7,0,,43,4,0.093,acil algu arra arri astr bene ceri come
4241PTOL07.html,4,Lunes de la 7ª semana de Tiempo Ordinario,evangelio,"Mc 9,14-29",Marcus,16,16,0,,86,8,0.093,abla acab acel acud agar aiud alre asta
4336PTOS22.html,1,Sábado de la 22ª semana de Tiempo Ordinario,primera lectura,"1 Co 4,6b-15",Ad Corinthios I,10,10,0,,86,8,0.093,abei acel acer agot agua aias ambr ansi
4384PTOS30.html,1,Sábado de la 30ª semana de Tiempo Ordinario,primera lectura,"Flp 1,18b-26",Ad Philippenses,9,9,0,,54,5,0.093,abie aleg anun aora auan ceda cont conu
7054TCUJ02.html,1,Jueves de la 2ª semana de Cuaresma,primera lectura,"Jr 17,5-10",Jeremias,6,6,0,,43,4,0.093,acci apar arbo arid bend busc card cien
7124Textos_comunes.html,7,TEXTOS COMUNES PARA EL CANTO DEL SALMO RESPONSORIAL,salmo responsorial,"Sal 21,8-9.17-18a.19-20.23-24",Psalmi,8,8,0,,43,4,0.093,acen acor acud aiud alab asam band burl
1008TNSMDD.html,1,Natividad del Señor,primera lectura,"Is 52,7-10",Isaias,4,4,0,,32,3,0.094,anun braz buen cant conf desn ermo escu
1055ATOD22.html,2,Domingo de la 22ª semana de Tiempo Ordinario,salmo responsorial,"Sal 62,2.3-4.5-6.8-9",Psalmi,7,7,0,,32,3,0.094,agos alab alza ansi auxi bend cant carn
2008TNSMDD.html,1,Natividad del Señor,primera lectura,"Is 52,7-10",Isaias,4,4,0,,32,3,0.094,anun braz buen cant conf desn ermo escu
2066BTOD33.html,3,Domingo de la 33ª semana de Tiempo Ordinario,segunda lectura,"Hb 10,11-14.18",Ad Hebræos,5,5,0,,32,3,0.094,asta borr cris cual dere diar dond eier
2066BTOD33.html,5,Domingo de la 33ª semana de Tiempo Ordinario,evangelio,"Mc 13,24-32",Marcus,9,9,0,,53,5,0.094,acel angu ante apre aseg astr aunc brot
3008TNSMDD.html,1,Natividad del Señor,primera lectura,"Is 52,7-10",Isaias,4,4,0,,32,3,0.094,anun braz buen cant conf desn ermo escu
3045CTOD12.html,2,Domingo de la 12ª semana de Tiempo Ordinario,salmo responsorial,"Sal 62,2.3-4.5-6.8-9",Psalmi,7,7,0,,32,3,0.094,agos alab alza ansi auxi bend cant carn
4013ITOL03.html,4,Lunes de la 3ª semana de Tiempo Ordinario,evangelio,"Mc 3,22-30",Marcus,9,9,0,,53,5,0.094,abia acel acer aiua arra baia belz carg
4140ITOM24.html,2,Martes de la 24ª semana de Tiempo Ordinario,salmo responsorial,"Sal 100,1-2ab.2cd-3ab.5.6",Psalmi,5,5,0,,32,3,0.094,abor anda arro bond cala cami conm cora
4217PTOL03.html,4,Lunes de la 3ª semana de Tiempo Ordinario,evangelio,"Mc 3,22-30",Marcus,9,9,0,,53,5,0.094,abia acel acer aiua arra baia belz carg
4221PTOV03.html,2,Viernes de la 3ª semana de Tiempo Ordinario,salmo responsorial,"Sal 50,3-4.5-6a.6bc-7.10-11",Psalmi,7,7,0,,32,3,0.094,abor aleg apar azme bond borr cebr come
4269PTOV11.html,2,Viernes de la 11ª semana de Tiempo Ordinario,salmo responsorial,"Sal 131,11.12.13-14.17-18",Psalmi,6,6,0,,32,3,0.094,alia bril dese diad enci enem ense germ
4294PTOS15.html,1,Sábado de la 15ª semana de Tiempo Ordinario,primera lectura,"Mi 2,1-5",Michæa,5,5,0,,53,5,0.094,acab acel aman apar apod asam cala cama
4341PTOV23.html,2,Viernes de la 23ª semana de Tiempo Ordinario,salmo responsorial,"Sal 83,3.4.5-6.12",Psalmi,5,5,0,,32,3,0.094,alab anel asta bien carn colo cond cons
4357PTOX26.html,1,Miércoles de la 26ª semana de Tiempo Ordinario,primera lectura,"Jb 9,1-12.14-16",Job,15,15,0,,64,6,0.094,acie adue adui amig argu aunc bril cama
7070TCUS04.html,1,Sábado de la 4ª semana de Cuaresma,primera lectura,"Jr 11,18-20",Jeremias,3,3,0,,32,3,0.094,acia arbo arra comp cont cora eier elos
1032AFSATR.html,3,La Santísima Trinidad,segunda lectura,"2 Co 13,11-13",Ad Corinthios II,3,3,0,,21,2,0.095,aleg anim enme erma espi esta grac iesu
1045ATOD12.html,2,Domingo de la 12ª semana de Tiempo Ordinario,salmo responsorial,"Sal 68,8-10.14.17.33-35",Psalmi,8,8,0,,42,4,0.095,acia afre agua aiud alab aleg bond bule
1056ATOD23.html,5,Domingo de la 23ª semana de Tiempo Ordinario,evangelio,"Mt 18,15-20",Matthæus,6,6,0,,42,4,0.095,acel acue adem aseg asun atad atei ceda
2031TFDOPE.html,10,Domingo de Pentecostés,salmo responsorial,"Sal 103,1ab.24ac.29bc-30.31.34",Psalmi,6,6,0,,21,2,0.095,agra aleg alie bend cria cuan enui expi
4061ITOL11.html,1,Lunes de la 11ª semana de Tiempo Ordinario,primera lectura,"2 Co 6,1-10",Ad Corinthios II,10,10,0,,74,7,0.095,afli afre aiud aius aleg amab aora apur
4088ITOJ15.html,4,Jueves de la 15ª semana de Tiempo Ordinario,evangelio,"Mt 11,28-30",Matthæus,3,3,0,,21,2,0.095,acel agob aliu apre cans carg cora desc
4111ITOX19.html,4,Miércoles de la 19ª semana de Tiempo Ordinario,evangelio,"Mt 18,15-20",Matthæus,6,6,0,,42,4,0.095,acel acue adem aseg asun atad atei ceda
4278PTOM13.html,2,Martes de la 13ª semana de Tiempo Ordinario,salmo responsorial,"Sal 5,5-6.7.8",Psalmi,4,4,0,,21,2,0.095,abor arro bond dest dete entr mald male
4292PTOJ15.html,4,Jueves de la 15ª semana de Tiempo Ordinario,evangelio,"Mt 11,28-30",Matthæus,3,3,0,,21,2,0.095,acel agob aliu apre cans carg cora desc
4315PTOX19.html,4,Miércoles de la 19ª semana de Tiempo Ordinario,evangelio,"Mt 18,15-20",Matthæus,6,6,0,,42,4,0.095,acel acue adem aseg asun atad atei ceda
7009TAVX02.html,4,Miércoles de la 2ª semana de Adviento,evangelio,"Mt 11,28-30",Matthæus,3,3,0,,21,2,0.095,acel agob aliu apre cans carg cora desc
7018TFPD17.html,1,Feria de Adviento. — Día 17 de diciembre.,primera lectura,"Gn 49,2.8-10",Genesis,4,4,0,,42,4,0.095,acel acer agac agaz agru alab apar asta
7027TON630.html,2,30 de diciembre: 6º día de la octava de Navidad.,salmo responsorial,"Sal 95,7-8a.8b-9.10",Psalmi,4,4,0,,21,2,0.095,acla afia deci entr fami gobi moue nomb
7035TFLDEP.html,2,7 DE ENERO — Lunes después de Epifanía,salmo responsorial,"Sal 2,7-8.10-12a",Psalmi,5,5,0,,21,2,0.095,aora conf decr dico enge eren esca naci
7053TCUX02.html,2,Miércoles de la 2ª semana de Cuaresma,salmo responsorial,"Sal 30,5-6.14.15-16",Psalmi,5,5,0,,21,2,0.095,ampa azar cita conf cont cuci enco enem
7080TXSESA.html,2,Miércoles santo,salmo responsorial,"Sal 68,8-10.21-22.31.33-34",Psalmi,8,8,0,,42,4,0.095,acci afre agua alab aleg busc caut comi
3029CFASCE.html,3,La Ascensión del Señor,segunda lectura,"Ef 1,17-23",Ad Ephesios,7,7,0,,115,11,0.096,#10 #19 #23 #24 #28 #9 aber acab
4350PTOM25.html,1,Martes de la 25ª semana de Tiempo Ordinario,primera lectura,"Pr 21,1-6.10-13",Proverbia,10,10,0,,52,5,0.096,acec alti ambi apre atol busc cami cien
1013AFBASE.html,5,El Bautismo del Señor,evangelio,"Mt 3,13-17",Matthæus,5,5,0,,31,3,0.097,abri acel acud amad aora apen baia baut
1027APAD05.html,2,Quinto domingo de Pascua,salmo responsorial,"Sal 32,1-2.4-5.18-19",Psalmi,6,6,0,,31,3,0.097,acci acla alab alel ambr buen cuer dere
2041BTOD08.html,5,Domingo de la 8ª semana de Tiempo Ordinario,evangelio,"Mc 2,18-22",Marcus,5,5,0,,31,3,0.097,acel aiun amig cont elos esta lega leue
4007ITOL02.html,4,Lunes de la 2ª semana de Tiempo Ordinario,evangelio,"Mc 2,18-22",Marcus,5,5,0,,31,3,0.097,acel aiun amig cont elos esta lega leue
4017ITOV03.html,2,Viernes de la 3ª semana de Tiempo Ordinario,salmo responsorial,"Sal 36,3-4.5-6.23-24.39-40",Psalmi,8,8,0,,31,3,0.097,abit acog actu alca aman aseg cami cera
4081ITOX14.html,2,Miércoles de la 14ª semana de Tiempo Ordinario,salmo responsorial,"Sal 32,2-3.10-11.18-19",Psalmi,6,6,0,,31,3,0.097,acom ambr bord cora cuer desa espe esta
4211PTOL02.html,4,Lunes de la 2ª semana de Tiempo Ordinario,evangelio,"Mc 2,18-22",Marcus,5,5,0,,31,3,0.097,acel aiun amig cont elos esta lega leue
4317PTOV19.html,2,Viernes de la 19ª semana de Tiempo Ordinario,primera lectura,"Ez 16,59-63",Ezechiel,5,5,0,,31,3,0.097,abri acci acog acor actu acue alia cebr
7093TPAS02.html,2,Sábado de la segunda semana de Pascua,salmo responsorial,"Sal 32,1-2.4-5.18-19",Psalmi,6,6,0,,31,3,0.097,acci acla alab alel ambr buen cuer dere
1026APAD04.html,5,Cuarto domingo de Pascua,evangelio,"Jn 10,1-10",Joannes,10,10,0,,51,5,0.098,abla acel acer anad ante apri aseg atie
4147ITOX25.html,1,Miércoles de la 25ª semana de Tiempo Ordinario,primera lectura,"Esd 9,5-9",Esdræ,5,5,0,,61,6,0.098,aban acab acia actu aora arro asta atre
4167ITOV28.html,4,Viernes de la 28ª semana de Tiempo Ordinario,evangelio,"Lc 12,1-7",Lucas,7,7,0,,61,6,0.098,abla acel acer agol amig asta azot cabe
4187ITOL32.html,4,Lunes de la 32ª semana de Tiempo Ordinario,evangelio,"Lc 17,1-6",Lucas,6,6,0,,41,4,0.098,acel arra arre arro aume cont cuel cuid
4193ITOL33.html,4,Lunes de la 33ª semana de Tiempo Ordinario,evangelio,"Lc 18,35-43",Lucas,9,9,0,,41,4,0.098,abia acel acer alab bord cala cami cerc
4371PTOV28.html,4,Viernes de la 28ª semana de Tiempo Ordinario,evangelio,"Lc 12,1-7",Lucas,7,7,0,,61,6,0.098,abla acel acer agol amig asta azot cabe
4391PTOL32.html,4,Lunes de la 32ª semana de Tiempo Ordinario,evangelio,"Lc 17,1-6",Lucas,6,6,0,,41,4,0.098,acel arra arre arro aume cont cuel cuid
4397PTOL33.html,4,Lunes de la 33ª semana de Tiempo Ordinario,evangelio,"Lc 18,35-43",Lucas,9,9,0,,41,4,0.098,abia acel acer alab bord cala cami cerc
7045TCUL01.html,1,Lunes de la 1ª semana de Cuaresma,primera lectura,"Lv 19,1-2.11-18",Leviticus,10,10,0,,61,6,0.098,abla ablo amar anda asam asta carg cieg
7082TOCPAL.html,1,Lunes de la octava de Pascua,primera lectura,"Hch 2,14.22-23",Actus Apostolorum,3,3,0,,92,9,0.098,abia abla ablo acre aleg aora asta atad
7100TPAL04.html,4,Lunes de la cuarta semana de Pascua,evangelio,"Jn 10,1-10",Joannes,10,10,0,,51,5,0.098,abla acel acer anad ante apri aseg atie
4047TOV08.html,4,Viernes de la 8ª semana de Tiempo Ordinario,evangelio,"Mc 11,11-26",Marcus,16,16,0,,101,10,0.099,abei acab acer acla ambr aseg asom asta
4214PTOJ02.html,1,Jueves de la 2ª semana de Tiempo Ordinario,primera lectura,"1 S 18,6-9.19,1-7",Regum I,11,11,0,,71,7,0.099,aber abla ablo acel aleg ante aten auis
4215PTOV02.html,1,Viernes de la 2ª semana de Tiempo Ordinario,primera lectura,"1 S 24,3-21",Regum I,19,19,0,,111,11,0.099,aber abia acec acel acer aces acia alza
4251PTOV08.html,4,Viernes de la 8ª semana de Tiempo Ordinario,evangelio,"Mc 11,11-26",Marcus,16,16,0,,101,10,0.099,abei acab acer acla ambr aseg asom asta
1006TNSMDM.html,2,Natividad del Señor,salmo responsorial,"Sal 95,1-2a.2b-3.11-12.13",Psalmi,6,6,0,,30,3,0.1,acla aleg arbo bend bosc ciel cont cuan
1014ACUD01.html,1,Primer domingo de Cuaresma,primera lectura,"Gn 2,7-9.3,1-7",Genesis,10,10,0,,60,6,0.1,abia abri acia adem alie apet arbo arci
1031TFDOPE.html,8,Domingo de Pentecostés,evangelio,"Jn 7,37-39",Joannes,3,3,0,,20,2,0.1,abia crei deci entr escr espi fies grit
1034AFSCDJ.html,5,El sagrado Corazón de Jesús,evangelio,"Mt 11,25-30",Matthæus,6,6,0,,40,4,0.1,acel agob aliu apre cans carg ciel cien
1043ATOD10.html,4,Domingo de la 10ª semana de Tiempo Ordinario,aleluya,"Lc 4,18",Lucas,1,1,0,,10,1,0.1,alel alte anun caut enui libe pobr seno
1045ATOD12.html,4,Domingo de la 12ª semana de Tiempo Ordinario,aleluya,"Jn 15,26b.27a",Joannes,2,2,0,,10,1,0.1,alel alte dare espi seno tamb uerd uers
1047ATOD14.html,5,Domingo de la 14ª semana de Tiempo Ordinario,evangelio,"Mt 11,25-30",Matthæus,6,6,0,,40,4,0.1,acel agob aliu apre cans carg ciel cien
1056ATOD23.html,3,Domingo de la 23ª semana de Tiempo Ordinario,segunda lectura,"Rm 13,8-10",Ad Romanos,3,3,0,,20,2,0.1,amar come cump deba dema ente enui erma
1060ATOD27.html,4,Domingo de la 27ª semana de Tiempo Ordinario,aleluya,"Jn 15,16",Joannes,1,1,0,,10,1,0.1,alel alte frut mund perd seno uaia uers
2006TNSMDM.html,2,Natividad del Señor,salmo responsorial,"Sal 95,1-2a.2b-3.11-12.13",Psalmi,6,6,0,,30,3,0.1,acla aleg arbo bend bosc ciel cont cuan
2016BCUD03.html,1,Tercer domingo de Cuaresma,primera lectura,"Ex 20,1-17",Exodus,17,17,0,,70,7,0.1,abai abor acel actu adul algu aras arri
2031TFDOPE.html,8,Domingo de Pentecostés,evangelio,"Jn 7,37-39",Joannes,3,3,0,,20,2,0.1,abia crei deci entr escr espi fies grit
2040BTOD07.html,4,Domingo de la 7ª semana de Tiempo Ordinario,aleluya,"Lc 4,18",Lucas,1,1,0,,10,1,0.1,alel alte anun caut enui libe pobr seno
2047BTOD14.html,4,Domingo de la 14ª semana de Tiempo Ordinario,aleluya,"Lc 4,18",Lucas,1,1,0,,10,1,0.1,alel alte anun enui espi pobr seno sobr
2059BTOD26.html,2,Domingo de la 26ª semana de Tiempo Ordinario,salmo responsorial,"Sal 18,8.10.12-13.14",Psalmi,5,5,0,,30,3,0.1,absu arro aunc ceda cien cono cuid desc
3006TNSMDM.html,2,Natividad del Señor,salmo responsorial,"Sal 95,1-2a.2b-3.11-12.13",Psalmi,6,6,0,,30,3,0.1,acla aleg arbo bend bosc ciel cont cuan
3031TFDOPE.html,8,Domingo de Pentecostés,evangelio,"Jn 7,37-39",Joannes,3,3,0,,20,2,0.1,abia crei deci entr escr espi fies grit
3031TFDOPE.html,13,Domingo de Pentecostés,evangelio,"Jn 20,19-23",Joannes,5,5,0,,40,4,0.1,acel aleg alie anoc ceda cerr cien cost
3036CTOD03.html,3,Domingo de la 3ª semana de Tiempo Ordinario,segunda lectura,"1 Co 12,12-30",Ad Corinthios I,19,19,0,,80,8,0.1,abla acas acen aora apre baut bebi bene
3036CTOD03.html,5,Domingo de la 3ª semana de Tiempo Ordinario,aleluya,"Lc 4,18",Lucas,1,1,0,,10,1,0.1,alel alte anun caut enui libe pobr seno
3037CTOD04.html,5,Domingo de la 4ª semana de Tiempo Ordinario,aleluya,"Lc 4,18",Lucas,1,1,0,,10,1,0.1,alel alte anun caut enui libe pobr seno
3040CTOD07.html,1,Domingo de la 7ª semana de Tiempo Ordinario,primera lectura,"1 S 26,2.7-9.12-13.22-23",Regum I,8,8,0,,70,7,0.1,abia acel acia alre aten baia bati busc
3046CTOD13.html,4,Domingo de la 13ª semana de Tiempo Ordinario,aleluya,"1 S 3,9; Jn 6,68c",Regum I,2,2,0,,10,1,0.1,abla alel alte escu pala seno sier tien
3050CTOD17.html,4,Domingo de la 17ª semana de Tiempo Ordinario,aleluya,"Rm 8,15bc",Ad Romanos,1,1,0,,10,1,0.1,abei alel alte espi grit iios padr reci
4043ITOL08.html,1,Lunes de la 8ª semana de Tiempo Ordinario,primera lectura,"Eclo 17,20-28",Ecclesiasticus,9,9,0,,30,3,0.1,aban abis alab alei arre cien cora dete
4050ITOM09.html,2,Martes de la 9ª semana de Tiempo Ordinario,salmo responsorial,"Sal 111,1-2.7-8.9",Psalmi,5,5,0,,30,3,0.1,alza asta bend cari cien cons cora derr
4091ITOL16.html,2,Documento sin título,salmo responsorial,"Ex 15,1-2.3-4.5-6",Exodus,6,6,0,,30,3,0.1,alab aogo arro asta baia caba capi carr
4095ITOV16.html,1,Viernes de la 16ª semana de Tiempo Ordinario,primera lectura,"Ex 20,1-17",Exodus,17,17,0,,70,7,0.1,abai abor acel actu adul algu aras arri
4111ITOX19.html,2,Miércoles de la 19ª semana de Tiempo Ordinario,salmo responsorial,"Sal 65,1-3a.5.8.16-17",Psalmi,7,7,0,,30,3,0.1,aced acla alab bend conm cont deci ensa
4173ITOV29.html,1,Viernes de la 29ª semana de Tiempo Ordinario,primera lectura,"Rm 7,18-25a",Ad Romanos,8,8,0,,40,4,0.1,acer actu apru buen cere cien cier comp
4183ITOX31.html,1,Miércoles de la 31ª semana de Tiempo Ordinario,primera lectura,"Rm 13,8-10",Ad Romanos,3,3,0,,20,2,0.1,amar come cump deba dema ente enui erma
4203ITOV34.html,4,Viernes de la 34ª semana de Tiempo Ordinario,evangelio,"Lc 21,29-33",Lucas,5,5,0,,30,3,0.1,acel ante aseg bast brot cerc ciel cosa
4208PTOJ01.html,2,Jueves de la 1ª semana de Tiempo Ordinario,salmo responsorial,"Sal 43,10-11.14-15.24-25",Psalmi,6,6,0,,30,3,0.1,acen aces adue aora burl desg desp duer
4210PTOS01.html,2,Sábado de la 1ª semana de Tiempo Ordinario,salmo responsorial,"Sal 20,2-3.4-5.6-7",Psalmi,6,6,0,,20,2,0.1,adel aleg bend cabe conc cora cuan dese
4220PTOJ03.html,1,Jueves de la 3ª semana de Tiempo Ordinario,primera lectura,"2 S 7,18-19.24-29",Regum II,8,8,0,,40,4,0.1,ablo aias aora asta atre bend cien cump
4222PTOS03.html,1,Sábado de la 3ª semana de Tiempo Ordinario,primera lectura,"2 S 12,1-7a.10-17",Regum II,15,15,0,,80,8,0.1,aber abia acel acos aiun alum amon anci
4291PTOX15.html,1,Miércoles de la 15ª semana de Tiempo Ordinario,primera lectura,"Is 10,5-7.13-16",Isaias,7,7,0,,60,6,0.1,aban abri alza anic barr bast bati blan
4296PTOM16.html,2,Martes de la 16ª semana de Tiempo Ordinario,salmo responsorial,"Sal 84,2-4.5-6.7-8",Psalmi,7,7,0,,30,3,0.1,aleg buen cole cont culp dano deuo enoi
4299PTOV16.html,1,Viernes de la 16ª semana de Tiempo Ordinario,primera lectura,"Jr 3,14-17",Jeremias,4,4,0,,40,4,0.1,acel acie acud alia apac apos ciud coge
4339PTOX23.html,2,Miércoles de la 23ª semana de Tiempo Ordinario,salmo responsorial,"Sal 44,11-12.14-15.16-17",Psalmi,6,6,0,,30,3,0.1,aleg alga bele beli broc camb comp entr
4407PTOV34.html,4,Viernes de la 34ª semana de Tiempo Ordinario,evangelio,"Lc 21,29-33",Lucas,5,5,0,,30,3,0.1,acel ante aseg bast brot cerc ciel cosa
7036TFMDEP.html,3,8 DE ENERO — Martes después de Epifanía,aleluya,"Lc 4,18",Lucas,1,1,0,,10,1,0.1,alel alte anun caut enui libe pobr seno
7038TFJDEP.html,3,10 DE ENERO — Jueves después de Epifanía,aleluya,"Lc 4,18",Lucas,1,1,0,,10,1,0.1,alel alte anun caut enui libe pobr seno
7051TCUL02.html,4,Lunes de la 2ª semana de Cuaresma,evangelio,"Lc 6,36-38",Lucas,3,3,0,,20,2,0.1,acel colm comp disc gene iesu iuzg medi
7091TPAJ02.html,3,Jueves de la segunda semana de Pascua,aleluya,"Jn 20,29",Joannes,1,1,0,,10,1,0.1,aber alel alte crea crei dico porc uers
7105TPAS04.html,3,Sábado de la cuarta semana de Pascua,aleluya,"Jn 8,31b-32",Joannes,2,2,0,,10,1,0.1,alel alte cono mant pala seno sere uerd
7107TPAM05.html,3,Martes de la quinta semana de Pascua,aleluya,"Lc 24,26",Lucas,1,1,0,,10,1,0.1,alel alte entr mesi muer nece pade resu
7109TPAJ05.html,2,Jueves de la quinta semana de Pascua,salmo responsorial,"Sal 95,1-2a.2b-3.10",Psalmi,4,4,0,,20,2,0.1,afia alel bend cont deci gobi mara moue
7112TPAL06.html,3,Lunes de la sexta semana de Pascua,aleluya,"Jn 15,26b.27a",Joannes,2,2,0,,10,1,0.1,alel alte dare espi seno tamb uerd uers
7122TPAV07.html,4,Viernes de la séptima semana de Pascua,evangelio,"Jn 21,15-19",Joannes,5,5,0,,40,4,0.1,abie alud anad apac apar aseg ceni ceri
7123TPAS07.html,2,Sábado de la séptima semana de Pascua,salmo responsorial,"Sal 10,4.5.7",Psalmi,3,3,0,,20,2,0.1,alel buen ciel culp esta exam inoc obse
4171ITOX29.html,4,Miércoles de la 29ª semana de Tiempo Ordinario,evangelio,"Lc 12,39-48",Lucas,10,10,0,,69,7,0.101,abri acel admi aseg azot bien boce cast
4375PTOX29.html,4,Miércoles de la 29ª semana de Tiempo Ordinario,evangelio,"Lc 12,39-48",Lucas,10,10,0,,69,7,0.101,abri acel admi aseg azot bien boce cast
4029ITOV05.html,1,Viernes de la 5ª semana de Tiempo Ordinario,primera lectura,"Gn 3,1-8",Genesis,8,8,0,,49,5,0.102,abia abri apet arbo astu atra bris camp
4186ITOS31.html,4,Sábado de la 31ª semana de Tiempo Ordinario,evangelio,"Lc 16,9-15",Lucas,7,7,0,,49,5,0.102,abor acel aien amar amig arro burl cien
4200ITOM34.html,4,Martes de la 34ª semana de Tiempo Ordinario,evangelio,"Lc 21,5-11",Lucas,7,7,0,,59,6,0.102,abra acel algu alza ambr bele cali ceda
4390PTOS31.html,4,Sábado de la 31ª semana de Tiempo Ordinario,evangelio,"Lc 16,9-15",Lucas,7,7,0,,49,5,0.102,abor acel aien amar amig arro burl cien
4404PTOM34.html,4,Martes de la 34ª semana de Tiempo Ordinario,evangelio,"Lc 21,5-11",Lucas,7,7,0,,59,6,0.102,abra acel algu alza ambr bele cali ceda
7009TAVX02.html,1,Miércoles de la 2ª semana de Adviento,primera lectura,"Is 40,25-31",Isaias,7,7,0,,49,5,0.102,abla acas acel acre agui alza anda asem
1002AAVD02.html,2,Domingo 2º de Adviento,salmo responsorial,"Sal 71,1-2.7-8.12-13.17",Psalmi,7,7,0,,29,3,0.103,afli apia asta bend clam conf dico eter
1022AVIPAS.html,10,Vigilia Pascual,cuarta lectura,"Is 54,5-14",Isaias,10,10,0,,68,7,0.103,aban abat acer afli agua aira alia alme
1022AVIPAS.html,17,Vigilia Pascual,salmo responsorial,"Sal 41,3.5bcd.42,3.4",Psalmi,4,4,0,,29,3,0.103,acer acia alab aleg asta baut buli cabe
1028APAD06.html,3,Sexto domingo de Pascua,segunda lectura,"1 P 3,15-18",Petri I,4,4,0,,39,4,0.103,acel acie buen cede ceri conc cond cora
2022BVIPAS.html,10,Vigilia Pascual,cuarta lectura,"Is 54,5-14",Isaias,10,10,0,,68,7,0.103,aban abat acer afli agua aira alia alme
2029BFASCE.html,2,Séptimo domingo de Pascua,salmo responsorial,"Sal 102,1-2.11-12.19-20ab",Psalmi,6,6,0,,29,3,0.103,alei alel bend bond ciel deli eiec fiel
2030BPAD07.html,2,Séptimo domingo de Pascua,salmo responsorial,"Sal 102,1-2.11-12.19-20ab",Psalmi,6,6,0,,29,3,0.103,alei alel bend bond ciel deli eiec fiel
2052BTOD19.html,1,Domingo de la 19ª semana de Tiempo Ordinario,primera lectura,"1 R 19,4-8",Regum III,5,5,0,,39,4,0.103,acel alim asta bast bebi cabe cami cita
3022AVIPAS.html,10,Vigilia Pascual,cuarta lectura,"Is 54,5-14",Isaias,10,10,0,,68,7,0.103,aban abat acer afli agua aira alia alme
3047CTOD14.html,1,Domingo de la 14ª semana de Tiempo Ordinario,primera lectura,"Is 66,10-14c",Isaias,5,5,0,,39,4,0.103,abun acar acia aleg amai apur braz cien
3052CTOD19.html,2,Domingo de la 19ª semana de Tiempo Ordinario,salmo responsorial,"Sal 32,1.12.18-19.20.22",Psalmi,6,6,0,,29,3,0.103,acla agua alab ambr auxi buen dico esco
3052CTOD19.html,6,Domingo de la 19ª semana de Tiempo Ordinario,evangelio,"Lc 12,32-48",Lucas,17,17,0,,107,11,0.103,abri acel aceo acer admi agua apen aseg
4029ITOV05.html,2,Viernes de la 5ª semana de Tiempo Ordinario,salmo responsorial,"Sal 31,1-2.5.6.7",Psalmi,5,5,0,,29,3,0.103,abia absu agua alca apun cant caud cien
4033ITOX06.html,4,Miércoles de la 6ª semana de Tiempo Ordinario,evangelio,"Mc 8,22-26",Marcus,5,5,0,,29,3,0.103,acel alde anda cieg cura dici disc dist
4043ITOL08.html,2,Lunes de la 8ª semana de Tiempo Ordinario,salmo responsorial,"Sal 31,1-2.5.6.7",Psalmi,5,5,0,,29,3,0.103,abia absu agua alca apun cant caud cien
4060ITOS10.html,4,Sábado de la 10ª semana de Tiempo Ordinario,evangelio,"Mt 5,33-37",Matthæus,5,5,0,,29,3,0.103,abei abso acel bast blan cabe ciel ciud
4066ITOS11.html,2,Sábado de la 11ª semana de Tiempo Ordinario,salmo responsorial,"Sal 33,8-9.10-11.12-13",Psalmi,6,6,0,,29,3,0.103,acam acog algu ambr buen busc care dese
4075ITOX13.html,2,Miércoles de la 13ª semana de Tiempo Ordinario,salmo responsorial,"Sal 33,7-8.10-11.12-13",Psalmi,6,6,0,,29,3,0.103,acam afli algu ambr angu busc care dese
4207PTOX01.html,2,Miércoles de la 1ª semana de Tiempo Ordinario,salmo responsorial,"Sal 39,2.5.7-8a.8b-9.10",Psalmi,6,6,0,,29,3,0.103,abri acer acud ansi camb cier conf dico
4224PTOM04.html,1,Martes de la 4ª semana de Tiempo Ordinario,primera lectura,"2 S 18,9-10.14b.24-25a.30—19,3",Regum II,,12,,,78,8,0.103,abia aboc acab acel afli agar albr auis
4225PTOX04.html,2,Miércoles de la 4ª semana de Tiempo Ordinario,salmo responsorial,"Sal 31,1-2.5.6.7",Psalmi,5,5,0,,29,3,0.103,abia absu agua alca apun cant caud cien
4237PTOX06.html,4,Miércoles de la 6ª semana de Tiempo Ordinario,evangelio,"Mc 8,22-26",Marcus,5,5,0,,29,3,0.103,acel alde anda cieg cura dici disc dist
4246PTOS07.html,1,Sábado de la 7ª semana de Tiempo Ordinario,primera lectura,"St 5,13-20",Jacobi,8,8,0,,58,6,0.103,acer aleg algu cant ceri ciel come cond
4264PTOS10.html,4,Sábado de la 10ª semana de Tiempo Ordinario,evangelio,"Mt 5,33-37",Matthæus,5,5,0,,29,3,0.103,abei abso acel bast blan cabe ciel ciud
4305PTOV17.html,2,Viernes de la 17ª semana de Tiempo Ordinario,salmo responsorial,"Sal 68,5.8-10.14",Psalmi,5,5,0,,29,3,0.103,afre agua aiud atac bond cabe cubr deuo
4329PTOV21.html,2,Viernes de la 21ª semana de Tiempo Ordinario,salmo responsorial,"Sal 32,1-2.4-5.10ab.11",Psalmi,6,6,0,,29,3,0.103,acci acla alab buen cora cuer dere desa
4357PTOX26.html,2,Miércoles de la 26ª semana de Tiempo Ordinario,salmo responsorial,"Sal 87,10bc-11.12-13.14-15",Psalmi,6,6,0,,29,3,0.103,acia alza anun aras auxi cono dart encu
4358PTOJ26.html,1,Jueves de la 26ª semana de Tiempo Ordinario,primera lectura,"Jb 19,21-27",Job,7,7,0,,29,3,0.103,alza amig ansi arra arta cinc cobr desf
4368PTOM28.html,2,Martes de la 28ª semana de Tiempo Ordinario,salmo responsorial,"Sal 118,41.43.44.45.47.48",Psalmi,6,6,0,,29,3,0.103,acia alca anco anda busc cami cesa cite
4376PTOJ29.html,2,Jueves de la 29ª semana de Tiempo Ordinario,salmo responsorial,"Sal 32,1-2.4-5.11-12.18-19",Psalmi,8,8,0,,39,4,0.103,acci acla alab ambr buen cora cuer dere
7002TAVM01.html,2,Martes de la 1ª semana de Adviento,salmo responsorial,"Sal 71,1-2.7-8.12-13.17",Psalmi,7,7,0,,29,3,0.103,afli apia asta bend clam conf dico eter
7002TAVM01.html,4,Martes de la 1ª semana de Adviento,evangelio,"Lc 10,21-24",Lucas,4,4,0,,39,4,0.103,acel aleg apar ciel cien cier cono cosa
7005TAVV01.html,4,Viernes de la 1ª semana de Adviento,evangelio,"Mt 9,27-31",Matthæus,5,5,0,,29,3,0.103,abla abri acel acer algu cieg coma comp
7010TAVJ02.html,4,Jueves de la 2ª semana de Adviento,evangelio,"Mt 11,11-15",Matthæus,5,5,0,,29,3,0.103,acel admi aora arre aseg asta aunc baut
7050TCUS01.html,1,Sábado de la 1ª semana de Cuaresma,primera lectura,"Dt 26,16-19",Deuteronomium,4,4,0,,29,3,0.103,ablo acep cami comp cora cump decr dici
7122TPAV07.html,2,Viernes de la séptima semana de Pascua,salmo responsorial,"Sal 102,1-2.11-12.19-20ab",Psalmi,6,6,0,,29,3,0.103,alei alel bend bond ciel deli eiec fiel
4100ITOJ17.html,4,Jueves de la 17ª semana de Tiempo Ordinario,evangelio,"Mt 13,47-53",Matthæus,7,7,0,,48,5,0.104,acab acel anti arra buen cest ciel clas
4304PTOJ17.html,4,Jueves de la 17ª semana de Tiempo Ordinario,evangelio,"Mt 13,47-53",Matthæus,7,7,0,,48,5,0.104,acab acel anti arra buen cest ciel clas
7016TAVJ03.html,4,Jueves de la 3ª semana de Adviento,evangelio,"Lc 7,24-30",Lucas,7,7,0,,48,5,0.104,abia abla acep acer aunc baut bend cami
7081JUSAMC.html,1,Jueves Santo — Misa Crismal,desconocido,"Is 61,1-3a.6a.8b-9",Isaias,6,6,0,,48,5,0.104,abat afli amni bend buen camb cant caut
1026APAD04.html,1,Cuarto domingo de Pascua,primera lectura,"Hch 2,14a.36-41",Actus Apostolorum,7,7,0,,57,6,0.105,acel acep acer adem agre aten aunc baut
1030APAD07.html,2,Séptimo domingo de Pascua,salmo responsorial,"Sal 26,1.4.7-8a",Psalmi,4,4,0,,19,2,0.105,abit alel busc cien cont cora defe dulz
1031TFDOPE.html,13,Domingo de Pentecostés,evangelio,"Jn 20,19-23",Joannes,5,5,0,,38,4,0.105,acel aleg alie anoc ceda cerr cien cost
1041ATOD08.html,3,Domingo de la 8ª semana de Tiempo Ordinario,segunda lectura,"1 Co 4,1-5",Ad Corinthios I,5,5,0,,38,4,0.105,absu admi alab ante aora busc cedo conc
1048ATOD15.html,1,Domingo de la 15ª semana de Tiempo Ordinario,primera lectura,"Is 55,10-11",Isaias,2,2,0,,19,2,0.105,acer baia ciel cump desp empa enca fecu
2002BAVD02.html,3,Domingo 2º de Adviento,segunda lectura,"2 P 3,8-14",Petri II,7,7,0,,57,6,0.105,abra acon algu apre ceri ciel cier conf
2031TFDOPE.html,13,Domingo de Pentecostés,evangelio,"Jn 20,19-23",Joannes,5,5,0,,38,4,0.105,acel aleg alie anoc ceda cerr cien cost
3054CTOD21.html,3,Domingo de la 21ª semana de Tiempo Ordinario,segunda lectura,"Hb 12,5-7.11-13",Ad Hebræos,6,6,0,,38,4,0.105,abei acep cami cuan cura debi desp dier
3066CTOD33.html,1,Domingo de la 33ª semana de Tiempo Ordinario,primera lectura,"Ml 3,19-20a",Malachias,2,2,0,,19,2,0.105,ardi ceda cema eier elos ilum lega leua
4085ITOL15.html,2,Lunes de la 15ª semana de Tiempo Ordinario,salmo responsorial,"Sal 123,1-3.4-6.7-8",Psalmi,8,8,0,,38,4,0.105,abri agua ardi arro asal asta auxi bend
4086ITOM15.html,2,Martes de la 15ª semana de Tiempo Ordinario,salmo responsorial,"Sal 68,3.14.30-31.33-34",Psalmi,6,6,0,,38,4,0.105,acci acer aiud alab aleg arra bond busc
4140ITOM24.html,1,Martes de la 24ª semana de Tiempo Ordinario,primera lectura,"1 Tm 3,1-13",Ad Timotheum I,13,13,0,,76,8,0.105,abil acer adem afic agre aian amig aspi
4171ITOX29.html,2,Miércoles de la 29ª semana de Tiempo Ordinario,salmo responsorial,"Sal 123,1-3.4-6.7-8",Psalmi,8,8,0,,38,4,0.105,abri agua ardi arro asal asta auxi bend
4209PTOV01.html,2,Viernes de la 1ª semana de Tiempo Ordinario,salmo responsorial,"Sal 88,16-17.18-19",Psalmi,4,4,0,,19,2,0.105,acla cami dico escu fauo fuer nomb nues
4216PTOS02.html,1,Sábado de la 2ª semana de Tiempo Ordinario,primera lectura,"2 S 1,1-4.11-12.19.23-27",Regum II,12,12,0,,76,8,0.105,abia abid acel acom agar agui aiun altu
4268PTOJ11.html,2,Jueves de la 11ª semana de Tiempo Ordinario,salmo responsorial,"Sal 96,1-2.3-4.5-6.7",Psalmi,7,7,0,,38,4,0.105,abra aleg auan ciel cont dela dere derr
4335PTOV22.html,1,Viernes de la 22ª semana de Tiempo Ordinario,primera lectura,"1 Co 4,1-5",Ad Corinthios I,5,5,0,,38,4,0.105,absu admi alab ante aora busc cedo conc
4356PTOM26.html,2,Martes de la 26ª semana de Tiempo Ordinario,salmo responsorial,"Sal 87,2-3.4-5.6.7-8",Psalmi,7,7,0,,38,4,0.105,abis arra asta auxi baia bord caid cole
4368PTOM28.html,1,Martes de la 28ª semana de Tiempo Ordinario,primera lectura,"Ga 5,1-6",Ad Galatas,6,6,0,,38,4,0.105,abei acti afir agua ambi busc caid cuen
7046TCUM01.html,1,Martes de la 1ª semana de Cuaresma,primera lectura,"Is 55,10-11",Isaias,2,2,0,,19,2,0.105,acer baia ciel cump desp empa enca fecu
7069TCUV04.html,4,Viernes de la 4ª semana de Cuaresma,evangelio,"Jn 7,1-2.10.25-30",Joannes,9,9,0,,57,6,0.105,abia abie abla acel acer agar algu anda
2014BCUD01.html,3,Primer domingo de Cuaresma,segunda lectura,"1 P 3,18-22",Petri I,5,5,0,,47,5,0.106,abia acel actu agua auto baut ceri ciel
2046BTOD13.html,5,Domingo de la 13ª semana de Tiempo Ordinario,evangelio,"Mc 5,21-43",Marcus,23,23,0,,113,12,0.106,abia abla ablo acel acer acia acom albo
4020ITOM04.html,4,Martes de la 4ª semana de Tiempo Ordinario,evangelio,"Mc 5,21-43",Marcus,23,23,0,,113,12,0.106,abia abla ablo acel acer acia acom albo
4029ITOV05.html,4,Viernes de la 5ª semana de Tiempo Ordinario,evangelio,"Mc 7,31-37",Marcus,7,7,0,,47,5,0.106,abla abre abri acel adem apar apen asom
4204ITOS34.html,1,Sábado de la 34ª semana de Tiempo Ordinario,primera lectura,"Dn 7,15-27",Daniel,13,13,0,,94,10,0.106,abra acel acer agit anci anic asta blas
4224PTOM04.html,4,Martes de la 4ª semana de Tiempo Ordinario,evangelio,"Mc 5,21-43",Marcus,23,23,0,,113,12,0.106,abia abla ablo acel acer acia acom albo
4233PTOV05.html,4,Viernes de la 5ª semana de Tiempo Ordinario,evangelio,"Mc 7,31-37",Marcus,7,7,0,,47,5,0.106,abla abre abri acel adem apar apen asom
7006TAVS01.html,1,Sábado de la 1ª semana de Adviento,primera lectura,"Is 30,19-21.23-26",Isaias,7,7,0,,66,7,0.106,abra acel anca apen apia ardi asno auen
1060ATOD27.html,5,Domingo de la 27ª semana de Tiempo Ordinario,evangelio,"Mt 21,33-43",Matthæus,11,11,0,,75,8,0.107,abei abia acel agar aora apal aped arci
1062ATOD29.html,1,Domingo de la 29ª semana de Tiempo Ordinario,primera lectura,"Is 45,1.4-6",Isaias,4,4,0,,28,3,0.107,abri aunc bati cerr cien cint cono desc
2050BTOD17.html,1,Domingo de la 17ª semana de Tiempo Ordinario,primera lectura,"2 R 4,42-44",Regum IV,3,3,0,,28,3,0.107,abia acel alfo ceba coma comi cria dase
3001CAVD01.html,5,Domingo 1º de Adviento,evangelio,"Lc 21,25-28.34-36",Lucas,7,7,0,,56,6,0.107,abit abra acel acer agob alie alza angu
3028CPAD06.html,2,Sexto domingo de Pascua,salmo responsorial,"Sal 66,2-3.5.6.8",Psalmi,5,5,0,,28,3,0.107,alab aleg alel asta bend cami cant cono
4008ITOM02.html,2,Martes de la 2ª semana de Tiempo Ordinario,salmo responsorial,"Sal 110,1-2.4-5.9.10c",Psalmi,6,6,0,,28,3,0.107,alab alia alim asam clem comp cora dign
4023ITOV04.html,2,Viernes de la 4ª semana de Tiempo Ordinario,salmo responsorial,"Sal 26,1.3.5.8b-9abc",Psalmi,5,5,0,,28,3,0.107,acam alza auxi busc cien cont cora defe
4031ITOL06.html,2,Lunes de la 6ª semana de Tiempo Ordinario,salmo responsorial,"Sal 49,1.8.16bc-17.20-21",Psalmi,6,6,0,,28,3,0.107,abla aces acus cala conu cree deso dete
4059ITOV10.html,4,Viernes de la 10ª semana de Tiempo Ordinario,evangelio,"Mt 5,27-32",Matthæus,6,6,0,,28,3,0.107,abei acel casa come cort dere dese disc
4063ITOX11.html,2,Miércoles de la 11ª semana de Tiempo Ordinario,salmo responsorial,"Sal 111,1-2.3-4.9",Psalmi,5,5,0,,28,3,0.107,abra abun alza bend bril cari cien clem
4137ITOV23.html,4,Viernes de la 23ª semana de Tiempo Ordinario,evangelio,"Lc 6,39-42",Lucas,4,4,0,,28,3,0.107,acas acel apre cera cieg clar cuan deci
4159ITOX27.html,2,Miércoles de la 27ª semana de Tiempo Ordinario,salmo responsorial,"Sal 85,3-4.5-6.9-10",Psalmi,6,6,0,,28,3,0.107,aces acia aleg atie bend buen clem escu
4263PTOV10.html,4,Viernes de la 10ª semana de Tiempo Ordinario,evangelio,"Mt 5,27-32",Matthæus,6,6,0,,28,3,0.107,abei acel casa come cort dere dese disc
4341PTOV23.html,4,Viernes de la 23ª semana de Tiempo Ordinario,evangelio,"Lc 6,39-42",Lucas,4,4,0,,28,3,0.107,acas acel apre cera cieg clar cuan deci
4351PTOX25.html,1,Miércoles de la 25ª semana de Tiempo Ordinario,primera lectura,"Pr 30,5-9",Proverbia,5,5,0,,28,3,0.107,acen alei anad blas ceda cien conc cosa
4379PTOL30.html,1,Lunes de la 30ª semana de Tiempo Ordinario,primera lectura,"Ef 4,32—5,8",Ad Ephesios,,9,,,56,6,0.107,abla alab aora argu atre buen caba cabe
7041TFMICE.html,2,Miércoles de Ceniza,salmo responsorial,"Sal 50,3-4.5-6a.12-13.14.17",Psalmi,8,8,0,,28,3,0.107,abor arro bond borr cite come comp culp
7083TOCPAM.html,1,Martes de la octava de Pascua,primera lectura,"Hch 2,36-41",Actus Apostolorum,6,6,0,,56,6,0.107,acel acep acer adem agre aunc baut cien
7102TPAX04.html,2,Miércoles de la cuarta semana de Pascua,salmo responsorial,"Sal 66,2-3.5.6.8",Psalmi,5,5,0,,28,3,0.107,alab aleg alel asta bend cami cant cono
1048ATOD15.html,5,Domingo de la 15ª semana de Tiempo Ordinario,evangelio,"Mt 13,1-23",Matthæus,23,23,0,,102,11,0.108,abla ablo abra acel acep acer acud afan
1059ATOD26.html,6,Domingo de la 26ª semana de Tiempo Ordinario,evangelio,"Mt 21,28-32",Matthæus,5,5,0,,37,4,0.108,acel acer anci aseg camb cami ceri cien
1064ATOD31.html,1,Domingo de la 31ª semana de Tiempo Ordinario,primera lectura,"Ml 1,14b—2,2b.8-10",Malachias,,6,,,37,4,0.108,abei aber alia aora apar apli cami eier
2003BAVD03.html,1,Domingo 3º de Adviento,primera lectura,"Is 61,1-2a.10-11",Isaias,4,4,0,,37,4,0.108,ador aleg amni brot buen caut desb desg
4082ITOJ14.html,1,Jueves de la 14ª semana de Tiempo Ordinario,primera lectura,"Gn 44,18-21.23b-29.45,1-5",Genesis,16,16,0,,83,9,0.108,aber abia abla acel acer ador algu anci
4307PTOL18.html,6,Lunes de la 18ª semana de Tiempo Ordinario,evangelio,"Mt 14,22-36",Matthæus,15,15,0,,74,8,0.108,acel acer acia adel agar amai anda anim
7014TAVM03.html,4,Martes de la 3ª semana de Adviento,evangelio,"Mt 21,28-32",Matthæus,5,5,0,,37,4,0.108,acel acer anci aseg camb cami ceri cien
7079TMSESA.html,4,Martes santo,evangelio,"Jn 13,21-33.36-38",Joannes,16,16,0,,83,9,0.108,acel acer acom aias algu amab ante aora
7090TPAX02.html,1,Miércoles de la segunda semana de Pascua,primera lectura,"Hch 5,17-26",Actus Apostolorum,10,10,0,,65,7,0.108,abia abri acel aman anci aped atin auis
1003AAVD03.html,5,Domingo 3º de Adviento,evangelio,"Mt 11,2-11",Matthæus,10,10,0,,46,5,0.109,abia abit abla acel anun aseg aunc baut
1039ATOD06.html,5,Domingo de la 6ª semana de Tiempo Ordinario,evangelio,"Mt 5,17-37",Matthæus,21,21,0,,119,13,0.109,abei abol abso acel acue aias algu ante
1063ATOD30.html,3,Domingo de la 30ª semana de Tiempo Ordinario,segunda lectura,"1 Ts 1,5c-10",Ad Thessalonicenses I,6,6,0,,55,6,0.109,aban abia acog actu agua aleg cast ciel
2056BTOD23.html,5,Domingo de la 23ª semana de Tiempo Ordinario,evangelio,"Mc 7,31-37",Marcus,7,7,0,,46,5,0.109,abla abre abri acel adem apar apen asom
4136ITOJ23.html,1,Jueves de la 23ª semana de Tiempo Ordinario,primera lectura,"Col 3,12-17",Ad Colossenses,6,6,0,,55,6,0.109,abei aced actu agra algu amad arbi bond
4172ITOJ29.html,1,Jueves de la 29ª semana de Tiempo Ordinario,primera lectura,"Rm 6,19-23",Ad Romanos,5,5,0,,46,5,0.109,acab adap ante aora auer camb cedi cier
4213PTOX02.html,1,Miércoles de la 2ª semana de Tiempo Ordinario,primera lectura,"1 S 17,32-33.37.40-51",Regum I,15,15,0,,92,10,0.109,abai acel acer acia agar arma arra arri
7073TCUM05.html,4,Martes de la 5ª semana de Cuaresma,evangelio,"Jn 8,21-30",Joannes,10,10,0,,55,6,0.109,abai abla ablo acel agra apre arri busc
7079TMSESA.html,1,Martes santo,primera lectura,"Is 49,1-6",Isaias,6,6,0,,55,6,0.109,abla afil alca alia aora asta aten brun
7056TCUS02.html,4,Sábado de la 2ª semana de Cuaresma,evangelio,"Lc 15,1-3.11-32",Lucas,25,25,0,,127,14,0.11,abia abit acel acer acog adon aleg alga
1002AAVD02.html,4,Domingo 2º de Adviento,aleluya,"Lc 3,4.6",Lucas,2,2,0,,9,1,0.111,alan cami ombr prep send seno todo uera
1010SMMDD.html,2,1 de Enero Octava de la Natividad del Señor Santa María Madre de Dios,salmo responsorial,"Sal 66,2-3.5.6.8",Psalmi,5,5,0,,27,3,0.111,alab aleg asta bend cami cant cono gobi
1016ACUD03.html,2,Tercer domingo de Cuaresma,salmo responsorial,"Sal 94,1-2.6-7.8-9",Psalmi,6,6,0,,36,4,0.111,abia acla aunc bend cora crea cuan dand
1018ACUD05.html,1,Quinto domingo de Cuaresma,primera lectura,"Ez 37,12-14",Ezechiel,3,3,0,,18,2,0.111,abri colo cuan espi infu mism orac pueb
1037ATOD04.html,1,Domingo de la 4ª semana de Tiempo Ordinario,primera lectura,"So 2,3.3,12-13",Sophonias,3,3,0,,27,3,0.111,alar busc ciza come conf cump deia embu
1041ATOD08.html,4,Domingo de la 8ª semana de Tiempo Ordinario,aleluya,"Hb 4,12",Ad Hebræos,1,1,0,,9,1,0.111,alel alte cora dese efic iuzg pala uers
1051ATOD18.html,5,Domingo de la 18ª semana de Tiempo Ordinario,evangelio,"Mt 14,13-21",Matthæus,9,9,0,,63,7,0.111,acel acer alde apar asta barc baut bend
1053ATOD20.html,2,Domingo de la 20ª semana de Tiempo Ordinario,salmo responsorial,"Sal 66,2-3.5.6.8",Psalmi,5,5,0,,27,3,0.111,alab aleg asta bend cami cant cono gobi
1054ATOD21.html,3,Domingo de la 21ª semana de Tiempo Ordinario,segunda lectura,"Rm 11,33-36",Ad Romanos,4,4,0,,18,2,0.111,abis cami cien cono deci deuu gene inso
1056ATOD23.html,2,Domingo de la 23ª semana de Tiempo Ordinario,salmo responsorial,"Sal 94,1-2.6-7.8-9",Psalmi,6,6,0,,36,4,0.111,abia acla aunc bend cora crea cuan dand
1057ATOD24.html,4,Domingo de la 24ª semana de Tiempo Ordinario,aleluya,"Jn 13,34",Joannes,1,1,0,,9,1,0.111,alel alte amad amei nueu otro seno uers
1062ATOD29.html,4,Domingo de la 29ª semana de Tiempo Ordinario,aleluya,"Flp 2,15d.16a",Ad Philippenses,2,2,0,,9,1,0.111,alel alte bril lumb most razo uers uiui
1066ATOD33.html,3,Domingo de la 33ª semana de Tiempo Ordinario,segunda lectura,"1 Ts 5,1-6",Ad Thessalonicenses I,6,6,0,,36,4,0.111,circ cuan dema desp dici durm enci ento
2010SMMDD.html,2,1 de Enero Octava de la Natividad del Señor Santa María Madre de Dios,salmo responsorial,"Sal 66,2-3.5.6.8",Psalmi,5,5,0,,27,3,0.111,alab aleg asta bend cami cant cono gobi
2016BCUD03.html,2,Tercer domingo de Cuaresma,primera lectura,"Ex 20,1-3.7-8.12-17",Exodus,11,11,0,,36,4,0.111,acel adul bien cien codi come dara deia
2016BCUD03.html,6,Tercer domingo de Cuaresma,evangelio,"Jn 2,13-25",Joannes,13,13,0,,72,8,0.111,abia abla acer acia acie acor azot buei
2016BCUD03.html,2,Tercer domingo de Cuaresma,salmo responsorial,"Sal 94,1-2.6-7.8-9",Psalmi,6,6,0,,36,4,0.111,abia acla aunc bend cora crea cuan dand
2018BCUD05.html,1,Quinto domingo de Cuaresma,primera lectura,"Ez 37,12-14",Ezechiel,3,3,0,,18,2,0.111,abri colo cuan espi infu mism orac pueb
2022BVIPAS.html,17,Vigilia Pascual,salmo responsorial,"Sal 41,3.5bcd.42,3.4",Psalmi,4,4,0,,27,3,0.111,acer acia alab aleg asta buli cabe cant
2037BTOD04.html,2,Domingo de la 4ª semana de Tiempo Ordinario,salmo responsorial,"Sal 94,1-2.6-7.8-9",Psalmi,6,6,0,,36,4,0.111,abia acla aunc bend cora crea cuan dand
2050BTOD17.html,2,Domingo de la 17ª semana de Tiempo Ordinario,salmo responsorial,"Sal 144,10-11.15-16.17-18",Psalmi,6,6,0,,27,3,0.111,able abre acci agua azan bend bond cami
2061BTOD28.html,3,Domingo de la 28ª semana de Tiempo Ordinario,segunda lectura,"Hb 4,12-13",Ad Hebræos,2,2,0,,27,3,0.111,acel asta cien coiu cora cria cuen desc
3010SMMDD.html,2,1 de Enero Octava de la Natividad del Señor Santa María Madre de Dios,salmo responsorial,"Sal 66,2-3.5.6.8",Psalmi,5,5,0,,27,3,0.111,alab aleg asta bend cami cant cono gobi
3016CCUD03.html,2,Tercer domingo de Cuaresma,salmo responsorial,"Sal 94,1-2.6-7.8-9",Psalmi,6,6,0,,36,4,0.111,abia acla aunc bend cora crea cuan dand
3017CCUD04.html,5,Cuarto domingo de Cuaresma,evangelio,"Lc 15,1-3.11-32",Lucas,25,25,0,,126,14,0.111,abia abit acel acer acog aleg alga ambr
3018CCUD05.html,1,Quinto domingo de Cuaresma,primera lectura,"Ez 37,12-14",Ezechiel,3,3,0,,18,2,0.111,abri colo cuan espi infu mism orac pueb
3022AVIPAS.html,17,Vigilia Pascual,salmo responsorial,"Sal 41,3.5bcd.42,3.4",Psalmi,4,4,0,,27,3,0.111,acer acia alab aleg asta buli cabe cant
3027CPAD05.html,5,Quinto domingo de Pascua,evangelio,"Jn 13,31-33a.34-35",Joannes,5,5,0,,27,3,0.111,amad amai amao amei aora ceda cena cono
3040CTOD07.html,4,Domingo de la 7ª semana de Tiempo Ordinario,aleluya,"Jn 13,34",Joannes,1,1,0,,9,1,0.111,alel alte amad amei nueu otro seno uers
3041CTOD08.html,4,Domingo de la 8ª semana de Tiempo Ordinario,aleluya,"Flp 2,15d.16a",Ad Philippenses,2,2,0,,9,1,0.111,alel alte bril lumb most razo uers uiui
3055CTOD22.html,4,Domingo de la 22ª semana de Tiempo Ordinario,aleluya,"Mt 11,29ab",Matthæus,1,1,0,,9,1,0.111,alel alte apre carg cora mans seno uers
3058CTOD25.html,2,Domingo de la 25ª semana de Tiempo Ordinario,salmo responsorial,"Sal 112,1-2.4-6.7-8",Psalmi,7,7,0,,27,3,0.111,abai alab aora basu bend ciel cien desu
3060CTOD27.html,2,Domingo de la 27ª semana de Tiempo Ordinario,salmo responsorial,"Sal 94,1-2.6-7.8-9",Psalmi,6,6,0,,36,4,0.111,abia acla aunc bend cora crea cuan dand
3060CTOD27.html,4,Domingo de la 27ª semana de Tiempo Ordinario,aleluya,"1 P 1,25",Petri I,1,1,0,,9,1,0.111,alel alte anun pala perm seno siem uers
3062CTOD29.html,4,Domingo de la 29ª semana de Tiempo Ordinario,aleluya,"Hb 4,12",Ad Hebræos,1,1,0,,9,1,0.111,alel alte cora dese efic iuzg pala uers
3065CTOD32.html,2,Domingo de la 32ª semana de Tiempo Ordinario,salmo responsorial,"Sal 16,1.5-6.8.15",Psalmi,5,5,0,,27,3,0.111,apel atie cami desp enga esco escu estu
3066CTOD33.html,4,Domingo de la 33ª semana de Tiempo Ordinario,aleluya,"Lc 21,28",Lucas,1,1,0,,9,1,0.111,acer alel alte alza cabe libe uers uues
3066CTOD33.html,5,Domingo de la 33ª semana de Tiempo Ordinario,evangelio,"Lc 21,5-19",Lucas,15,15,0,,99,11,0.111,abra aced acel acer algu alma alza ambr
4008ITOM02.html,3,Martes de la 2ª semana de Tiempo Ordinario,aleluya,"Ef 1,17-18",Ad Ephesios,2,2,0,,9,1,0.111,comp cora espe iesu lama nues padr seno
4019ITOL04.html,2,Lunes de la 4ª semana de Tiempo Ordinario,salmo responsorial,"Sal 30,20.21.22.23.24",Psalmi,5,5,0,,36,4,0.111,acog amur ansi arro asil bend bond ciud
4027ITOX05.html,4,Miércoles de la 5ª semana de Tiempo Ordinario,evangelio,"Mc 7,14-23",Marcus,10,10,0,,54,6,0.111,acel acen acer alim codi comp cora cuan
4033ITOX06.html,3,Miércoles de la 6ª semana de Tiempo Ordinario,aleluya,"Ef 1,17-18",Ad Ephesios,2,2,0,,9,1,0.111,comp cora espe iesu lama nues padr seno
4045ITOX08.html,2,Miércoles de la 8ª semana de Tiempo Ordinario,salmo responsorial,"Sal 78,8.9.11.13",Psalmi,4,4,0,,36,4,0.111,agot alab alca braz caus caut cond cont
4050ITOM09.html,3,Martes de la 9ª semana de Tiempo Ordinario,aleluya,"Ef 1,17-18",Ad Ephesios,2,2,0,,9,1,0.111,comp cora espe iesu lama nues padr seno
4060ITOS10.html,2,Sábado de la 10ª semana de Tiempo Ordinario,salmo responsorial,"Sal 102,1-2.3-4.8-9.11-12",Psalmi,8,8,0,,36,4,0.111,acus alei bend bond ciel clem colm comp
4078ITOS13.html,4,Sábado de la 13ª semana de Tiempo Ordinario,evangelio,"Mt 9,14-17",Matthæus,4,4,0,,36,4,0.111,acel acer aiun camb cosa derr elos ento
4084ITOS14.html,3,Sábado de la 14ª semana de Tiempo Ordinario,aleluya,"1 P 4,14",Petri I,1,1,0,,9,1,0.111,dico espi nomb porc repo sobr ultr uoso
4106ITOJ18.html,2,Jueves de la 18ª semana de Tiempo Ordinario,salmo responsorial,"Sal 94,1-2.6-7.8-9",Psalmi,6,6,0,,36,4,0.111,abia acla aunc bend cora crea cuan dand
4113ITOV19.html,2,Viernes de la 19ª semana de Tiempo Ordinario,salmo responsorial,"Sal 135,1-3.16-18.21-22.24",Psalmi,9,9,0,,18,2,0.111,buen desi famo grac irio libr muer nues
4115ITOL20.html,2,Lunes de la 20ª semana de Tiempo Ordinario,salmo responsorial,"Sal 105,34-35.36-37.39-40.43ab.44",Psalmi,8,8,0,,36,4,0.111,abia abor acci acti ador angu caie cost
4159ITOX27.html,4,Miércoles de la 27ª semana de Tiempo Ordinario,evangelio,"Lc 11,1-4",Lucas,4,4,0,,27,3,0.111,cier cuan dano deci deie ense esta iesu
4181ITOL31.html,4,Lunes de la 31ª semana de Tiempo Ordinario,evangelio,"Lc 14,12-14",Lucas,3,3,0,,27,3,0.111,abia acel amig banc ceda cieg coio comi
4183ITOX31.html,3,Miércoles de la 31ª semana de Tiempo Ordinario,aleluya,"1 P 4,14",Petri I,1,1,0,,9,1,0.111,dico espi nomb porc repo sobr ultr uoso
4195ITOX33.html,2,Miércoles de la 33ª semana de Tiempo Ordinario,salmo responsorial,"Sal 16,1.5-6.8ab.15",Psalmi,5,5,0,,27,3,0.111,apel atie cami desp enga esco escu estu
4212PTOM02.html,3,Martes de la 2ª semana de Tiempo Ordinario,aleluya,"Ef 1,17-18",Ad Ephesios,2,2,0,,9,1,0.111,comp cora espe iesu lama nues padr seno
4217PTOL03.html,2,Lunes de la 3ª semana de Tiempo Ordinario,salmo responsorial,"Sal 88,20.21-22.25-26",Psalmi,5,5,0,,27,3,0.111,abla acom amig asta braz ceni coro crec
4231PTOX05.html,4,Miércoles de la 5ª semana de Tiempo Ordinario,evangelio,"Mc 7,14-23",Marcus,10,10,0,,54,6,0.111,acel acen acer alim codi comp cora cuan
4237PTOX06.html,3,Miércoles de la 6ª semana de Tiempo Ordinario,aleluya,"Ef 1,17-18",Ad Ephesios,2,2,0,,9,1,0.111,comp cora espe iesu lama nues padr seno
4240PTOS06.html,1,Sábado de la 6ª semana de Tiempo Ordinario,primera lectura,"St 3,1-10",Jacobi,10,10,0,,81,9,0.111,abla alar anim azan barc bend boca caba
4245PTOV07.html,2,Viernes de la 7ª semana de Tiempo Ordinario,salmo responsorial,"Sal 102,1-2.3-4.8-9.11-12",Psalmi,8,8,0,,36,4,0.111,acus alei bend bond ciel clem colm comp
4254PTOM09.html,3,Martes de la 9ª semana de Tiempo Ordinario,aleluya,"Ef 1,17-18",Ad Ephesios,2,2,0,,9,1,0.111,comp cora espe iesu lama nues padr seno
4282PTOS13.html,4,Sábado de la 13ª semana de Tiempo Ordinario,evangelio,"Mt 9,14-17",Matthæus,4,4,0,,36,4,0.111,acel acer aiun camb cosa derr elos ento
4288PTOS14.html,3,Sábado de la 14ª semana de Tiempo Ordinario,aleluya,"1 P 4,14",Petri I,1,1,0,,9,1,0.111,dico espi nomb porc repo sobr ultr uoso
4302PTOM17.html,2,Martes de la 17ª semana de Tiempo Ordinario,salmo responsorial,"Sal 78,8.9.11.13",Psalmi,4,4,0,,36,4,0.111,agot alab alca braz caus caut cond cont
4307PTOL18.html,4,Lunes de la 18ª semana de Tiempo Ordinario,evangelio,"Mt 14,13-21",Matthæus,9,9,0,,63,7,0.111,acel acer alde apar asta barc baut bend
4336PTOS22.html,2,Sábado de la 22ª semana de Tiempo Ordinario,salmo responsorial,"Sal 144,17-18.19-20.21",Psalmi,5,5,0,,27,3,0.111,acci alab bend bond cami cerc dese dest
4338PTOM23.html,2,Martes de la 23ª semana de Tiempo Ordinario,salmo responsorial,"Sal 149,1-2.3-4.5-6a.9b",Psalmi,7,7,0,,27,3,0.111,ador alab aleg asam cita crea danz fest
4363PTOX27.html,4,Miércoles de la 27ª semana de Tiempo Ordinario,evangelio,"Lc 11,1-4",Lucas,4,4,0,,27,3,0.111,cier cuan dano deci deie ense esta iesu
4385PTOL31.html,4,Lunes de la 31ª semana de Tiempo Ordinario,evangelio,"Lc 14,12-14",Lucas,3,3,0,,27,3,0.111,abia acel amig banc ceda cieg coio comi
4387PTOX31.html,3,Miércoles de la 31ª semana de Tiempo Ordinario,aleluya,"1 P 4,14",Petri I,1,1,0,,9,1,0.111,dico espi nomb porc repo sobr ultr uoso
7034TF07EN.html,2,7 de enero,salmo responsorial,"Sal 149,1-2.3-4.5-6a.9b",Psalmi,7,7,0,,27,3,0.111,ador alab aleg asam cita crea danz fest
7051TCUL02.html,2,Lunes de la 2ª semana de Cuaresma,salmo responsorial,"Sal 78,8.9.11.13",Psalmi,4,4,0,,36,4,0.111,agot alab alca braz caus caut cond cont
7057MLCU03.html,2,Misa de libre elección: tercera semana de Cuaresma,salmo responsorial,"Sal 94,1-2.6-7.8-9",Psalmi,6,6,0,,36,4,0.111,abia acla aunc bend cora crea cuan dand
7061TCUJ03.html,2,Jueves de la 3ª semana de Cuaresma,salmo responsorial,"Sal 94,1-2.6-7.8-9",Psalmi,6,6,0,,36,4,0.111,abia acla aunc bend cora crea cuan dand
7065TCUL04.html,1,Lunes de la 4ª semana de Cuaresma,primera lectura,"Is 65,17-21",Isaias,5,5,0,,36,4,0.111,abra adul alca aleg casa ciel colm cons
7088TPAL02.html,3,Lunes de la segunda semana de Pascua,aleluya,"Col 3,1",Ad Colossenses,1,1,0,,9,1,0.111,abei arri bien busc dere dond resu sent
7093TPAS02.html,4,Sábado de la segunda semana de Pascua,evangelio,"Jn 6,16-21",Joannes,6,6,0,,36,4,0.111,abia acer acia alca asus atra baia barc
7117TPAS06.html,4,Sábado de la sexta semana de Pascua,evangelio,"Jn 16,23b-28",Joannes,6,6,0,,27,3,0.111,abei abla acel aleg aora aseg asta cere
7124Textos_comunes.html,9,TEXTOS COMUNES PARA EL CANTO DEL SALMO RESPONSORIAL,salmo responsorial,"Sal 65,1-3a.4-5.6-7a.16.20",Psalmi,9,9,0,,36,4,0.111,acla aleg alel asce atra bend conm cont
4086ITOM15.html,1,Martes de la 15ª semana de Tiempo Ordinario,primera lectura,"Ex 2,1-15a",Exodus,15,15,0,,89,10,0.112,abia abri acel aren asus bana barr busc
1003AAVD03.html,1,Domingo 3º de Adviento,primera lectura,"Is 35,1-6a.10",Isaias,7,7,0,,53,6,0.113,abri afli aleg alei bele cabe cant cieg
1049ATOD16.html,6,Domingo de la 16ª semana de Tiempo Ordinario,evangelio,"Mt 13,24-30",Matthæus,7,7,0,,53,6,0.113,acel alma apar arra asta atad buen camp
3039CTOD06.html,5,Domingo de la 6ª semana de Tiempo Ordinario,evangelio,"Lc 6,17.20-26",Lucas,8,8,0,,53,6,0.113,abla acel acia aleg ambr aora arei caus
4083ITOV14.html,4,Viernes de la 14ª semana de Tiempo Ordinario,evangelio,"Mt 10,16-23",Matthæus,8,8,0,,62,7,0.113,abla able acel ante apos aran arre aseg
4096ITOS16.html,4,Sábado de la 16ª semana de Tiempo Ordinario,evangelio,"Mt 13,24-30",Matthæus,7,7,0,,53,6,0.113,acel alma apar arra asta atad buen camp
4102ITOS17.html,4,Sábado de la 17ª semana de Tiempo Ordinario,evangelio,"Mt 14,1-12",Matthæus,12,12,0,,62,7,0.113,abia acel actu aiud aora band baut cabe
4287PTOV14.html,4,Viernes de la 14ª semana de Tiempo Ordinario,evangelio,"Mt 10,16-23",Matthæus,8,8,0,,62,7,0.113,abla able acel ante apos aran arre aseg
4300PTOS16.html,4,Sábado de la 16ª semana de Tiempo Ordinario,evangelio,"Mt 13,24-30",Matthæus,7,7,0,,53,6,0.113,acel alma apar arra asta atad buen camp
4306PTOS17.html,4,Sábado de la 17ª semana de Tiempo Ordinario,evangelio,"Mt 14,1-12",Matthæus,12,12,0,,62,7,0.113,abia acel actu aiud aora band baut cabe
4320PTOM20.html,1,Martes de la 20ª semana de Tiempo Ordinario,primera lectura,"Ez 28,1-10",Ezechiel,10,10,0,,53,6,0.113,aber abil acre acum agud apun ases barb
4332PTOM22.html,1,Martes de la 22ª semana de Tiempo Ordinario,primera lectura,"1 Co 2,10b-16",Ad Corinthios I,7,7,0,,53,6,0.113,camb capa capt cien conc cono crit cuan
7044TFSACE.html,1,Sábado después de Cenizas,primera lectura,"Is 58,9b-14",Isaias,6,6,0,,62,7,0.113,abla agua alim ambr anta asen asun brec
7061TCUJ03.html,4,Jueves de la 3ª semana de Cuaresma,evangelio,"Lc 11,14-23",Lucas,10,10,0,,62,7,0.113,ablo acel algu apen asal belz bien boti
1028APAD06.html,2,Sexto domingo de Pascua,salmo responsorial,"Sal 65,1-3a.4-5.6-7a.16.20",Psalmi,9,9,0,,35,4,0.114,acla aleg alel atra bend conm cont deci
1028APAD06.html,3,Séptimo domingo de Pascua,evangelio,"Jn 17,1-11a",Joannes,11,11,0,,44,5,0.114,acel ante aora cerc ciel comu conf cono
1030APAD07.html,5,Séptimo domingo de Pascua,evangelio,"Jn 17,1-11a",Joannes,11,11,0,,44,5,0.114,acel ante aora cerc ciel comu conf cono
1038ATOD05.html,5,Domingo de la 5ª semana de Tiempo Ordinario,evangelio,"Mt 5,13-16",Matthæus,4,4,0,,35,4,0.114,acel alum buen cele ciel ciud deba disc
1062ATOD29.html,2,Domingo de la 29ª semana de Tiempo Ordinario,salmo responsorial,"Sal 95,1.3.4-5.7-8.9-10a",Psalmi,8,8,0,,35,4,0.114,acla alab apar ciel cont deci dign entr
2051BTOD18.html,2,Domingo de la 18ª semana de Tiempo Ordinario,salmo responsorial,"Sal 77,3.4bc.23-24.25.54",Psalmi,6,6,0,,35,4,0.114,abia abri adci alab alta apre artu asta
3029CFASCE.html,1,Séptimo domingo de Pascua,primera lectura,"Hch 7,55-60",Actus Apostolorum,6,5,-1,si,44,5,0.114,abal abie acel aped caie capa ciel ciud
3030CPAD07.html,1,Séptimo domingo de Pascua,primera lectura,"Hch 7,55-60",Actus Apostolorum,6,5,-1,si,44,5,0.114,abal abie acel aped caie capa ciel ciud
3041CTOD08.html,3,Domingo de la 8ª semana de Tiempo Ordinario,segunda lectura,"1 Co 15,54-58",Ad Corinthios I,5,5,0,,35,4,0.114,agui ceri cons conu corr cuan cump deia
4038ITOM07.html,2,Martes de la 7ª semana de Tiempo Ordinario,salmo responsorial,"Sal 36,3-4.18-19.27-28.39-40",Psalmi,8,8,0,,35,4,0.114,aban abit acog agos alca ambr apar buen
4056ITOM10.html,4,Martes de la 10ª semana de Tiempo Ordinario,evangelio,"Mt 5,13-16",Matthæus,4,4,0,,35,4,0.114,acel alum buen cele ciel ciud deba disc
4057ITOX10.html,1,Miércoles de la 10ª semana de Tiempo Ordinario,primera lectura,"2 Co 3,4-11",Ad Corinthios II,8,8,0,,44,5,0.114,acel alia apun cadu capa codi cond conf
4083ITOV14.html,2,Viernes de la 14ª semana de Tiempo Ordinario,salmo responsorial,"Sal 36,3-4.18-19.27-28.39-40",Psalmi,8,8,0,,35,4,0.114,aban abit acog agos alca ambr apar buen
4127ITOL22.html,2,Lunes de la 22ª semana de Tiempo Ordinario,salmo responsorial,"Sal 95,1.3.4-5.11-12a.12b-13",Psalmi,7,7,0,,35,4,0.114,acla alab aleg apar arbo bosc ciel cont
4198ITOS33.html,2,Sábado de la 33ª semana de Tiempo Ordinario,salmo responsorial,"Sal 9,2-3.4.6.16.19",Psalmi,6,6,0,,35,4,0.114,aleg apel borr caie cedo cont cora dest
4260PTOM10.html,4,Martes de la 10ª semana de Tiempo Ordinario,evangelio,"Mt 5,13-16",Matthæus,4,4,0,,35,4,0.114,acel alum buen cele ciel ciud deba disc
7011TAVV02.html,4,Viernes de la 2ª semana de Adviento,evangelio,"Mt 11,16-19",Matthæus,4,4,0,,35,4,0.114,abei acel amig bail bebi borr cant cien
7014TAVM03.html,2,Martes de la 3ª semana de Adviento,salmo responsorial,"Sal 33,2-3.6-7.17-18.19.23",Psalmi,8,8,0,,35,4,0.114,abat acog afli alab aleg angu atri auer
7016TAVJ03.html,1,Jueves de la 3ª semana de Adviento,primera lectura,"Is 54,1-10",Isaias,10,10,0,,79,9,0.114,aban abat afre agua aira alar aleg alia
7100TPAL04.html,5,Lunes de la cuarta semana de Pascua,evangelio,"Jn 10,11-18",Joannes,8,8,0,,35,4,0.114,aban abra acel adem asal cita cono duen
7119TPAM07.html,4,Martes de la séptima semana de Pascua,evangelio,"Jn 17,1-11a",Joannes,11,11,0,,44,5,0.114,acel ante aora cerc ciel comu conf cono
1051ATOD18.html,2,Domingo de la 18ª semana de Tiempo Ordinario,salmo responsorial,"Sal 144,8-9.15-16.17-18",Psalmi,6,6,0,,26,3,0.115,abre acci agua bond buen cami cari cerc
1058ATOD25.html,2,Domingo de la 25ª semana de Tiempo Ordinario,salmo responsorial,"Sal 144,2-3.8-9.17-18",Psalmi,6,6,0,,26,3,0.115,acci alab bend bond buen cami cari cerc
2042BTOD09.html,1,Domingo de la 9ª semana de Tiempo Ordinario,primera lectura,"Dt 5,12-15",Deuteronomium,4,4,0,,26,3,0.115,acer algu arei braz ciud dedi desc dura
2050BTOD17.html,3,Domingo de la 17ª semana de Tiempo Ordinario,segunda lectura,"Ef 4,1-6",Ad Ephesios,6,6,0,,26,3,0.115,abei amab ande baut comp conu cuer erma
2055BTOD22.html,2,Domingo de la 22ª semana de Tiempo Ordinario,salmo responsorial,"Sal 14,2-3a.3bc-4ab.5",Psalmi,4,4,0,,26,3,0.115,acep calu cont desp difa dine fala impi
2058BTOD25.html,2,Domingo de la 25ª semana de Tiempo Ordinario,salmo responsorial,"Sal 53,3-4.5.6.8",Psalmi,5,5,0,,26,3,0.115,alza atie auxi buen cont dand escu grac
3003CAVD03.html,3,Domingo 3º de Adviento,segunda lectura,"Flp 4,4-7",Ad Philippenses,4,4,0,,26,3,0.115,acci aleg cerc cono cora erma esta grac
3048CTOD15.html,1,Domingo de la 15ª semana de Tiempo Ordinario,primera lectura,"Dt 30,10-14",Deuteronomium,5,5,0,,26,3,0.115,ablo cerc ciel cien codi conu cora cruz
3049CTOD16.html,2,Domingo de la 16ª semana de Tiempo Ordinario,salmo responsorial,"Sal 14,2-3ab.3cd-4ab.5",Psalmi,4,4,0,,26,3,0.115,acep calu cont desp difa dine fala impi
3050CTOD17.html,3,Domingo de la 17ª semana de Tiempo Ordinario,segunda lectura,"Col 2,12-14",Ad Colossenses,3,3,0,,26,3,0.115,abei baut borr circ cito clau cond crei
4059ITOV10.html,2,Viernes de la 10ª semana de Tiempo Ordinario,salmo responsorial,"Sal 115,10-11.15-16.17-18",Psalmi,6,6,0,,26,3,0.115,alab apur cade cuan cues cump deci desg
4068ITOM12.html,2,Martes de la 12ª semana de Tiempo Ordinario,salmo responsorial,"Sal 14,2-3a.3bc-4ab.5",Psalmi,4,4,0,,26,3,0.115,acep calu cont desp difa dine fala impi
4098ITOM17.html,1,Martes de la 17ª semana de Tiempo Ordinario,primera lectura,"Ex 33,7-11.34,5b-9.28",Exodus,11,11,0,,78,9,0.115,abla acel aiud amig apar asta aunc baia
4130ITOJ22.html,1,Jueves de la 22ª semana de Tiempo Ordinario,primera lectura,"Col 1,9-14",Ad Colossenses,6,6,0,,52,6,0.115,agra aleg aume buen capa ceri clas comp
4185ITOV31.html,4,Viernes de la 31ª semana de Tiempo Ordinario,evangelio,"Lc 16,1-8",Lucas,8,8,0,,61,7,0.115,abia acei acel acer admi aora apri astu
4194ITOM33.html,2,Martes de la 33ª semana de Tiempo Ordinario,salmo responsorial,"Sal 3,2-3.4-5.6-7",Psalmi,6,6,0,,26,3,0.115,acam acos alre cabe cont cuan desd desp
4223PTOL04.html,2,Lunes de la 4ª semana de Tiempo Ordinario,salmo responsorial,"Sal 3,2-3.4-5.6-7",Psalmi,6,6,0,,26,3,0.115,acam acos alre cabe cont cuan desd desp
4237PTOX06.html,2,Miércoles de la 6ª semana de Tiempo Ordinario,salmo responsorial,"Sal 14,2-3ab.3cd-4ab.5",Psalmi,4,4,0,,26,3,0.115,acep calu cont desp difa dine fala impi
4284PTOM14.html,2,Martes de la 14ª semana de Tiempo Ordinario,salmo responsorial,"Sal 113,11-12.13-14.15-16.17-18",Psalmi,8,8,0,,26,3,0.115,abla acen anda auxi camb ciel cier cuan
4317PTOV19.html,1,Viernes de la 19ª semana de Tiempo Ordinario,primera lectura,"Ez 16,1-15.60.63",Ezechiel,17,17,0,,104,12,0.115,abri acei acie acor acue afir alia alum
4349PTOL25.html,2,Lunes de la 25ª semana de Tiempo Ordinario,salmo responsorial,"Sal 14,2-3ab.3cd-4ab.5",Psalmi,4,4,0,,26,3,0.115,acep calu cont desp difa dine fala impi
4377PTOV29.html,1,Viernes de la 29ª semana de Tiempo Ordinario,primera lectura,"Ef 4,1-6",Ad Ephesios,6,6,0,,26,3,0.115,abei amab ande baut comp conu cuer erma
4389PTOV31.html,4,Viernes de la 31ª semana de Tiempo Ordinario,evangelio,"Lc 16,1-8",Lucas,8,8,0,,61,7,0.115,abia acei acel acer admi aora apri astu
4398PTOM33.html,2,Martes de la 33ª semana de Tiempo Ordinario,salmo responsorial,"Sal 14,2-3ab.3cd-4ab.5",Psalmi,4,4,0,,26,3,0.115,acep calu cont desp difa dine fala impi
7094TPAL03.html,2,Lunes de la tercera semana de Pascua,salmo responsorial,"Sal 118,23-24.26-27.29-30",Psalmi,6,6,0,,26,3,0.115,alel apar aunc cami decr deli dese ense
3065CTOD32.html,3,Domingo de la 32ª semana de Tiempo Ordinario,segunda lectura,"2 Ts 2,16—3,5",Ad Thessalonicenses II,,7,,,43,5,0.116,amad amei auan buen clas come cora cump
4221PTOV03.html,1,Viernes de la 3ª semana de Tiempo Ordinario,primera lectura,"2 S 11,1-4a.5-10a.13-17",Regum II,15,15,0,,86,10,0.116,abia acos ague alia atar auis azot baia
4030ITOS05.html,4,Sábado de la 5ª semana de Tiempo Ordinario,evangelio,"Mc 8,1-10",Marcus,10,10,0,,60,7,0.117,abia acel adem aiun algu asta bend cami
4120ITOS20.html,1,Sábado de la 20ª semana de Tiempo Ordinario,primera lectura,"Rt 2,1-3.8-11.4,13-17",Ruth,12,12,0,,77,9,0.117,admi aiud alei bend boti buen busc caid
4234PTOS05.html,4,Sábado de la 5ª semana de Tiempo Ordinario,evangelio,"Mc 8,1-10",Marcus,10,10,0,,60,7,0.117,abia acel adem aiun algu asta bend cami
1009AFSAFA.html,3,La Sagrada Familia,segunda lectura,"Col 3,12-21",Ad Colossenses,10,10,0,,68,8,0.118,abei aced actu agra algu amad arbi aspe
1050ATOD17.html,2,Domingo de la 17ª semana de Tiempo Ordinario,salmo responsorial,"Sal 118,57.72.76-77.127-128.129-130",Psalmi,8,8,0,,34,4,0.118,admi alca apre bond cami comp cuan decr
1064ATOD31.html,2,Domingo de la 31ª semana de Tiempo Ordinario,salmo responsorial,"Sal 130,1.2.3",Psalmi,3,3,0,,17,2,0.118,acal alta ambi aora braz capa cora dese
2009BFSAFA.html,3,La Sagrada Familia,segunda lectura,"Col 3,12-21",Ad Colossenses,10,10,0,,68,8,0.118,abei aced actu agra algu amad arbi aspe
2009BFSAFA.html,9,La Sagrada Familia,segunda lectura,"Hb 11,8.11-12.17-19",Ad Hebræos,6,6,0,,51,6,0.118,abia acia adon aspe asta ciel cont cuan
2017BCUD04.html,3,Cuarto domingo de Cuaresma,segunda lectura,"Ef 2,4-10",Ad Ephesios,7,7,0,,34,4,0.118,asig bond buen ciel dedi edad erma esta
2036BTOD03.html,1,Domingo de la 3ª semana de Tiempo Ordinario,primera lectura,"Jon 3,1-5.10",Jonas,6,6,0,,34,4,0.118,abia acel acia aiun arre cami cata ciud
2038BTOD05.html,5,Domingo de la 5ª semana de Tiempo Ordinario,evangelio,"Mc 1,29-39",Marcus,11,11,0,,51,6,0.118,abla acel acer agol alde anoc busc cerc
3009CFSAFA.html,3,La Sagrada Familia,segunda lectura,"Col 3,12-21",Ad Colossenses,10,10,0,,68,8,0.118,abei aced actu agra algu amad arbi aspe
3016CCUD03.html,2,Tercer domingo de Cuaresma,salmo responsorial,"Sal 102,1-2.3-4.6-7.8.11",Psalmi,8,8,0,,34,4,0.118,azan bend bond cami ciel clem colm comp
3032CFSATR.html,1,La Santísima Trinidad,primera lectura,"Pr 8,22-31",Proverbia,10,10,0,,51,6,0.118,abia agua altu aplo apre asen boue ciel
3037CTOD04.html,3,Domingo de la 4ª semana de Tiempo Ordinario,segunda lectura,"1 Co 12,31—13,13",Ad Corinthios I,,14,,,68,8,0.118,abla acab afab agua aleg aora atur cami
3039CTOD06.html,1,Domingo de la 6ª semana de Tiempo Ordinario,primera lectura,"Jr 17,5-8",Jeremias,4,4,0,,34,4,0.118,apar arbo arid bend busc card cien cora
3049CTOD16.html,5,Domingo de la 16ª semana de Tiempo Ordinario,evangelio,"Lc 10,38-42",Lucas,5,5,0,,34,4,0.118,abas acel alde anda asta cita cont cosa
4075ITOX13.html,1,Miércoles de la 13ª semana de Tiempo Ordinario,primera lectura,"Gn 21,5.8-20",Genesis,14,14,0,,68,8,0.118,abia abit abri acab afli agar apar arce
4100ITOJ17.html,1,Jueves de la 17ª semana de Tiempo Ordinario,primera lectura,"Ex 40,16-21.34-38",Exodus,11,11,0,,51,6,0.118,abia acel aius alia alza asta basa camp
4154ITOJ26.html,4,Jueves de la 26ª semana de Tiempo Ordinario,evangelio,"Lc 10,1-12",Lucas,12,12,0,,68,8,0.118,abun acel alfo ande asta bebe camb cami
4164ITOM28.html,2,Martes de la 28ª semana de Tiempo Ordinario,salmo responsorial,"Sal 18,2-3.4-5",Psalmi,4,4,0,,17,2,0.118,able alca asta ciel leng limi mano mens
4182ITOM31.html,2,Martes de la 31ª semana de Tiempo Ordinario,salmo responsorial,"Sal 130,1.2.3",Psalmi,3,3,0,,17,2,0.118,acal alta ambi aora braz capa cora dese
4191ITOV32.html,2,Viernes de la 32ª semana de Tiempo Ordinario,salmo responsorial,"Sal 18,2-3.4-5",Psalmi,4,4,0,,17,2,0.118,able alca asta ciel leng limi mano mens
4202ITOJ34.html,4,Jueves de la 34ª semana de Tiempo Ordinario,evangelio,"Lc 21,20-28",Lucas,9,9,0,,68,8,0.118,abra acel acer alei alie alza angu ansi
4250PTOJ08.html,1,Jueves de la 8ª semana de Tiempo Ordinario,primera lectura,"1 P 2,2-5.9-12",Petri I,8,8,0,,68,8,0.118,abei acen acep acer adci adul ansi ante
4281PTOV13.html,2,Viernes de la 13ª semana de Tiempo Ordinario,salmo responsorial,"Sal 118,2.10.20.30.40.131",Psalmi,6,6,0,,17,2,0.118,ansi busc cami cons cont cora decr dese
4339PTOX23.html,1,Miércoles de la 23ª semana de Tiempo Ordinario,primera lectura,"1 Co 7,25-31",Ad Corinthios I,7,7,0,,51,6,0.118,aces actu aleg apre aunc busc casa ceda
4345PTOX24.html,1,Miércoles de la 24ª semana de Tiempo Ordinario,primera lectura,"1 Co 12,31—13,13",Ad Corinthios I,,14,,,68,8,0.118,abla acab afab agua aleg aora atur cami
4358PTOJ26.html,4,Jueves de la 26ª semana de Tiempo Ordinario,evangelio,"Lc 10,1-12",Lucas,12,12,0,,68,8,0.118,abun acel alfo ande asta bebe camb cami
4372PTOS28.html,2,Sábado de la 28ª semana de Tiempo Ordinario,salmo responsorial,"Sal 8,2-3a.4-5.6-7",Psalmi,6,6,0,,34,4,0.118,acue alab ciel cont crea cuan darl dedo
4385PTOL31.html,2,Lunes de la 31ª semana de Tiempo Ordinario,salmo responsorial,"Sal 130,1.2.3",Psalmi,3,3,0,,17,2,0.118,acal alta ambi aora braz capa cora dese
4401PTOV33.html,1,Viernes de la 33ª semana de Tiempo Ordinario,primera lectura,"Ap 10,8-11",Apocalypsis,4,4,0,,34,4,0.118,abia abie abla acer ante ardo ciel coge
4406PTOJ34.html,4,Jueves de la 34ª semana de Tiempo Ordinario,evangelio,"Lc 21,20-28",Lucas,9,9,0,,68,8,0.118,abra acel acer alei alie alza angu ansi
7028TON731.html,1,31 de diciembre: 7º día de la octava de Navidad.,primera lectura,"1 Jn 2,18-21",Joannis I,4,4,0,,34,4,0.118,abei abri apar cono cuan cuen damo desc
7092TPAV02.html,2,Viernes de la segunda semana de Pascua,salmo responsorial,"Sal 26,1.4.13-14",Psalmi,4,4,0,,17,2,0.118,abit alel anim busc cien cont defe dica
7113TPAM06.html,4,Martes de la sexta semana de Pascua,evangelio,"Jn 16,5-11",Joannes,7,7,0,,34,4,0.118,aber acel adon aora camb cond conu cora
7118TPAL07.html,2,Lunes de la séptima semana de Pascua,salmo responsorial,"Sal 67,2-3.4-5ac.6-7ab",Psalmi,6,6,0,,34,4,0.118,aleg alel camb caut derr desu disp elos
1021TFVISA.html,1,Viernes santo — Celebración de la Pasión del Señor,primera lectura,"Is 52,13—53,12",Isaias,,15,,,109,13,0.119,abia abri acos agua anun arid arra asom
2021TFVISA.html,1,Viernes santo — Celebración de la Pasión del Señor,primera lectura,"Is 52,13—53,12",Isaias,,15,,,109,13,0.119,abia abri acos agua anun arid arra asom
2054BTOD21.html,2,Domingo de la 21ª semana de Tiempo Ordinario,salmo responsorial,"Sal 33,2-3.16-17.18-19.20-21.22-23",Psalmi,10,10,0,,42,5,0.119,abat acog alab aleg angu atri aunc bend
3021TFVISA.html,1,Viernes santo — Celebración de la Pasión del Señor,primera lectura,"Is 52,13—53,12",Isaias,,15,,,109,13,0.119,abia abri acos agua anun arid arra asom
3026CPAD04.html,3,Cuarto domingo de Pascua,segunda lectura,"Ap 7,9.14b-17",Apocalypsis,5,5,0,,42,5,0.119,acam acia agua ambr anci blan boco cond
3056CTOD23.html,3,Domingo de la 23ª semana de Tiempo Ordinario,segunda lectura,"Flm 1,9b-10.12-17",Ad Philemonem,8,8,0,,42,5,0.119,anci aora apar aras cere ceri cien cier
4160ITOJ27.html,1,Jueves de la 27ª semana de Tiempo Ordinario,primera lectura,"Ml 3,13-20a",Malachias,8,8,0,,59,7,0.119,abla anda ardi aten ceda cema comp deci
1049ATOD16.html,2,Domingo de la 16ª semana de Tiempo Ordinario,salmo responsorial,"Sal 85,5-6.9-10.15-16a",Psalmi,6,6,0,,25,3,0.12,aces atie bend buen clem cole comp escu
1065ATOD32.html,1,Domingo de la 32ª semana de Tiempo Ordinario,primera lectura,"Sb 6,12-16",Sapientia,5,5,0,,25,3,0.12,abor beni busc cami cans cien cono dese
3034CFSCDJ.html,1,El sagrado Corazón de Jesús,primera lectura,"Ez 34,11-16",Ezechiel,6,6,0,,50,6,0.12,alto apac busc cana cuan cura debi dees
3035CTOD02.html,2,Domingo de la 2ª semana de Tiempo Ordinario,salmo responsorial,"Sal 95,1-2a.2b-3.7-8a.9-10a",Psalmi,7,7,0,,25,3,0.12,acla bend cont deci fami gobi mara naci
4003ITOX01.html,4,Miércoles de la 1ª semana de Tiempo Ordinario,evangelio,"Mc 1,29-39",Marcus,11,11,0,,50,6,0.12,abla acel acer agol alde anoc busc cerc
4023ITOV04.html,4,Viernes de la 4ª semana de Tiempo Ordinario,evangelio,"Mc 6,14-29",Marcus,16,16,0,,92,11,0.12,abia abla abor acab acel acer actu anti
4054ITOS09.html,1,Sábado de la 9ª semana de Tiempo Ordinario,primera lectura,"Tb 12,1.5-15.20",Tobiæ,13,13,0,,83,10,0.12,acel acen acer adci aora apar ates bend
4139ITOL24.html,2,Lunes de la 24ª semana de Tiempo Ordinario,salmo responsorial,"Sal 27,2.7.8-9",Psalmi,4,4,0,,25,3,0.12,acia agra aleg alel apoi auxi bend cant
4143ITOV24.html,1,Viernes de la 24ª semana de Tiempo Ordinario,primera lectura,"1 Tm 6,2c-12",Ad Timotheum I,11,11,0,,83,10,0.12,absu acar afan algu apar armo arra aten
4207PTOX01.html,4,Miércoles de la 1ª semana de Tiempo Ordinario,evangelio,"Mc 1,29-39",Marcus,11,11,0,,50,6,0.12,abla acel acer agol alde anoc busc cerc
4227PTOV04.html,4,Viernes de la 4ª semana de Tiempo Ordinario,evangelio,"Mc 6,14-29",Marcus,16,16,0,,92,11,0.12,abia abla abor acab acel acer actu anti
7113TPAM06.html,1,Martes de la sexta semana de Pascua,primera lectura,"Hch 16,22-34",Actus Apostolorum,13,13,0,,75,9,0.12,aber abia abri acel acer agas amot apal
1017ACUD04.html,1,Cuarto domingo de Cuaresma,primera lectura,"1 S 16,1b.6-7.10-13a",Regum I,7,7,0,,58,7,0.121,acab acei acel adel apar bele buen ceda
1025APAD03.html,2,Tercer domingo de Pascua,salmo responsorial,"Sal 15,1-2a.5.7-8.9-10.11",Psalmi,8,7,-1,si,33,4,0.121,acon aleg alel asta bend carn cono cora
1034AFSCDJ.html,2,El sagrado Corazón de Jesús,salmo responsorial,"Sal 102,1-2.3-4.6-7.8.10",Psalmi,8,8,0,,33,4,0.121,azan bend cami clem colm comp culp defi
2017BCUD04.html,1,Cuarto domingo de Cuaresma,primera lectura,"1 S 16,1b.6-7.10-13a",Regum I,7,7,0,,58,7,0.121,acab acei acel adel apar bele buen ceda
2026BPAD04.html,5,Cuarto domingo de Pascua,evangelio,"Jn 10,11-18",Joannes,8,8,0,,33,4,0.121,aban abra acel adem asal cita cono duen
2035BTOD02.html,3,Domingo de la 2ª semana de Tiempo Ordinario,segunda lectura,"1 Co 6,13c-15a.17-20",Ad Corinthios I,7,7,0,,33,4,0.121,abei abit ceda come comp cual cuer erma
2038BTOD05.html,3,Domingo de la 5ª semana de Tiempo Ordinario,segunda lectura,"1 Co 9,16-19.22-23",Ad Corinthios I,6,6,0,,33,4,0.121,algu anun bald bien cono debi dere enca
3015CCUD02.html,6,Segundo domingo de Cuaresma,evangelio,"Lc 9,28b-36",Lucas,9,9,0,,58,7,0.121,abia abla acel alei apar arem aspe asus
3017CCUD04.html,1,Cuarto domingo de Cuaresma,primera lectura,"1 S 16,1b.6-7.10-13a",Regum I,7,7,0,,58,7,0.121,acab acei acel adel apar bele buen ceda
3047CTOD14.html,6,Domingo de la 14ª semana de Tiempo Ordinario,evangelio,"Lc 10,1-9",Lucas,9,9,0,,58,7,0.121,abun acel alfo ande bebe camb cami ceda
4059ITOV10.html,1,Viernes de la 10ª semana de Tiempo Ordinario,primera lectura,"2 Co 4,7-15",Ad Corinthios II,9,9,0,,58,7,0.121,aban abla able acos actu agra apla apri
4153ITOX26.html,4,Miércoles de la 26ª semana de Tiempo Ordinario,evangelio,"Lc 9,57-62",Lucas,6,6,0,,33,4,0.121,acel anun arad atra cabe cami cont deia
4158ITOM27.html,4,Martes de la 27ª semana de Tiempo Ordinario,evangelio,"Lc 10,38-42",Lucas,5,5,0,,33,4,0.121,abas acel alde anda asta cita cont cosa
4182ITOM31.html,4,Martes de la 31ª semana de Tiempo Ordinario,evangelio,"Lc 14,15-24",Lucas,10,10,0,,58,7,0.121,acab acel asta auis banc buei cale cami
4202ITOJ34.html,1,Jueves de la 34ª semana de Tiempo Ordinario,primera lectura,"Dn 6,12-28",Daniel,17,17,0,,116,14,0.121,abia acel acer afli aiun aleg arro asta
4357PTOX26.html,4,Miércoles de la 26ª semana de Tiempo Ordinario,evangelio,"Lc 9,57-62",Lucas,6,6,0,,33,4,0.121,acel anun arad atra cabe cami cont deia
4362PTOM27.html,4,Martes de la 27ª semana de Tiempo Ordinario,evangelio,"Lc 10,38-42",Lucas,5,5,0,,33,4,0.121,abas acel alde anda asta cita cont cosa
4386PTOM31.html,4,Martes de la 31ª semana de Tiempo Ordinario,evangelio,"Lc 14,15-24",Lucas,10,10,0,,58,7,0.121,acab acel asta auis banc buei cale cami
7004TAVJ01.html,2,Jueves de la 1ª semana de Adviento,evangelio,"Mt 7,21.24-27",Matthæus,5,5,0,,33,4,0.121,acel ciel cime cont cump disc entr escu
7087TOCPAS.html,1,Sábado de la octava de Pascua,primera lectura,"Hch 4,13-21",Actus Apostolorum,9,9,0,,66,8,0.121,abia abso acel acer anci apro cast deli
7090TPAX02.html,4,Miércoles de la segunda semana de Pascua,evangelio,"Jn 3,16-21",Joannes,6,6,0,,33,4,0.121,acer acus camb cons cree crei dete ecas
7104TPAV04.html,4,Viernes de la cuarta semana de Pascua,evangelio,"Jn 14,1-6",Joannes,6,6,0,,33,4,0.121,abri acel adon cami conm cora cree cuan
7107TPAM05.html,4,Martes de la quinta semana de Pascua,evangelio,"Jn 14,27-31a",Joannes,5,5,0,,33,4,0.121,abei abla acel acer acob aleg amar ante
7121TPAJ07.html,2,Jueves de la séptima semana de Pascua,salmo responsorial,"Sal 15,1-2.5.7-8.9-10.11",Psalmi,8,7,-1,si,33,4,0.121,acon aleg alel asta bend carn cono cora
1022AVIPAS.html,12,Vigilia Pascual,quinta lectura,"Is 55,1-11",Isaias,11,11,0,,82,10,0.122,aban acer acud alia alim alto artu aseg
2022BVIPAS.html,12,Vigilia Pascual,quinta lectura,"Is 55,1-11",Isaias,11,11,0,,82,10,0.122,aban acer acia acud alia alim alto artu
3018CCUD05.html,3,Quinto domingo de Cuaresma,segunda lectura,"Flp 3,8-14",Ad Philippenses,7,7,0,,41,5,0.122,aber acia apoi arri atra basu busc ceda
3022AVIPAS.html,12,Vigilia Pascual,quinta lectura,"Is 55,1-11",Isaias,11,11,0,,82,10,0.122,aban acer acia acud alia alim alto artu
4098ITOM17.html,2,Martes de la 17ª semana de Tiempo Ordinario,salmo responsorial,"Sal 102,6-7.8-9.10-11.12-13",Psalmi,8,8,0,,41,5,0.122,acus alei azan bond cami ciel clem comp
4380PTOM30.html,1,Martes de la 30ª semana de Tiempo Ordinario,primera lectura,"Ef 5,21-33",Ad Ephesios,13,13,0,,49,6,0.122,aban alim amar arru cabe calo colo cons
4386PTOM31.html,1,Martes de la 31ª semana de Tiempo Ordinario,primera lectura,"Flp 2,5-11",Ad Philippenses,7,7,0,,41,5,0.122,abis actu alar asta cate ciel conc cond
7007TAVL02.html,4,Lunes de la 2ª semana de Adviento,evangelio,"Lc 5,17-26",Lucas,10,10,0,,74,9,0.122,admi alde asom asta azot cami caus ceda
7008TAVM02.html,1,Martes de la 2ª semana de Adviento,primera lectura,"Is 40,1-11",Isaias,11,11,0,,74,9,0.122,abai abla agos alan alie alza apac bele
2013BFBASE.html,6,Bautismo del Señor,primera lectura,"Is 55,1-11",Isaias,11,11,0,,81,10,0.123,aban acer acia acud alia alim alto artu
3003CAVD03.html,5,Domingo 3º de Adviento,evangelio,"Lc 3,10-18",Lucas,9,9,0,,57,7,0.123,acel acem agai anad anun apag apro auen
4217PTOL03.html,1,Lunes de la 3ª semana de Tiempo Ordinario,primera lectura,"2 S 5,1-7.10",Regum II,8,8,0,,57,7,0.123,acel adem alca anci carn cieg cien ciud
4275PTOV12.html,1,Viernes de la 12ª semana de Tiempo Ordinario,primera lectura,"2 R 25,1-12",Regum IV,12,12,0,,81,10,0.123,aban abia abri acam aius alca algu alre
4394PTOJ32.html,1,Jueves de la 32ª semana de Tiempo Ordinario,primera lectura,"Flm 1,7-20",Ad Philemonem,14,14,0,,73,9,0.123,abla acer aleg aliu anci anim ansi ante
3057CTOD24.html,5,Domingo de la 24ª semana de Tiempo Ordinario,evangelio,"Lc 15,1-32",Lucas,32,32,0,,153,19,0.124,abia abit abra acel acer acog aleg alga
1006TNSMDM.html,4,Natividad del Señor,aleluya,"Lc 2,10-11",Lucas,2,2,0,,8,1,0.125,aleg buen mesi naci noti seno trai
1017ACUD04.html,4,Cuarto domingo de Cuaresma,aleluya,"Jn 8,12b",Joannes,1,1,0,,8,1,0.125,acla alel alte seno sigu tend uers
1022AVIPAS.html,7,Vigilia Pascual,salmo responsorial,"Sal 15,5.8.9-10.11",Psalmi,5,4,-1,si,24,3,0.125,aleg carn cono cora deia desc ense entr
1024APAD02.html,4,Segundo domingo de Pascua,aleluya,"Jn 20,29",Joannes,1,1,0,,8,1,0.125,aber crea crei dico porc seno uist
1036ATOD03.html,2,Domingo de la 3ª semana de Tiempo Ordinario,salmo responsorial,"Sal 26,1.4.13-14",Psalmi,4,4,0,,16,2,0.125,abit anim busc cien cont defe dica dulz
1041ATOD08.html,5,Domingo de la 8ª semana de Tiempo Ordinario,evangelio,"Mt 6,24-34",Matthæus,11,11,0,,72,9,0.125,acel afan agob alim alma anad ande bast
1044ATOD11.html,4,Domingo de la 11ª semana de Tiempo Ordinario,aleluya,"Mc 1,15",Marcus,1,1,0,,8,1,0.125,alel alte cerc conu cree rein uers
1051ATOD18.html,1,Domingo de la 18ª semana de Tiempo Ordinario,primera lectura,"Is 55,1-3",Isaias,3,3,0,,32,4,0.125,acud alia alim artu aseg aten bald comp
1056ATOD23.html,1,Domingo de la 23ª semana de Tiempo Ordinario,primera lectura,"Ez 33,7-9",Ezechiel,3,3,0,,24,3,0.125,abla alar atal camb cond cuan cuen culp
1060ATOD27.html,1,Domingo de la 27ª semana de Tiempo Ordinario,primera lectura,"Is 5,1-7",Isaias,7,7,0,,56,7,0.125,acer agra amig aora arra ases atal buen
1064ATOD31.html,4,Domingo de la 31ª semana de Tiempo Ordinario,aleluya,"Mt 23,9b.10b",Matthæus,2,2,0,,8,1,0.125,alel alte ciel cons padr uers uues
2002BAVD02.html,4,Domingo 2º de Adviento,aleluya,"Lc 3,4.6",Lucas,2,2,0,,8,1,0.125,alan cami prep send seno todo uera
2006TNSMDM.html,4,Natividad del Señor,aleluya,"Lc 2,10-11",Lucas,2,2,0,,8,1,0.125,aleg buen mesi naci noti seno trai
2017BCUD04.html,4,Cuarto domingo de Cuaresma,aleluya,"Jn 8,12b",Joannes,1,1,0,,8,1,0.125,acla alel alte seno sigu tend uers
2022BVIPAS.html,7,Vigilia Pascual,salmo responsorial,"Sal 15,5.8.9-10.11",Psalmi,5,4,-1,si,24,3,0.125,aleg carn cono cora deia desc ense entr
2024BPAD02.html,4,Segundo domingo de Pascua,aleluya,"Jn 20,29",Joannes,1,1,0,,8,1,0.125,aber crea crei dico porc seno uist
2026BPAD04.html,1,Cuarto domingo de Pascua,primera lectura,"Hch 4,8-12",Actus Apostolorum,5,5,0,,40,5,0.125,acel anci arci auer cede ciel cien clar
2036BTOD03.html,4,Domingo de la 3ª semana de Tiempo Ordinario,aleluya,"Mc 1,15",Marcus,1,1,0,,8,1,0.125,alel alte cerc conu crec rein uers
2039BTOD06.html,3,Domingo de la 6ª semana de Tiempo Ordinario,segunda lectura,"1 Co 10,31—11,1",Ad Corinthios I,,4,,,24,3,0.125,aced agai beba busc coma cont cual cuan
2040BTOD07.html,5,Domingo de la 7ª semana de Tiempo Ordinario,evangelio,"Mc 2,1-12",Marcus,12,12,0,,64,8,0.125,abla ablo abri acud aden anda aton boce
2047BTOD14.html,1,Domingo de la 14ª semana de Tiempo Ordinario,primera lectura,"Ez 2,2-5",Ezechiel,4,4,0,,24,3,0.125,acel agan asta cont deci diga elos entr
2054BTOD21.html,3,Domingo de la 21ª semana de Tiempo Ordinario,segunda lectura,"Ef 5,21-32",Ad Ephesios,12,12,0,,48,6,0.125,aban alim amar arru cabe calo colo cons
2054BTOD21.html,4,Domingo de la 21ª semana de Tiempo Ordinario,aleluya,"Jn 6,63c.68c",Joannes,2,2,0,,8,1,0.125,alel alte espi pala seno tien uers
2056BTOD23.html,3,Domingo de la 23ª semana de Tiempo Ordinario,segunda lectura,"St 2,1-5",Jacobi,5,5,0,,40,5,0.125,acas acei acer andr anil asta camb ceri
2062BTOD29.html,4,Domingo de la 29ª semana de Tiempo Ordinario,aleluya,"Mc 10,45",Marcus,1,1,0,,8,1,0.125,alel alte ombr resc seru todo uers
2063BTOD30.html,2,Domingo de la 30ª semana de Tiempo Ordinario,salmo responsorial,"Sal 125,1-2ab.2cd-3.4-5.6",Psalmi,6,6,0,,32,4,0.125,aleg asta camb cose cuan deci elos entr
2064BTOD31.html,1,Domingo de la 31ª semana de Tiempo Ordinario,primera lectura,"Dt 6,2-6",Deuteronomium,5,5,0,,32,4,0.125,ablo acel amar ceda cora crez dici escu
2066BTOD33.html,2,Domingo de la 33ª semana de Tiempo Ordinario,salmo responsorial,"Sal 15,5.8.9-10.11",Psalmi,5,4,-1,si,24,3,0.125,aleg carn cono cora deia desc ense entr
3002CAVD02.html,2,Domingo 2º de Adviento,salmo responsorial,"Sal 125,1-2ab.2cd-3.4-5.6",Psalmi,6,6,0,,32,4,0.125,aleg asta camb cose cuan deci elos entr
3002CAVD02.html,4,Domingo 2º de Adviento,aleluya,"Lc 3,4.6",Lucas,2,2,0,,8,1,0.125,alan cami prep send seno todo uera
3004CAVD04.html,5,Domingo 4º de Adviento,evangelio,"Lc 1,39-45",Lucas,7,7,0,,32,4,0.125,acel aleg apri bend cami cien crei cria
3006TNSMDM.html,4,Natividad del Señor,aleluya,"Lc 2,10-11",Lucas,2,2,0,,8,1,0.125,aleg buen mesi naci noti seno trai
3009CFSAFA.html,6,La Sagrada Familia,primera lectura,"1 S 1,20-22.24-28",Regum I,8,8,0,,40,5,0.125,acel acer anua arin asta cede cedo cuan
3017CCUD04.html,4,Cuarto domingo de Cuaresma,aleluya,"Jn 8,12b",Joannes,1,1,0,,8,1,0.125,acla alel alte seno sigu tend uers
3018CCUD05.html,2,Quinto domingo de Cuaresma,salmo responsorial,"Sal 125,1-2ab.2cd-3.4-5.6",Psalmi,6,6,0,,32,4,0.125,aleg asta camb cose cuan deci elos entr
3022AVIPAS.html,7,Vigilia Pascual,salmo responsorial,"Sal 15,5.8.9-10.11",Psalmi,5,4,-1,si,24,3,0.125,aleg carn cono cora deia desc ense entr
3024CPAD02.html,4,Segundo domingo de Pascua,aleluya,"Jn 20,29",Joannes,1,1,0,,8,1,0.125,aber crea crei dico porc seno uist
3032CFSATR.html,2,La Santísima Trinidad,salmo responsorial,"Sal 8,4-5.6-7a.7b-9",Psalmi,6,6,0,,32,4,0.125,acue asta best ciel cont crea cuan darl
3038CTOD05.html,5,Domingo de la 5ª semana de Tiempo Ordinario,aleluya,"Mt 4,19",Matthæus,1,1,0,,8,1,0.125,alel alte ombr pesc segu seno uers
3039CTOD06.html,3,Domingo de la 6ª semana de Tiempo Ordinario,segunda lectura,"1 Co 15,12.16-20",Ad Corinthios I,6,6,0,,24,3,0.125,acab algu anun desg entr erma espe muer
3044CTOD11.html,4,Domingo de la 11ª semana de Tiempo Ordinario,aleluya,"1 Jn 4,10b",Joannis I,1,1,0,,8,1,0.125,alel alte enui nues peca uers uict
3046CTOD13.html,2,Domingo de la 13ª semana de Tiempo Ordinario,salmo responsorial,"Sal 15,1-2a.5.7-8.9-10.11",Psalmi,8,7,-1,si,32,4,0.125,acon aleg asta bend carn cono cora deia
3048CTOD15.html,5,Domingo de la 15ª semana de Tiempo Ordinario,aleluya,"Jn 6,63c.68c",Joannes,2,2,0,,8,1,0.125,alel alte espi pala seno tien uers
3055CTOD22.html,2,Domingo de la 22ª semana de Tiempo Ordinario,salmo responsorial,"Sal 67,4-5ac.6-7ab.10-11",Psalmi,6,6,0,,32,4,0.125,aleg aliu bond caut copi derr desu enri
4005ITOV01.html,4,Viernes de la 1ª semana de Tiempo Ordinario,evangelio,"Mc 2,1-12",Marcus,12,12,0,,64,8,0.125,abla ablo abri acud aden anda aton boce
4016ITOJ03.html,1,Jueves de la 3ª semana de Tiempo Ordinario,primera lectura,"Hb 10,19-25",Ad Hebræos,7,7,0,,48,6,0.125,acer algu anim asam buen cami cerc cien
4026ITOM05.html,2,Martes de la 5ª semana de Tiempo Ordinario,salmo responsorial,"Sal 8,4-5.6-7.8-9",Psalmi,6,6,0,,32,4,0.125,acue asta best ciel cont crea cuan darl
4066ITOS11.html,4,Sábado de la 11ª semana de Tiempo Ordinario,evangelio,"Mt 6,24-34",Matthæus,11,11,0,,72,9,0.125,acel afan agob alim alma anad ande bast
4087ITOX15.html,2,Miércoles de la 15ª semana de Tiempo Ordinario,salmo responsorial,"Sal 102,1-2.3-4.6-7",Psalmi,6,6,0,,24,3,0.125,azan bend cami colm culp defi enfe ense
4106ITOJ18.html,3,Jueves de la 18ª semana de Tiempo Ordinario,aleluya,"Mt 16,18",Matthæus,1,1,0,,8,1,0.125,derr igle infi pedr pied pode sobr
4114ITOS19.html,4,Sábado de la 19ª semana de Tiempo Ordinario,evangelio,"Mt 19,13-15",Matthæus,3,3,0,,16,2,0.125,acel acer ciel deia elos impi impu mano
4128ITOM22.html,2,Martes de la 22ª semana de Tiempo Ordinario,salmo responsorial,"Sal 26,1.4.13-14",Psalmi,4,4,0,,16,2,0.125,abit anim busc cien cont defe dica dulz
4145ITOL25.html,2,Lunes de la 25ª semana de Tiempo Ordinario,salmo responsorial,"Sal 125,1-2ab.2cd-3.4-5.6",Psalmi,6,6,0,,32,4,0.125,aleg asta camb cose cuan deci elos entr
4151ITOL26.html,1,Lunes de la 26ª semana de Tiempo Ordinario,primera lectura,"Za 8,1-8",Zacharias,8,8,0,,40,5,0.125,acel anci apoi bast cale ciud cole eier
4176ITOM30.html,2,Martes de la 30ª semana de Tiempo Ordinario,salmo responsorial,"Sal 125,1-2ab.2cd-3.4-5.6",Psalmi,6,6,0,,32,4,0.125,aleg asta camb cose cuan deci elos entr
4178ITOJ30.html,2,Jueves de la 30ª semana de Tiempo Ordinario,salmo responsorial,"Sal 108,21-22.26-27.30-31",Psalmi,6,6,0,,24,3,0.125,alab bond cien cora dent dere desu grac
4184ITOJ31.html,2,Jueves de la 31ª semana de Tiempo Ordinario,salmo responsorial,"Sal 26,1.4.13-14",Psalmi,4,4,0,,16,2,0.125,abit anim busc cien cont defe dica dulz
4192ITOS32.html,2,Sábado de la 32ª semana de Tiempo Ordinario,salmo responsorial,"Sal 104,2-3.36-37.42-43",Psalmi,6,6,0,,32,4,0.125,abia abla acor aleg alel busc carg entr
4209PTOV01.html,4,Viernes de la 1ª semana de Tiempo Ordinario,evangelio,"Mc 2,1-12",Marcus,12,12,0,,64,8,0.125,abla ablo abri acud aden anda aton boce
4220PTOJ03.html,2,Jueves de la 3ª semana de Tiempo Ordinario,salmo responsorial,"Sal 131,1-2.3-5.11.12.13-14",Psalmi,9,9,0,,40,5,0.125,afan alia asta cuen desc dese encu ense
4227PTOV04.html,2,Viernes de la 4ª semana de Tiempo Ordinario,salmo responsorial,"Sal 17,31.47.50.51",Psalmi,4,4,0,,24,3,0.125,acen acog bend cami dist ensa entr escu
4270PTOS11.html,4,Sábado de la 11ª semana de Tiempo Ordinario,evangelio,"Mt 6,24-34",Matthæus,11,11,0,,72,9,0.125,acel afan agob alim alma anad ande bast
4283PTOL14.html,2,Lunes de la 14ª semana de Tiempo Ordinario,salmo responsorial,"Sal 144,2-3.4-5.6-7.8-9",Psalmi,8,8,0,,40,5,0.125,acci acla alab azan bend bond buen cari
4287PTOV14.html,2,Viernes de la 14ª semana de Tiempo Ordinario,salmo responsorial,"Sal 50,3-4.8-9.12-13.14.17",Psalmi,8,8,0,,40,5,0.125,abri afia alab aleg arro blan bond borr
4310PTOJ18.html,3,Jueves de la 18ª semana de Tiempo Ordinario,aleluya,"Mt 16,18",Matthæus,1,1,0,,8,1,0.125,derr igle infi pedr pied pode sobr
4312PTOS18.html,2,Sábado de la 18ª semana de Tiempo Ordinario,salmo responsorial,"Sal 9,8-9.10-11.12-13",Psalmi,6,6,0,,32,4,0.125,aban azan busc colo conf cono grit iuzg
4316PTOJ19.html,2,Jueves de la 19ª semana de Tiempo Ordinario,salmo responsorial,"Sal 77,56-57.58-59.61-62",Psalmi,6,6,0,,32,4,0.125,aban alti alto caut celo cont dese enco
4318PTOS19.html,4,Sábado de la 19ª semana de Tiempo Ordinario,evangelio,"Mt 19,13-15",Matthæus,3,3,0,,16,2,0.125,acel acer ciel deia elos impi impu mano
4321PTOX20.html,1,Miércoles de la 20ª semana de Tiempo Ordinario,primera lectura,"Ez 34,1-11",Ezechiel,11,11,0,,56,7,0.125,alto apac brut busc camp cerr cita cont
4325PTOL21.html,2,Lunes de la 21ª semana de Tiempo Ordinario,salmo responsorial,"Sal 95,1-2a.2b-3.4-5",Psalmi,5,5,0,,24,3,0.125,alab apar bend ciel cont dign gran mara
4387PTOX31.html,2,Miércoles de la 31ª semana de Tiempo Ordinario,salmo responsorial,"Sal 26,1.4.13-14",Psalmi,4,4,0,,16,2,0.125,abit anim busc cien cont defe dica dulz
4390PTOS31.html,2,Sábado de la 31ª semana de Tiempo Ordinario,salmo responsorial,"Sal 111,1-2.5-6.8a.9",Psalmi,6,6,0,,32,4,0.125,admi alza apia asun bend cari cien cons
7005TAVV01.html,2,Viernes de la 1ª semana de Adviento,salmo responsorial,"Sal 26,1.4.13-14",Psalmi,4,4,0,,16,2,0.125,abit anim busc cien cont defe dica dulz
7012TAVS02.html,3,Sábado de la 2ª semana de Adviento,aleluya,"Lc 3,4.6",Lucas,2,2,0,,8,1,0.125,alan cami prep send seno todo uera
7016TAVJ03.html,3,Jueves de la 3ª semana de Adviento,aleluya,"Lc 3,4.6",Lucas,2,2,0,,8,1,0.125,alan cami prep send seno todo uera
7022TFPD21.html,4,Feria de Adviento. — Día 21 de diciembre.,evangelio,"Lc 1,39-45",Lucas,7,7,0,,32,4,0.125,aleg apri bend cami cien crei cria cuan
7027TON630.html,1,30 de diciembre: 6º día de la octava de Navidad.,primera lectura,"1 Jn 2,12-17",Joannis I,6,6,0,,32,4,0.125,abei algu amei arro codi cono desd dine
7051TCUL02.html,3,Lunes de la 2ª semana de Cuaresma,aleluya,"Jn 6,63b.68b",Joannes,2,2,0,,8,1,0.125,alel alte espi pala seno tien uers
7060TCUX03.html,3,Miércoles de la 3ª semana de Cuaresma,aleluya,"Jn 6,63b.68b",Joannes,2,2,0,,8,1,0.125,alel alte espi pala seno tien uers
7076TCUV05.html,3,Viernes de la 5ª semana de Cuaresma,aleluya,"Jn 6,63b.68b",Joannes,2,2,0,,8,1,0.125,alel alte espi pala seno tien uers
7082TOCPAL.html,2,Lunes de la octava de Pascua,salmo responsorial,"Sal 15,1-2.5.7-8.9-10.11",Psalmi,8,7,-1,si,32,4,0.125,acon aleg asta bend carn cono cora deia
7089TPAM02.html,3,Martes de la segunda semana de Pascua,aleluya,"Jn 3,15",Joannes,1,1,0,,8,1,0.125,alel alte eleu ombr teng tien uers
7095TPAM03.html,4,Martes de la tercera semana de Pascua,evangelio,"Jn 6,30-35",Joannes,6,6,0,,32,4,0.125,acel aces ambr aseg ciel cien come comi
7099TPAS03.html,3,Sábado de la tercera semana de Pascua,aleluya,"Jn 6,63b.68b",Joannes,2,2,0,,8,1,0.125,alel alte espi pala seno tien uers
7114TPAX06.html,2,Miércoles de la sexta semana de Pascua,salmo responsorial,"Sal 148,1-2.11-12.13.14",Psalmi,6,6,0,,24,3,0.125,alab ciel donc eier iefe ioue iunt maie
7118TPAL07.html,4,Lunes de la séptima semana de Pascua,evangelio,"Jn 16,29-33",Joannes,5,5,0,,32,4,0.125,abla acel aora clar comp conm cont cree
7121TPAJ07.html,3,Jueves de la séptima semana de Pascua,aleluya,"Jn 17,21",Joannes,1,1,0,,8,1,0.125,alel alte enui padr seno todo uers
4079ITOL14.html,1,Lunes de la 14ª semana de Tiempo Ordinario,primera lectura,"Gn 28,10-22a",Genesis,13,13,0,,87,11,0.126,aban abia acei acel acie acos almo anad
4021ITOX04.html,1,Miércoles de la 4ª semana de Tiempo Ordinario,primera lectura,"Hb 12,4-7.11-15",Ad Hebræos,9,9,0,,55,7,0.127,abei acep busc cami cede cuan cura debi
4255PTOX09.html,1,Miércoles de la 9ª semana de Tiempo Ordinario,primera lectura,"2 Tm 1,1-3.6-12",Ad Timotheum II,10,10,0,,79,10,0.127,ante anun aora apar aseg asta auer ceri
4312PTOS18.html,1,Sábado de la 18ª semana de Tiempo Ordinario,primera lectura,"Ha 1,12—2,4",Habacuc,,10,,,71,9,0.127,abun acer anti anzu apre band cald cast
7005TAVV01.html,1,Viernes de la 1ª semana de Adviento,primera lectura,"Is 29,17-24",Isaias,8,8,0,,55,7,0.127,abia abla acab acci acel aleg anic apre
7070TCUS04.html,4,Sábado de la 4ª semana de Cuaresma,evangelio,"Jn 7,40-53",Joannes,14,14,0,,63,8,0.127,abei abia abla acas acel acud algu auer
1012TEPIFA.html,5,Epifanía del Señor,evangelio,"Mt 2,1-12",Matthæus,12,12,0,,86,11,0.128,abia abri aleg apar asta auer auis bele
1021TFVISA.html,2,Viernes santo — Celebración de la Pasión del Señor,salmo responsorial,"Sal 30,2.6.12-13.15-16.17.25",Psalmi,8,8,0,,39,5,0.128,acoi azar bril burl caco cale cede cono
1062ATOD29.html,3,Domingo de la 29ª semana de Tiempo Ordinario,segunda lectura,"1 Ts 1,1-5b",Ad Thessalonicenses I,5,5,0,,39,5,0.128,acti adem agua amad cesa conu cuan damo
2012TEPIFA.html,5,Epifanía del Señor,evangelio,"Mt 2,1-12",Matthæus,12,12,0,,86,11,0.128,abia abri aleg apar asta auer auis bele
2021TFVISA.html,2,Viernes santo — Celebración de la Pasión del Señor,salmo responsorial,"Sal 30,2.6.12-13.15-16.17.25",Psalmi,8,8,0,,39,5,0.128,acoi azar bril burl caco cale cede cono
3012TEPIFA.html,5,Epifanía del Señor,evangelio,"Mt 2,1-12",Matthæus,12,12,0,,86,11,0.128,abia abri aleg apar asta auer auis bele
3018CCUD05.html,1,Quinto domingo de Cuaresma,primera lectura,"Is 43,16-21",Isaias,6,6,0,,39,5,0.128,abri agua alab anta apag aues bata brot
3021TFVISA.html,2,Viernes santo — Celebración de la Pasión del Señor,salmo responsorial,"Sal 30,2.6.12-13.15-16.17.25",Psalmi,8,8,0,,39,5,0.128,acoi azar bril burl caco cale cede cono
3058CTOD25.html,5,Domingo de la 25ª semana de Tiempo Ordinario,evangelio,"Lc 16,1-13",Lucas,13,13,0,,86,11,0.128,abia abor acei acel acer admi aien amar
4048ITOS08.html,4,Sábado de la 8ª semana de Tiempo Ordinario,evangelio,"Mc 11,27-33",Marcus,7,7,0,,39,5,0.128,abei acel acer aces anci auto baut cien
4193ITOL33.html,1,Lunes de la 33ª semana de Tiempo Ordinario,primera lectura,"1 M 1,10-15.41-43.54-57.62-64",Machabæorum I,16,16,0,,109,14,0.128,aban abat abia acat acel acer acie acom
4230PTOM05.html,1,Martes de la 5ª semana de Tiempo Ordinario,primera lectura,"1 R 8,22-23.27-30",Regum III,6,6,0,,47,6,0.128,abai abie acel alia arri asam aunc cabe
4252PTOS08.html,4,Sábado de la 8ª semana de Tiempo Ordinario,evangelio,"Mc 11,27-33",Marcus,7,7,0,,39,5,0.128,abei acel acer aces anci auto baut cien
4267PTOX11.html,1,Miércoles de la 11ª semana de Tiempo Ordinario,primera lectura,"2 R 2,1.6-14",Regum IV,10,10,0,,78,10,0.128,abia agar ambo apar arre asta caba caid
4268PTOJ11.html,1,Jueves de la 11ª semana de Tiempo Ordinario,primera lectura,"Eclo 48,1-15",Ecclesiasticus,15,15,0,,78,10,0.128,abis acia altu ante apla arre asom baia
4400PTOJ33.html,1,Jueves de la 33ª semana de Tiempo Ordinario,primera lectura,"Ap 5,1-10",Apocalypsis,10,10,0,,78,10,0.128,abia abri acer anci ciel cien comp cont
1031TFDOPE.html,3,Domingo de Pentecostés,primera lectura,"Ez 37,1-14",Ezechiel,14,14,0,,70,9,0.129,abia abri acel colo comp coni crec cuan
2001BAVD01.html,5,Domingo 1º de Adviento,evangelio,"Mc 13,33-37",Marcus,5,5,0,,31,4,0.129,acel aman atar cria cuan disc duen enca
2031TFDOPE.html,3,Domingo de Pentecostés,primera lectura,"Ez 37,1-14",Ezechiel,14,14,0,,70,9,0.129,abia abri acel colo comp coni crec cuan
2057BTOD24.html,2,Domingo de la 24ª semana de Tiempo Ordinario,salmo responsorial,"Sal 114,1-2.3-4.5-6.8-9",Psalmi,8,8,0,,31,4,0.129,abis acia alca angu arra beni caid cami
3031TFDOPE.html,3,Domingo de Pentecostés,primera lectura,"Ez 37,1-14",Ezechiel,14,14,0,,70,9,0.129,abia abri acel colo comp coni crec cuan
4049ITOL09.html,2,Lunes de la 9ª semana de Tiempo Ordinario,salmo responsorial,"Sal 111,1-2.3-4.5-6",Psalmi,6,6,0,,31,4,0.129,abra abun admi apia asun bend bril cari
4076ITOJ13.html,2,Jueves de la 13ª semana de Tiempo Ordinario,salmo responsorial,"Sal 114,1-2.3-4.5-6.8-9",Psalmi,8,8,0,,31,4,0.129,abis acia alca angu arra beni caid cami
4091ITOL16.html,1,Documento sin título,primera lectura,"Ex 14,5-18",Exodus,14,14,0,,93,12,0.129,abia acam acel acer alca alza auan caba
4239PTOV06.html,2,Viernes de la 6ª semana de Tiempo Ordinario,salmo responsorial,"Sal 111,1-2.3-4.5-6",Psalmi,6,6,0,,31,4,0.129,abra abun admi apia asun bend bril cari
4242PTOM07.html,1,Martes de la 7ª semana de Tiempo Ordinario,primera lectura,"St 4,1-10",Jacobi,10,10,0,,62,8,0.129,aced acei acer alca aleg amig arde ceri
4323PTOV20.html,1,Viernes de la 20ª semana de Tiempo Ordinario,primera lectura,"Ez 37,1-14",Ezechiel,14,14,0,,70,9,0.129,abia abri acel colo comp coni crec cuan
4361PTOL27.html,2,Lunes de la 27ª semana de Tiempo Ordinario,salmo responsorial,"Sal 110,1-2.7-8.9.10",Psalmi,6,6,0,,31,4,0.129,alab alia asam comp cora cump dign enui
4396PTOS32.html,2,Sábado de la 32ª semana de Tiempo Ordinario,salmo responsorial,"Sal 111,1-2.3-4.5-6",Psalmi,6,6,0,,31,4,0.129,abra abun admi apia asun bend bril cari
4408PTOS34.html,2,Sábado de la 34ª semana de Tiempo Ordinario,salmo responsorial,"Sal 94,1-2.3-5.6-7",Psalmi,7,7,0,,31,4,0.129,acla bend crea cumb dand demo entr firm
7085TOCPAJ.html,2,Jueves de la octava de Pascua,salmo responsorial,"Sal 8,2a.5.6-7.8-9",Psalmi,6,6,0,,31,4,0.129,acue alel asta best ciel darl dign dist
7104TPAV04.html,2,Viernes de la cuarta semana de Pascua,salmo responsorial,"Sal 2,6-7.8-9.10-11",Psalmi,6,6,0,,31,4,0.129,alel aora cebr cetr decr dico enge eren
1046ATOD13.html,1,Domingo de la 13ª semana de Tiempo Ordinario,primera lectura,"2 R 4,8-11.14-16a",Regum IV,7,7,0,,46,6,0.13,abit abra acer acos cedo cerr cons cria
2028BPAD06.html,3,Sexto domingo de Pascua,segunda lectura,"1 Jn 4,7-10",Joannis I,4,4,0,,23,3,0.13,aiam amad amem ceri cien cono cons enui
2043BTOD10.html,3,Domingo de la 10ª semana de Tiempo Ordinario,segunda lectura,"2 Co 4,13—5,1",Ad Corinthios II,,7,,,54,7,0.13,abla able agra aunc ciel cien cree cuan
2046BTOD13.html,1,Domingo de la 13ª semana de Tiempo Ordinario,primera lectura,"Sb 1,13-15.2,23-24",Sapientia,5,5,0,,23,3,0.13,abis cria dest elas entr enui impe inmo
2052BTOD19.html,5,Domingo de la 19ª semana de Tiempo Ordinario,evangelio,"Jn 6,41-51",Joannes,11,12,1,si,46,6,0.13,abia acel aora apre aseg atre baia carn
2059BTOD26.html,3,Domingo de la 26ª semana de Tiempo Ordinario,segunda lectura,"St 5,1-6",Jacobi,6,6,0,,46,6,0.13,abei amon aora apol asta camp ceba cond
2060BTOD27.html,2,Domingo de la 27ª semana de Tiempo Ordinario,salmo responsorial,"Sal 127,1-2.3.4-5.6",Psalmi,6,6,0,,23,3,0.13,alre bend cami come desd dico fecu frut
3043CTOD10.html,5,Domingo de la 10ª semana de Tiempo Ordinario,evangelio,"Lc 7,11-17",Lucas,7,7,0,,46,6,0.13,abla acel acer acom atau cami ciud coma
4021ITOX04.html,2,Miércoles de la 4ª semana de Tiempo Ordinario,salmo responsorial,"Sal 102,1-2.13-14.17-18a",Psalmi,6,6,0,,23,3,0.13,acue alia barr bend cono fiel guar iios
4106ITOJ18.html,1,Jueves de la 18ª semana de Tiempo Ordinario,primera lectura,"Nm 20,1-13",Numeri,13,13,0,,77,10,0.13,aber abun acel aiud amot apar arei asam
4116ITOM20.html,2,Martes de la 20ª semana de Tiempo Ordinario,salmo responsorial,"Sal 84,9.11-12.13-14",Psalmi,5,5,0,,23,3,0.13,amig anun besa brot ciel cora desd encu
4140ITOM24.html,4,Martes de la 24ª semana de Tiempo Ordinario,evangelio,"Lc 7,11-17",Lucas,7,7,0,,46,6,0.13,abla acel acer acom atau cami ciud coma
4150ITOS25.html,4,Sábado de la 25ª semana de Tiempo Ordinario,evangelio,"Lc 9,43b-45",Lucas,3,3,0,,23,3,0.13,acel acia admi asun cabe cogi elos ente
4178ITOJ30.html,4,Jueves de la 30ª semana de Tiempo Ordinario,evangelio,"Lc 13,31-35",Lucas,5,5,0,,46,6,0.13,abei acel acer aped asta bend cami ceda
4201ITOX34.html,4,Miércoles de la 34ª semana de Tiempo Ordinario,evangelio,"Lc 21,12-19",Lucas,8,8,0,,46,6,0.13,aced acel acer algu alma amig aran asta
4218PTOM03.html,1,Martes de la 3ª semana de Tiempo Ordinario,primera lectura,"2 S 6,12b-15.17-19",Regum II,7,7,0,,54,7,0.13,abia acel acie auan bend bolo ceba cent
4244PTOJ07.html,1,Jueves de la 7ª semana de Tiempo Ordinario,primera lectura,"St 5,1-6",Jacobi,6,6,0,,46,6,0.13,abei amon aora apol asta camp ceba cond
4277PTOL13.html,1,Lunes de la 13ª semana de Tiempo Ordinario,primera lectura,"Am 2,6-10.13-16",Amos,9,9,0,,69,9,0.13,abai acel acue alto apla arce arri bebe
4282PTOS13.html,2,Sábado de la 13ª semana de Tiempo Ordinario,salmo responsorial,"Sal 84,9.11-12.13-14",Psalmi,5,5,0,,23,3,0.13,amig anun besa brot ciel cora desd encu
4300PTOS16.html,1,Sábado de la 16ª semana de Tiempo Ordinario,primera lectura,"Jr 7,1-11",Jeremias,11,11,0,,69,9,0.13,acci aten band cema come cond crea cree
4308PTOM18.html,1,Martes de la 18ª semana de Tiempo Ordinario,primera lectura,"Jr 30,1-2.12-15.18-22",Jeremias,11,11,0,,69,9,0.13,acer alab alca aleg amig asam asen atre
4344PTOM24.html,4,Martes de la 24ª semana de Tiempo Ordinario,evangelio,"Lc 7,11-17",Lucas,7,7,0,,46,6,0.13,abla acel acer acom atau cami ciud coma
4350PTOM25.html,2,Martes de la 25ª semana de Tiempo Ordinario,salmo responsorial,"Sal 118,1.27.30.34.35.44",Psalmi,6,6,0,,23,3,0.13,cami cesa cora cump decr dese dico ense
4353PTOV25.html,1,Viernes de la 25ª semana de Tiempo Ordinario,primera lectura,"Ecl 3,1-11",Ecclesiastes,11,11,0,,46,6,0.13,abar abla abra acer afli arra arro asta
4354PTOS25.html,4,Sábado de la 25ª semana de Tiempo Ordinario,evangelio,"Lc 9,43b-45",Lucas,3,3,0,,23,3,0.13,acel acia admi asun cabe cogi elos ente
4382PTOJ30.html,4,Jueves de la 30ª semana de Tiempo Ordinario,evangelio,"Lc 13,31-35",Lucas,5,5,0,,46,6,0.13,abei acel acer aped asta bend cami ceda
4405PTOX34.html,4,Miércoles de la 34ª semana de Tiempo Ordinario,evangelio,"Lc 21,12-19",Lucas,8,8,0,,46,6,0.13,aced acel acer algu alma amig aran asta
7024TFPD23.html,4,Feria de Adviento. — Día 23 de diciembre.,evangelio,"Lc 1,57-66",Lucas,10,10,0,,46,6,0.13,abia abla bend ceda ceri corr cump dici
7036TFMDEP.html,1,8 DE ENERO — Martes después de Epifanía,primera lectura,"1 Jn 4,7-10",Joannis I,4,4,0,,23,3,0.13,aiam amad amem ceri cien cono cons enui
1017ACUD04.html,5,Cuarto domingo de Cuaresma,evangelio,"Jn 9,1-41",Joannes,41,41,0,,130,17,0.131,abei abia abie abla ablo abri acel acer
2017BCUD04.html,5,Cuarto domingo de Cuaresma,evangelio,"Jn 9,1-41",Joannes,41,41,0,,130,17,0.131,abei abia abie abla ablo abri acel acer
3009CFSAFA.html,5,La Sagrada Familia,evangelio,"Lc 2,41-52",Lucas,12,12,0,,61,8,0.131,acie angu asom aton auto busc cara ceda
3017CCUD04.html,5,Cuarto domingo de Cuaresma,evangelio,"Jn 9,1-41",Joannes,41,41,0,,130,17,0.131,abei abia abie abla ablo abri acel acer
3046CTOD13.html,5,Domingo de la 13ª semana de Tiempo Ordinario,evangelio,"Lc 9,51-62",Lucas,12,12,0,,61,8,0.131,acab alde aloi anun arad atra baia cabe
4011ITOV02.html,1,Viernes de la 2ª semana de Tiempo Ordinario,primera lectura,"Hb 8,6-13",Ad Hebræos,8,8,0,,61,8,0.131,acel acor alia ante aora basa cono cora
4078ITOS13.html,1,Sábado de la 13ª semana de Tiempo Ordinario,primera lectura,"Gn 27,1-5.15-29",Genesis,20,20,0,,84,11,0.131,abia abit acer alca alia apar arco arom
4373PTOL29.html,1,Lunes de la 29ª semana de Tiempo Ordinario,primera lectura,"Ef 2,1-10",Ad Ephesios,10,10,0,,61,8,0.131,actu ante aora asig bond buen ciel cont
7064MLCU04.html,4,Misa de libre elección: cuarta semana de Cuaresma,evangelio,"Jn 9,1-41",Joannes,41,41,0,,130,17,0.131,abei abia abie abla ablo abri acel acer
7094TPAL03.html,4,Lunes de la tercera semana de Pascua,evangelio,"Jn 6,22-29",Joannes,8,8,0,,61,8,0.131,abei abia abid acci acer alim aseg asta
1007TNSMDA.html,5,Natividad del Señor,evangelio,"Lc 2,15-20",Lucas,6,6,0,,38,5,0.132,abia acel acos admi alab bele ciel comu
1014ACUD01.html,2,Primer domingo de Cuaresma,salmo responsorial,"Sal 50,3-4.5-6a.12-13.14.17",Psalmi,8,8,0,,38,5,0.132,abor abri afia alab aleg arro bond borr
1027APAD05.html,5,Quinto domingo de Pascua,evangelio,"Jn 14,1-12",Joannes,12,12,0,,53,7,0.132,abei ablo abri acel adon aora aseg bast
1052ATOD19.html,5,Domingo de la 19ª semana de Tiempo Ordinario,evangelio,"Mt 14,22-33",Matthæus,12,12,0,,53,7,0.132,acer acia adel agar amai anda anim apre
2007TNSMDA.html,4,Natividad del Señor,evangelio,"Lc 2,15-20",Lucas,6,6,0,,38,5,0.132,abia acel acos admi alab bele ciel comu
3007TNSMDA.html,5,Natividad del Señor,evangelio,"Lc 2,15-20",Lucas,6,6,0,,38,5,0.132,abia acel acos admi alab bele ciel comu
3025CPAD03.html,5,Tercer domingo de Pascua,evangelio,"Jn 21,1-19",Joannes,19,19,0,,114,15,0.132,#1 #14 #21 acab acel acer almo alud
3034CFSCDJ.html,6,El sagrado Corazón de Jesús,evangelio,"Lc 15,3-7",Lucas,5,5,0,,38,5,0.132,abia abra acel aleg amig asta camp carg
4076ITOJ13.html,4,Jueves de la 13ª semana de Tiempo Ordinario,evangelio,"Mt 9,1-8",Matthæus,8,8,0,,38,5,0.132,acel acos alab algu anim barc cami cedo
4109ITOL19.html,4,Lunes de la 19ª semana de Tiempo Ordinario,evangelio,"Mt 17,22-27",Matthæus,6,6,0,,53,7,0.132,abre acel acer adel anzu cien cobr coge
4280PTOJ13.html,4,Jueves de la 13ª semana de Tiempo Ordinario,evangelio,"Mt 9,1-8",Matthæus,8,8,0,,38,5,0.132,acel acos alab algu anim barc cami cedo
4313PTOL19.html,4,Lunes de la 19ª semana de Tiempo Ordinario,evangelio,"Mt 17,22-27",Matthæus,6,6,0,,53,7,0.132,abre acel acer adel anzu cien cobr coge
4343PTOL24.html,1,Lunes de la 24ª semana de Tiempo Ordinario,primera lectura,"1 Co 11,17-26.33",Ad Corinthios I,11,11,0,,68,9,0.132,aber aced adel alia ambr apro apru asta
7060TCUX03.html,1,Miércoles de la 3ª semana de Cuaresma,primera lectura,"Dt 4,1.5-9",Deuteronomium,6,6,0,,53,7,0.132,ablo algu aora apar cerc cier cuan cuen
7075TCUJ05.html,4,Jueves de la 5ª semana de Cuaresma,evangelio,"Jn 8,51-59",Joannes,9,9,0,,53,7,0.132,acel aleg aora aseg aunc cien clar cogi
7124Textos_comunes.html,4,TEXTOS COMUNES PARA EL CANTO DEL SALMO RESPONSORIAL,salmo responsorial,"Sal 50,3-4.5-6a.12-13.14.17",Psalmi,8,8,0,,38,5,0.132,abor abri afia alab aleg arro bond borr
1063ATOD30.html,1,Domingo de la 30ª semana de Tiempo Ordinario,primera lectura,"Ex 22,20-26",Exodus,7,7,0,,45,6,0.133,acos ante carg comp cubr cuer deia deuo
2017BCUD04.html,2,Cuarto domingo de Cuaresma,salmo responsorial,"Sal 136,1-2.3.4.5.6",Psalmi,6,6,0,,30,4,0.133,acue aleg cana cita colg cumb depo dere
2039BTOD06.html,5,Domingo de la 6ª semana de Tiempo Ordinario,evangelio,"Mc 1,40-45",Marcus,6,6,0,,45,6,0.133,abie acel acer acud ceda cedo cier cito
2040BTOD07.html,2,Domingo de la 7ª semana de Tiempo Ordinario,salmo responsorial,"Sal 40,2-3.4-5.13-14",Psalmi,6,6,0,,30,4,0.133,acia aora bend calm camb cont cuid desu
2067BTOD34.html,5,"Domingo de la 34ª semana de Tiempo Ordinario — Jesucristo, Rey del Universo",evangelio,"Jn 18,33b-37",Joannes,5,5,0,,30,4,0.133,abri acas acel caie conc cont cuen dice
3048CTOD15.html,6,Domingo de la 15ª semana de Tiempo Ordinario,evangelio,"Lc 10,25-37",Lucas,13,13,0,,75,10,0.133,acei acel acer amar baia band caba cami
3067CTOD34.html,1,"Domingo de la 34ª semana de Tiempo Ordinario — Jesucristo, Rey del Universo",primera lectura,"2 S 5,1-3",Regum II,3,3,0,,30,4,0.133,acel adem anci carn cien cuan diie diri
4004ITOJ01.html,4,Jueves de la 1ª semana de Tiempo Ordinario,evangelio,"Mc 1,40-45",Marcus,6,6,0,,45,6,0.133,abie acel acer acud ceda cedo cier cito
4094ITOJ16.html,4,Jueves de la 16ª semana de Tiempo Ordinario,evangelio,"Mt 13,10-17",Matthæus,8,8,0,,45,6,0.133,abla ablo acel acer aseg asta cerr ciel
4118ITOJ20.html,2,Jueves de la 20ª semana de Tiempo Ordinario,salmo responsorial,"Sal 39,5.7-8a.8b-9.10",Psalmi,5,5,0,,30,4,0.133,abri acer acud asam camb cerr cier conf
4153ITOX26.html,2,Miércoles de la 26ª semana de Tiempo Ordinario,salmo responsorial,"Sal 136,1-2.3.4-5.6",Psalmi,6,6,0,,30,4,0.133,acue aleg cana cita colg cumb depo dere
4157ITOL27.html,4,Lunes de la 27ª semana de Tiempo Ordinario,evangelio,"Lc 10,25-37",Lucas,13,13,0,,75,10,0.133,acei acel acer amar baia band caba cami
4168ITOS28.html,4,Sábado de la 28ª semana de Tiempo Ordinario,evangelio,"Lc 12,8-12",Lucas,5,5,0,,30,4,0.133,able acel auto cond cont cuan deci defe
4183ITOX31.html,2,Miércoles de la 31ª semana de Tiempo Ordinario,salmo responsorial,"Sal 111,1-2.4-5.9",Psalmi,5,5,0,,30,4,0.133,admi alza apia asun bend bril cari cien
4208PTOJ01.html,4,Jueves de la 1ª semana de Tiempo Ordinario,evangelio,"Mc 1,40-45",Marcus,6,6,0,,45,6,0.133,abie acel acer acud ceda cedo cier cito
4211PTOL02.html,2,Lunes de la 2ª semana de Tiempo Ordinario,salmo responsorial,"Sal 49,8-9.16bc-17.21.23",Psalmi,6,6,0,,30,4,0.133,acep aces acus alia bece cabr cala cami
4222PTOS03.html,2,Sábado de la 3ª semana de Tiempo Ordinario,salmo responsorial,"Sal 50,12-13.14-15.16-17",Psalmi,6,6,0,,30,4,0.133,abri afia alab aleg arro cami cant cite
4262PTOJ10.html,1,Jueves de la 10ª semana de Tiempo Ordinario,primera lectura,"1 R 18,41-46",Regum III,6,6,0,,45,6,0.133,acel acia asta bebe carr ciel corr cria
4275PTOV12.html,2,Viernes de la 12ª semana de Tiempo Ordinario,salmo responsorial,"Sal 136,1-2.3.4-5.6",Psalmi,6,6,0,,30,4,0.133,acue aleg cana cita colg cumb depo dere
4281PTOV13.html,1,Viernes de la 13ª semana de Tiempo Ordinario,primera lectura,"Am 8,4-6.9-12",Amos,7,7,0,,60,8,0.133,abra acel ambr asta aume bala busc cabe
4289PTOL15.html,2,Lunes de la 15ª semana de Tiempo Ordinario,salmo responsorial,"Sal 49,8-9.16bc-17.21.23",Psalmi,6,6,0,,30,4,0.133,acep aces acus alia bece cabr cala cami
4298PTOJ16.html,4,Jueves de la 16ª semana de Tiempo Ordinario,evangelio,"Mt 13,10-17",Matthæus,8,8,0,,45,6,0.133,abla ablo acel acer aseg asta cerr ciel
4328PTOJ21.html,2,Jueves de la 21ª semana de Tiempo Ordinario,salmo responsorial,"Sal 144,2-3.4-5.6-7",Psalmi,6,6,0,,30,4,0.133,acci acla alab azan bend bond cuen difu
4345PTOX24.html,2,Miércoles de la 24ª semana de Tiempo Ordinario,salmo responsorial,"Sal 32,2-3.4-5.12.22",Psalmi,6,6,0,,30,4,0.133,acci acom bord cuer dere dico esco espe
4361PTOL27.html,4,Lunes de la 27ª semana de Tiempo Ordinario,evangelio,"Lc 10,25-37",Lucas,13,13,0,,75,10,0.133,acei acel acer amar baia band caba cami
4372PTOS28.html,4,Sábado de la 28ª semana de Tiempo Ordinario,evangelio,"Lc 12,8-12",Lucas,5,5,0,,30,4,0.133,able acel auto cond cont cuan deci defe
2019BFDORA.html,1,Domingo de ramos,evangelio,"Mc 11,1-10",Marcus,10,10,0,,82,11,0.134,abia acei acel acer acor acud alde alfo
1005TNSMDV.html,3,Natividad del Señor,segunda lectura,"Hch 13,16-17.22-25",Actus Apostolorum,6,6,0,,52,7,0.135,abie acab acie alab ante anti baut braz
1038ATOD05.html,1,Domingo de la 5ª semana de Tiempo Ordinario,primera lectura,"Is 58,7-10",Isaias,4,4,0,,37,5,0.135,abri ambr auro bril brot cami cier cuan
2005TNSMDV.html,3,Natividad del Señor,segunda lectura,"Hch 13,16-17.22-25",Actus Apostolorum,6,6,0,,52,7,0.135,abie acab acie alab ante anti baut braz
2016BCUD03.html,6,Tercer domingo de Cuaresma,evangelio,"Jn 4,15.19b-26.39a.40-42",Joannes,13,13,0,,96,13,0.135,abia abla acel acer alre asta bebe bebi
2034BFSCDJ.html,1,El Sagrado Corazón de Jesús,primera lectura,"Os 11,1b.3-4.8c-9",Osee,5,5,0,,37,5,0.135,alza anda ardo atra braz cede ceru cole
3005TNSMDV.html,3,Natividad del Señor,segunda lectura,"Hch 13,16-17.22-25",Actus Apostolorum,6,6,0,,52,7,0.135,abie acab acie alab ante anti baut braz
3027CPAD05.html,3,Quinto domingo de Pascua,segunda lectura,"Ap 21,1-5a",Apocalypsis,5,5,0,,37,5,0.135,abra acam ador arre ciel ciud deci desd
4129ITOX22.html,4,Miércoles de la 22ª semana de Tiempo Ordinario,evangelio,"Lc 4,38-44",Lucas,7,7,0,,52,7,0.135,abla acel acer anda anun busc deia dier
4290PTOM15.html,2,Martes de la 15ª semana de Tiempo Ordinario,salmo responsorial,"Sal 47,2-3a.3b-4.5-6.7-8",Psalmi,7,7,0,,37,5,0.135,agar alab alca aleg alia altu atac ater
4315PTOX19.html,1,Miércoles de la 19ª semana de Tiempo Ordinario,primera lectura,"Ez 9,1-7.10,18-22",Ezechiel,12,12,0,,96,13,0.135,abia acab acer afli anci apar apoi arri
4333PTOX22.html,4,Miércoles de la 22ª semana de Tiempo Ordinario,evangelio,"Lc 4,38-44",Lucas,7,7,0,,52,7,0.135,abla acel acer anda anun busc deia dier
7097TPAJ03.html,4,Jueves de la tercera semana de Pascua,evangelio,"Jn 6,44-51",Joannes,8,9,1,si,37,5,0.135,acel apre aseg atre baia carn ciel comi
1043ATOD10.html,3,Domingo de la 10ª semana de Tiempo Ordinario,segunda lectura,"Rm 4,18-25",Ad Romanos,8,8,0,,44,6,0.136,abia abra acer apoi capa cien cree crei
1047ATOD14.html,1,Domingo de la 14ª semana de Tiempo Ordinario,primera lectura,"Za 9,9-10",Zacharias,2,2,0,,22,3,0.136,aleg arco borr caba cant carr conf dest
2001BAVD01.html,1,Domingo 1º de Adviento,primera lectura,"Is 63,16b-17.19b.64,2b-7",Isaias,9,9,0,,59,8,0.136,acue afer aira alfa apar arci arre baia
2033BFCORP.html,2,Santísimo Cuerpo y Sangre de Cristo,salmo responsorial,"Sal 115,12-13.15.16bc.17-18",Psalmi,6,6,0,,22,3,0.136,alab alel alza cade cues cump escl fiel
2039BTOD06.html,2,Domingo de la 6ª semana de Tiempo Ordinario,salmo responsorial,"Sal 31,1-2.5.11",Psalmi,4,4,0,,22,3,0.136,abia absu acla aleg apun cien cora culp
2058BTOD25.html,5,Domingo de la 25ª semana de Tiempo Ordinario,evangelio,"Mc 9,30-37",Marcus,8,8,0,,44,6,0.136,abia abra acel acer acog atra cami ceri
3026CPAD04.html,2,Cuarto domingo de Pascua,salmo responsorial,"Sal 99,2.3.5",Psalmi,3,3,0,,22,3,0.136,acla aleg alel buen edad ente entr fide
3029CFASCE.html,2,Séptimo domingo de Pascua,salmo responsorial,"Sal 96,1.2b.6.7c.9",Psalmi,5,5,0,,22,3,0.136,aleg alel ciel cont dere encu innu isla
3030CPAD07.html,2,Séptimo domingo de Pascua,salmo responsorial,"Sal 96,1.2b.6.7c.9",Psalmi,5,5,0,,22,3,0.136,aleg alel ciel cont dere encu innu isla
3047CTOD14.html,5,Domingo de la 14ª semana de Tiempo Ordinario,evangelio,"Lc 10,1-12.17-20",Lucas,16,16,0,,88,12,0.136,abun acel aleg alfo algu ande asta bebe
3061CTOD28.html,1,Domingo de la 28ª semana de Tiempo Ordinario,primera lectura,"2 R 5,14-17",Regum IV,4,4,0,,44,6,0.136,abia acel acep adel aora aunc carg carn
4038ITOM07.html,4,Martes de la 7ª semana de Tiempo Ordinario,evangelio,"Mc 9,30-37",Marcus,8,8,0,,44,6,0.136,abia abra acel acer acog atra cami ceri
4039ITOX07.html,4,Miércoles de la 7ª semana de Tiempo Ordinario,evangelio,"Mc 9,38-40",Marcus,3,3,0,,22,3,0.136,abla acel ceri cont ecab emos fauo impe
4089ITOV15.html,2,Viernes de la 15ª semana de Tiempo Ordinario,salmo responsorial,"Sal 115,12-13.15-16bc.17-18",Psalmi,6,6,0,,22,3,0.136,alab alel alza cade cues cump escl fiel
4090ITOS15.html,1,Sábado de la 15ª semana de Tiempo Ordinario,primera lectura,"Ex 12,37-42",Exodus,6,6,0,,44,6,0.136,abia acel acia acie cant coci cont cuat
4156ITOS26.html,4,Sábado de la 26ª semana de Tiempo Ordinario,evangelio,"Lc 10,17-24",Lucas,8,8,0,,59,8,0.136,acel aleg algu apar asta ciel cien cier
4160ITOJ27.html,4,Jueves de la 27ª semana de Tiempo Ordinario,evangelio,"Lc 11,5-13",Lucas,9,9,0,,59,8,0.136,abri acel acos alar algu amig buen busc
4167ITOV28.html,2,Viernes de la 28ª semana de Tiempo Ordinario,salmo responsorial,"Sal 31,1-2.5.11",Psalmi,4,4,0,,22,3,0.136,abia absu acla aleg apun cien cora culp
4223PTOL04.html,1,Lunes de la 4ª semana de Tiempo Ordinario,primera lectura,"2 S 15,13-14.30.16,5-13a",Regum II,12,12,0,,88,12,0.136,acel adel alca ases asun baiu bend beni
4242PTOM07.html,4,Martes de la 7ª semana de Tiempo Ordinario,evangelio,"Mc 9,30-37",Marcus,8,8,0,,44,6,0.136,abia abra acel acer acog atra cami ceri
4243PTOX07.html,4,Miércoles de la 7ª semana de Tiempo Ordinario,evangelio,"Mc 9,38-40",Marcus,3,3,0,,22,3,0.136,abla acel ceri cont ecab emos fauo impe
4360PTOS26.html,4,Sábado de la 26ª semana de Tiempo Ordinario,evangelio,"Lc 10,17-24",Lucas,8,8,0,,59,8,0.136,acel aleg algu apar asta ciel cien cier
4361PTOL27.html,1,Lunes de la 27ª semana de Tiempo Ordinario,primera lectura,"Ga 1,6-12",Ad Galatas,7,7,0,,44,6,0.136,aban agra aiai algu anun apre apro busc
4364PTOJ27.html,4,Jueves de la 27ª semana de Tiempo Ordinario,evangelio,"Lc 11,5-13",Lucas,9,9,0,,59,8,0.136,abri acel acos alar algu amig buen busc
4365PTOV27.html,1,Viernes de la 27ª semana de Tiempo Ordinario,primera lectura,"Ga 3,7-14",Ad Galatas,8,8,0,,44,6,0.136,acie adel adem alca apoi arbo arra bend
4397PTOL33.html,1,Lunes de la 33ª semana de Tiempo Ordinario,primera lectura,"Ap 1,1-4.2,1-5a",Apocalypsis,9,9,0,,66,9,0.136,aban agua ante arre caid cerc cono cont
7007TAVL02.html,1,Lunes de la 2ª semana de Adviento,primera lectura,"Is 35,1-10",Isaias,10,10,0,,81,11,0.136,abra abri acer afli agua aleg alei bele
7027TON630.html,4,30 de diciembre: 6º día de la octava de Navidad.,evangelio,"Lc 2,36-40",Lucas,5,5,0,,44,6,0.136,abia abla acel acer acom agua aiun anci
7067TCUX04.html,2,Miércoles de la 4ª semana de Cuaresma,salmo responsorial,"Sal 144,8-9.13cd-14.17-18",Psalmi,6,6,0,,22,3,0.136,acci bond buen cami cari cerc clem cole
7091TPAJ02.html,4,Jueves de la segunda semana de Pascua,evangelio,"Jn 3,31-36",Joannes,6,6,0,,22,3,0.136,abla acep cert ciel enci enui espi medi
7099TPAS03.html,2,Sábado de la tercera semana de Pascua,salmo responsorial,"Sal 115,12-13.14-15.16-17",Psalmi,6,6,0,,22,3,0.136,alab alel alza cade cues cump escl fiel
7100TPAL04.html,2,Lunes de la cuarta semana de Pascua,salmo responsorial,"Sal 41,2-3.42,3.4",Psalmi,4,4,0,,22,3,0.136,acer aleg alel asta busc cier cond corr
7111TPAS05.html,2,Sábado de la quinta semana de Pascua,salmo responsorial,"Sal 99,1-2.3.5",Psalmi,4,4,0,,22,3,0.136,acla aleg alel buen edad ente entr fide
2028BPAD06.html,1,Sexto domingo de Pascua,primera lectura,"Hch 10,25-26.34-35.44-48",Actus Apostolorum,9,9,0,,51,7,0.137,abia abla acep anad baut ceda clar crei
4157ITOL27.html,1,Lunes de la 27ª semana de Tiempo Ordinario,primera lectura,"Jon 1,1—2,1.11",Jonas,,18,,,102,14,0.137,abia acel acer ador agas alca alig amit
4301PTOL17.html,1,Lunes de la 17ª semana de Tiempo Ordinario,primera lectura,"Jr 13,1-11",Jeremias,11,11,0,,51,7,0.137,abia abla adie alab ceni cint cons cora
1018ACUD05.html,5,Quinto domingo de Cuaresma,evangelio,"Jn 11,1-45",Joannes,45,45,0,,159,22,0.138,abei aber abia abie abla abri acab acel
2018BCUD05.html,5,Quinto domingo de Cuaresma,evangelio,"Jn 11,1-45",Joannes,45,45,0,,159,22,0.138,abei aber abia abie abla abri acab acel
3018CCUD05.html,5,Quinto domingo de Cuaresma,evangelio,"Jn 11,1-45",Joannes,45,45,0,,159,22,0.138,abei aber abia abie abla abri acab acel
4010ITOJ02.html,1,Jueves de la 2ª semana de Tiempo Ordinario,primera lectura,"Hb 7,25—8,6",Ad Hebræos,,10,,,87,12,0.138,abie acer aius alia aora basa camb ciel
4051ITOX09.html,2,Miércoles de la 9ª semana de Tiempo Ordinario,salmo responsorial,"Sal 24,2-3a.4-5ab.6-7bc.8-9",Psalmi,8,8,0,,29,4,0.138,acue bond buen cami ceda cede defr enem
4064TOJ11.html,2,Jueves de la 11ª semana de Tiempo Ordinario,salmo responsorial,"Sal 110,1-2.3-4.7-8",Psalmi,6,6,0,,29,4,0.138,asam bele clem comp cora cump dign espl
4082ITOJ14.html,4,Jueves de la 14ª semana de Tiempo Ordinario,evangelio,"Mt 10,7-15",Matthæus,9,9,0,,58,8,0.138,abei acel alde alfo algu apos aseg asta
4131ITOV22.html,2,Viernes de la 22ª semana de Tiempo Ordinario,salmo responsorial,"Sal 99,2.3.4.5",Psalmi,4,4,0,,29,4,0.138,acci acla aleg bend buen dand edad ente
4144ITOS24.html,2,Sábado de la 24ª semana de Tiempo Ordinario,salmo responsorial,"Sal 99,2.3.4.5",Psalmi,4,4,0,,29,4,0.138,acci acla aleg bend buen dand edad ente
4151ITOL26.html,4,Lunes de la 26ª semana de Tiempo Ordinario,evangelio,"Lc 9,46-50",Lucas,5,5,0,,29,4,0.138,acel acog adiu ceri cien cont disc ecab
4250PTOJ08.html,2,Jueves de la 8ª semana de Tiempo Ordinario,salmo responsorial,"Sal 99,2.3.4.5",Psalmi,4,4,0,,29,4,0.138,acci acla aleg bend buen dand edad ente
4286PTOJ14.html,4,Jueves de la 14ª semana de Tiempo Ordinario,evangelio,"Mt 10,7-15",Matthæus,9,9,0,,58,8,0.138,abei acel alde alfo algu apos aseg asta
4313PTOL19.html,2,Lunes de la 19ª semana de Tiempo Ordinario,salmo responsorial,"Sal 148,1-2.11-12ab.12c-14a",Psalmi,6,6,0,,29,4,0.138,acre alab ciel donc eier esco fiel iefe
4335PTOV22.html,2,Viernes de la 22ª semana de Tiempo Ordinario,salmo responsorial,"Sal 36,3-4.5-6.27-28.39-40",Psalmi,8,8,0,,29,4,0.138,aban abit acog actu alca aman apar cami
4344PTOM24.html,2,Martes de la 24ª semana de Tiempo Ordinario,salmo responsorial,"Sal 99,2.3.4.5",Psalmi,4,4,0,,29,4,0.138,acci acla aleg bend buen dand edad ente
4355PTOL26.html,4,Lunes de la 26ª semana de Tiempo Ordinario,evangelio,"Lc 9,46-50",Lucas,5,5,0,,29,4,0.138,acel acog adiu ceri cien cont disc ecab
4371PTOV28.html,2,Viernes de la 28ª semana de Tiempo Ordinario,salmo responsorial,"Sal 32,1-2.4-5.12-13",Psalmi,6,6,0,,29,4,0.138,acci acla alab buen ciel cuer dere desd
4373PTOL29.html,2,Lunes de la 29ª semana de Tiempo Ordinario,salmo responsorial,"Sal 99,2.3.4.5",Psalmi,4,4,0,,29,4,0.138,acci acla aleg bend buen dand edad ente
4396PTOS32.html,1,Sábado de la 32ª semana de Tiempo Ordinario,primera lectura,"3 Jn 1,5-8",Joannis III,4,4,0,,29,4,0.138,abla acep aces amig cami ceri comu elos
4406PTOJ34.html,2,Jueves de la 34ª semana de Tiempo Ordinario,salmo responsorial,"Sal 99,2.3.4.5",Psalmi,4,4,0,,29,4,0.138,acci acla aleg bend buen dand edad ente
7022TFPD21.html,2,Feria de Adviento. — Día 21 de diciembre.,salmo responsorial,"Sal 32,2-3.11-12.20-21",Psalmi,6,6,0,,29,4,0.138,acom agua aleg auxi bord cora cuer dico
7032TF05EN.html,2,5 de enero,salmo responsorial,"Sal 99,1-2.3.4.5",Psalmi,5,5,0,,29,4,0.138,acci acla aleg bend buen dand edad ente
7071MLCU05.html,4,Misa de libre elección: quinta semana de Cuaresma,evangelio,"Jn 11,1-45",Joannes,45,45,0,,159,22,0.138,abei aber abia abie abla abri acab acel
7091TPAJ02.html,2,Jueves de la segunda semana de Pascua,salmo responsorial,"Sal 33,2.9.17-18.19-20",Psalmi,6,6,0,,29,4,0.138,abat acog alab alel angu atri aunc bend
2035BTOD02.html,1,Domingo de la 2ª semana de Tiempo Ordinario,primera lectura,"1 S 3,3b-10.19",Regum I,9,9,0,,36,5,0.139,abia abla acel acos acue algu cien comp
3060CTOD27.html,3,Domingo de la 27ª semana de Tiempo Ordinario,segunda lectura,"2 Tm 1,6-8.13-14",Ad Timotheum II,5,5,0,,36,5,0.139,aiud auer ceri coba cuan dela duro ener
4046ITOJ08.html,2,Jueves de la 8ª semana de Tiempo Ordinario,salmo responsorial,"Sal 32,2-3.4-5.6-7.8-9",Psalmi,8,8,0,,36,5,0.139,abit acci acom agua alie bord ciel cuer
4099ITOX17.html,1,Miércoles de la 17ª semana de Tiempo Ordinario,primera lectura,"Ex 34,29-35",Exodus,7,7,0,,36,5,0.139,aber abia abla ablo acer alia asta atre
4189ITOX32.html,1,Miércoles de la 32ª semana de Tiempo Ordinario,primera lectura,"Sb 6,1-11",Sapientia,11,11,0,,72,10,0.139,agua alar anel ansi apre arre asta aten
7062TCUV03.html,2,Viernes de la 3ª semana de Cuaresma,salmo responsorial,"Sal 80,6c-8a.8bc-9.10-11ab.14.17",Psalmi,8,8,0,,36,5,0.139,afli alim arin cami carg clam deia desc
1037ATOD04.html,5,Domingo de la 4ª semana de Tiempo Ordinario,evangelio,"Mt 5,1-12a",Matthæus,12,12,0,,50,7,0.14,abla acel acer alca aleg ambr calu caus
2017BCUD04.html,5,Cuarto domingo de Cuaresma,evangelio,"Jn 3,14-21",Joannes,8,8,0,,43,6,0.14,acel acer acus camb cons cree crei desi
3024CPAD02.html,1,Segundo domingo de Pascua,primera lectura,"Hch 5,12-16",Actus Apostolorum,5,5,0,,50,7,0.14,acia acud acue ader algu alre atre aunc
4042ITOS07.html,1,Sábado de la 7ª semana de Tiempo Ordinario,primera lectura,"Eclo 17,1-13",Ecclesiasticus,13,13,0,,57,8,0.14,abst acer alab alia azan cami colm conc
4080ITOM14.html,2,Martes de la 14ª semana de Tiempo Ordinario,salmo responsorial,"Sal 16,1.2-3.6-7.8.15",Psalmi,7,7,0,,43,6,0.14,adue apel atie aunc cien cora dere desp
4110ITOM19.html,4,Martes de la 19ª semana de Tiempo Ordinario,evangelio,"Mt 18,1-5.10.12-14",Matthæus,9,9,0,,50,7,0.14,abia acel acer acog aleg aseg busc cele
4132ITOS22.html,1,Sábado de la 22ª semana de Tiempo Ordinario,primera lectura,"Col 1,21-23",Ad Colossenses,3,3,0,,43,6,0.14,acci acer alei ante aora camb ciel cime
4239PTOV06.html,1,Viernes de la 6ª semana de Tiempo Ordinario,primera lectura,"St 2,14-24.26",Jacobi,12,12,0,,57,8,0.14,abri acel actu algu alim amig ampa anda
4314PTOM19.html,4,Martes de la 19ª semana de Tiempo Ordinario,evangelio,"Mt 18,1-5.10.12-14",Matthæus,9,9,0,,50,7,0.14,abia acel acer acog aleg aseg busc cele
4340PTOJ23.html,1,Jueves de la 23ª semana de Tiempo Ordinario,primera lectura,"1 Co 8,1b-7.11-13",Ad Corinthios I,10,10,0,,57,8,0.14,aber acos algu alim asta aunc camb ciel
4341PTOV23.html,1,Viernes de la 23ª semana de Tiempo Ordinario,primera lectura,"1 Co 9,16-19.22b-27",Ad Corinthios I,10,10,0,,57,8,0.14,algu anun atle aunc bald bien boxe camb
4387PTOX31.html,1,Miércoles de la 31ª semana de Tiempo Ordinario,primera lectura,"Flp 2,12-18",Ad Philippenses,7,7,0,,57,8,0.14,abei acti actu agai aleg aora asoc ause
7048TCUJ01.html,1,Jueves de la 1ª semana de Cuaresma,primera lectura,"Est 14,1.3-5.12-14",Esther,7,7,0,,50,7,0.14,abia abla abor acel acer acud ante atie
7072TCUL05.html,6,Lunes de la 5ª semana de Cuaresma,evangelio,"Jn 8,12-20",Joannes,9,9,0,,50,7,0.14,abia abla acel adem adon aunc camb cami
1022AVIPAS.html,1,Vigilia Pascual,primera lectura,"Gn 1,1—2,2",Genesis,,33,,,92,13,0.141,abia agam agua alad alie alim apar arbo
2022BVIPAS.html,1,Vigilia Pascual,primera lectura,"Gn 1,1—2,2",Genesis,,33,,,92,13,0.141,abia agam agua alad alie alim apar arbo
3022AVIPAS.html,1,Vigilia Pascual,primera lectura,"Gn 1,1—2,2",Genesis,,33,,,92,13,0.141,abia agam agua alad alie alim apar arbo
4065ITOV11.html,1,Viernes de la 11ª semana de Tiempo Ordinario,primera lectura,"2 Co 11,18.21b-30",Ad Corinthios II,11,11,0,,64,9,0.141,ablo aiun ambr apal apar aped azot band
4206PTOM01.html,1,Martes de la 1ª semana de Tiempo Ordinario,primera lectura,"1 S 1,9-20",Regum I,12,12,0,,71,10,0.141,abla acel acor acue aden afli aora asta
4393PTOX32.html,1,Miércoles de la 32ª semana de Tiempo Ordinario,primera lectura,"Tt 3,1-7",Ad Titum,7,7,0,,64,9,0.141,aiam amab ante apar auto bond buen busc
7055TCUV02.html,4,Viernes de la 2ª semana de Cuaresma,evangelio,"Mt 21,33-43.45-46",Matthæus,13,13,0,,85,12,0.141,abei abia abla acel agar anci aora apal
7065TCUL04.html,4,Lunes de la 4ª semana de Cuaresma,evangelio,"Jn 4,43-54",Joannes,12,12,0,,64,9,0.141,abia acel afir ante baia cami cont conu
1001AAVD01.html,2,Domingo 1º de Adviento,salmo responsorial,"Sal 121,1-2.4-5.6-7.8-9",Psalmi,8,8,0,,28,4,0.143,aleg cele comp cont cost cuan deci dent
1005TNSMDV.html,1,Natividad del Señor,primera lectura,"Is 62,1-5",Isaias,5,5,0,,42,6,0.143,aban aleg anto asta auro cala cons cont
1010SMMDD.html,3,1 de Enero Octava de la Natividad del Señor Santa María Madre de Dios,segunda lectura,"Ga 4,4-7",Ad Galatas,4,4,0,,21,3,0.143,cora cuan cump enui ered erma escl espi
1015ACUD02.html,3,Segundo domingo de Cuaresma,segunda lectura,"2 Tm 1,8b-10",Ad Timotheum II,3,3,0,,28,4,0.143,aora apar ceri darn desd disp duro erma
1020TFJUSA.html,2,Jueves santo — Misa de la cena del Señor,salmo responsorial,"Sal 115,12-13.15-16bc.17-18",Psalmi,6,6,0,,21,3,0.143,alab alza cade cues cump escl fiel muco
1024APAD02.html,3,Segundo domingo de Pascua,segunda lectura,"1 P 1,3-9",Petri I,7,7,0,,49,7,0.143,abei acil agua alab alca aleg amai aunc
1025APAD03.html,3,Tercer domingo de Pascua,segunda lectura,"1 P 1,17-21",Petri I,5,5,0,,42,6,0.143,abei ante bien ceri cord crea cree defe
1029AFASCE.html,5,La Ascensión del Señor,evangelio,"Mt 28,16-20",Matthæus,5,5,0,,35,5,0.143,abia aced acel acer algu asta baut ciel
1044ATOD11.html,2,Domingo de la 11ª semana de Tiempo Ordinario,salmo responsorial,"Sal 99,2.3.5",Psalmi,3,3,0,,21,3,0.143,acla aleg buen edad ente entr fide ouei
2005TNSMDV.html,1,Natividad del Señor,primera lectura,"Is 62,1-5",Isaias,5,5,0,,42,6,0.143,aban aleg anto asta auro cala cons cont
2010SMMDD.html,3,1 de Enero Octava de la Natividad del Señor Santa María Madre de Dios,segunda lectura,"Ga 4,4-7",Ad Galatas,4,4,0,,21,3,0.143,cora cuan cump enui ered erma escl espi
2020TFJUSA.html,2,Jueves santo — Misa de la cena del Señor,salmo responsorial,"Sal 115,12-13.15-16bc.17-18",Psalmi,6,6,0,,21,3,0.143,alab alza cade cues cump escl fiel muco
2026BPAD04.html,2,Cuarto domingo de Pascua,salmo responsorial,"Sal 117,1.8-9.21-23.26.28-29",Psalmi,9,9,0,,28,4,0.143,aora arci bend buen cien desd dese ensa
2027BPAD05.html,2,Quinto domingo de Pascua,salmo responsorial,"Sal 21,26b-27.28.30.31-32",Psalmi,6,6,0,,35,5,0.143,abla alab alel asta baia busc ceni come
2032BFSATR.html,5,La Santísima Trinidad,evangelio,"Mt 28,16-20",Matthæus,5,5,0,,35,5,0.143,abia aced acel acer algu asta baut ciel
2033BFCORP.html,3,Santísimo Cuerpo y Sangre de Cristo,segunda lectura,"Hb 9,11-15",Ad Hebræos,5,5,0,,63,9,0.143,abid alia bece bien cabr ceni come conc
2034BFSCDJ.html,6,El Sagrado Corazón de Jesús,evangelio,"Jn 19,31-37",Joannes,7,7,0,,42,6,0.143,abia acel atra cebr ceda cita cost crea
2039BTOD06.html,1,Domingo de la 6ª semana de Tiempo Ordinario,primera lectura,"Lv 13,1-2.44-46",Leviticus,5,5,0,,35,5,0.143,afec algu anda arap barb cabe camp cual
2064BTOD31.html,3,Domingo de la 31ª semana de Tiempo Ordinario,segunda lectura,"Hb 7,23-28",Ad Hebræos,6,6,0,,49,7,0.143,abid acer anti camb ciel conu debi defi
3005TNSMDV.html,1,Natividad del Señor,primera lectura,"Is 62,1-5",Isaias,5,5,0,,42,6,0.143,aban aleg anto asta auro cala cons cont
3010SMMDD.html,3,1 de Enero Octava de la Natividad del Señor Santa María Madre de Dios,segunda lectura,"Ga 4,4-7",Ad Galatas,4,4,0,,21,3,0.143,cora cuan cump enui ered erma escl espi
3016CCUD03.html,3,Tercer domingo de Cuaresma,segunda lectura,"1 Co 10,1-6.10-12",Ad Corinthios I,9,9,0,,49,7,0.143,acel agra algu alim atra baut bebi caig
3019CFDORA.html,1,Domingo de Ramos,evangelio,"Lc 19,28-40",Lucas,13,13,0,,70,10,0.143,abia acel acer acia aiud alab alde alfo
3020TFJUSA.html,2,Jueves santo — Misa de la cena del Señor,salmo responsorial,"Sal 115,12-13.15-16bc.17-18",Psalmi,6,6,0,,21,3,0.143,alab alza cade cues cump escl fiel muco
3035CTOD02.html,1,Domingo de la 2ª semana de Tiempo Ordinario,primera lectura,"Is 62,1-5",Isaias,5,5,0,,42,6,0.143,aban aleg anto asta auro cala cons cont
3044CTOD11.html,2,Domingo de la 11ª semana de Tiempo Ordinario,salmo responsorial,"Sal 31,1-2.5.7.11",Psalmi,5,5,0,,28,4,0.143,abia absu acla aleg apun cant cien cora
4001ITOL01.html,2,Lunes de la 1ª semana de Tiempo Ordinario,salmo responsorial,"Sal 96,1.2b.6.7c.9",Psalmi,5,5,0,,21,3,0.143,aleg ciel cont dere encu innu isla porc
4004ITOJ01.html,1,Jueves de la 1ª semana de Tiempo Ordinario,primera lectura,"Hb 3,7-14",Ad Hebræos,8,8,0,,56,8,0.143,aber acel acti anim asta aten cami cole
4033ITOX06.html,1,Miércoles de la 6ª semana de Tiempo Ordinario,primera lectura,"Gn 8,6-13.20-22",Genesis,11,11,0,,63,9,0.143,abia abri acab acer agar alar apla arom
4036ITOS06.html,1,Sábado de la 6ª semana de Tiempo Ordinario,primera lectura,"Hb 11,1-7",Ad Hebræos,7,7,0,,49,7,0.143,abia abla acer acre adue ante anti arre
4042ITOS07.html,4,Sábado de la 7ª semana de Tiempo Ordinario,evangelio,"Mc 10,13-16",Marcus,4,4,0,,21,3,0.143,abra acel acep acer aseg bend deia elos
4047TOV08.html,2,Viernes de la 8ª semana de Tiempo Ordinario,salmo responsorial,"Sal 149,1-2.3-4.5-6a.9b",Psalmi,7,7,0,,28,4,0.143,ador alab aleg asam cita crea danz fest
4073ITOL13.html,4,Lunes de la 13ª semana de Tiempo Ordinario,evangelio,"Mt 8,18-22",Matthæus,5,5,0,,35,5,0.143,acel acer atra cabe deia dond ente enti
4084ITOS14.html,2,Sábado de la 14ª semana de Tiempo Ordinario,salmo responsorial,"Sal 104,1-2.3-4.6-7",Psalmi,6,6,0,,28,4,0.143,abla aleg azan busc cono cont eleg esti
4105ITOX18.html,2,Miércoles de la 18ª semana de Tiempo Ordinario,salmo responsorial,"Sal 105,6-7a.13-14.21-22.23",Psalmi,7,7,0,,35,5,0.143,abia abla alel anic apar ardi auid brec
4114ITOS19.html,2,Sábado de la 19ª semana de Tiempo Ordinario,salmo responsorial,"Sal 15,1-2a.5.7-8.11",Psalmi,6,6,0,,21,3,0.143,acon aleg asta bend ense inst noce perp
4121ITOL21.html,2,Lunes de la 21ª semana de Tiempo Ordinario,salmo responsorial,"Sal 149,1-2.3-4.5-6a.9b",Psalmi,7,7,0,,28,4,0.143,ador alab aleg asam cita crea danz fest
4136ITOJ23.html,2,Jueves de la 23ª semana de Tiempo Ordinario,salmo responsorial,"Sal 150,1.3-4.5-6",Psalmi,5,5,0,,21,3,0.143,alab alie arpa danz flau fuer gran inme
4137ITOV23.html,2,Viernes de la 23ª semana de Tiempo Ordinario,salmo responsorial,"Sal 15,1-2a.5.7-8.11",Psalmi,6,6,0,,21,3,0.143,acon aleg asta bend ense inst noce perp
4141ITOX24.html,4,Miércoles de la 24ª semana de Tiempo Ordinario,evangelio,"Lc 7,31-35",Lucas,5,5,0,,35,5,0.143,acel amig bail baut bebi borr cien comi
4142ITOJ24.html,1,Jueves de la 24ª semana de Tiempo Ordinario,primera lectura,"1 Tm 4,12-16",Ad Timotheum I,5,5,0,,35,5,0.143,abla aces adel anim ceri conc cond cons
4148ITOJ25.html,2,Jueves de la 25ª semana de Tiempo Ordinario,salmo responsorial,"Sal 149,1-2.3-4.5-6a.9b",Psalmi,7,7,0,,28,4,0.143,ador alab aleg asam cita crea danz fest
4155ITOV26.html,2,Viernes de la 26ª semana de Tiempo Ordinario,salmo responsorial,"Sal 78,1-2.3-5.8.9",Psalmi,7,7,0,,56,8,0.143,agot alca arde asta burl cada caus ciel
4156ITOS26.html,2,Sábado de la 26ª semana de Tiempo Ordinario,salmo responsorial,"Sal 68,33-35.36-37",Psalmi,5,5,0,,28,4,0.143,agua alab aleg bule busc caut ciel ciud
4165ITOX28.html,2,Miércoles de la 28ª semana de Tiempo Ordinario,salmo responsorial,"Sal 61,2-3.6-7.9",Psalmi,5,5,0,,14,2,0.143,alca conf desa desc espe nues porc pueb
4168ITOS28.html,1,Sábado de la 28ª semana de Tiempo Ordinario,primera lectura,"Rm 4,13.16-18",Ad Romanos,4,4,0,,35,5,0.143,abia apoi aseg crei depe desc dico enco
4179ITOV30.html,2,Viernes de la 30ª semana de Tiempo Ordinario,salmo responsorial,"Sal 147,12-13.14-15.19-20",Psalmi,6,6,0,,28,4,0.143,alab anun arin bend cerr cono corr decr
4213PTOX02.html,2,Miércoles de la 2ª semana de Tiempo Ordinario,salmo responsorial,"Sal 143,1.2.9-10",Psalmi,4,4,0,,28,4,0.143,adie alca balu bend bien comb crue cuer
4235PTOL06.html,1,Lunes de la 6ª semana de Tiempo Ordinario,primera lectura,"St 1,1-11",Jacobi,11,11,0,,63,9,0.143,agit algu ased aspe asta belo camp cien
4246PTOS07.html,4,Sábado de la 7ª semana de Tiempo Ordinario,evangelio,"Mc 10,13-16",Marcus,4,4,0,,21,3,0.143,abra acel acep acer aseg bend deia elos
4247PTOL08.html,1,Lunes de la 8ª semana de Tiempo Ordinario,primera lectura,"1 P 1,3-9",Petri I,7,7,0,,49,7,0.143,abei acil agua alab alca aleg amai aunc
4264PTOS10.html,2,Sábado de la 10ª semana de Tiempo Ordinario,salmo responsorial,"Sal 15,1-2a.5.7-8.9-10",Psalmi,7,7,0,,28,4,0.143,acon aleg asta bend carn cono cora deia
4274PTOJ12.html,2,Jueves de la 12ª semana de Tiempo Ordinario,salmo responsorial,"Sal 78,1-2.3-5.8.9",Psalmi,7,7,0,,56,8,0.143,agot alca arde asta burl cada caus ciel
4277PTOL13.html,4,Lunes de la 13ª semana de Tiempo Ordinario,evangelio,"Mt 8,18-22",Matthæus,5,5,0,,35,5,0.143,acel acer atra cabe deia dond ente enti
4303PTOX17.html,2,Miércoles de la 17ª semana de Tiempo Ordinario,salmo responsorial,"Sal 58,2-3.4-5a.10-11.17.18",Psalmi,8,8,0,,35,5,0.143,acec acla acom acos adel agre alca auan
4314PTOM19.html,2,Martes de la 19ª semana de Tiempo Ordinario,salmo responsorial,"Sal 118,14.24.72.103.111.131",Psalmi,6,6,0,,21,3,0.143,aleg ansi cami cora decr deli eren esti
4333PTOX22.html,1,Miércoles de la 22ª semana de Tiempo Ordinario,primera lectura,"1 Co 3,1-9",Ad Corinthios I,9,9,0,,49,7,0.143,abla alim aora camp cien cola comi crec
4345PTOX24.html,4,Miércoles de la 24ª semana de Tiempo Ordinario,evangelio,"Lc 7,31-35",Lucas,5,5,0,,35,5,0.143,acel amig bail baut bebi borr cien comi
4356PTOM26.html,1,Martes de la 26ª semana de Tiempo Ordinario,primera lectura,"Jb 3,1-3.11-17.20-23",Job,14,14,0,,56,8,0.143,abri acab aleg alza amon ansi aora busc
4395PTOV32.html,2,Viernes de la 32ª semana de Tiempo Ordinario,salmo responsorial,"Sal 118,1.2.10.11.17.18",Psalmi,6,6,0,,21,3,0.143,abre busc cami cont cora cump desu dico
4400PTOJ33.html,2,Jueves de la 33ª semana de Tiempo Ordinario,salmo responsorial,"Sal 149,1-2.3-4.5-6a.9b",Psalmi,7,7,0,,28,4,0.143,ador alab aleg asam cita crea danz fest
4401PTOV33.html,2,Viernes de la 33ª semana de Tiempo Ordinario,salmo responsorial,"Sal 118,14.24.72.103.111.131",Psalmi,6,6,0,,21,3,0.143,aleg ansi cami cora decr deli eren esti
7001TAVL01.html,3,Lunes de la 1ª semana de Adviento,salmo responsorial,"Sal 121,1-2.4-5.6-7.8-9",Psalmi,8,8,0,,28,4,0.143,aleg cele comp cont cost cuan deci dent
7026TON529.html,4,29 de diciembre: 5º día de la octava de Navidad,evangelio,"Lc 2,22-35",Lucas,14,14,0,,77,11,0.143,abia acti acue admi agua alum ante aora
7031TF04EN.html,1,4 de enero,primera lectura,"1 Jn 3,7-10",Joannis I,4,4,0,,21,3,0.143,cien come desa desd enga erma germ iios
7033TF06EN.html,2,6 de enero,salmo responsorial,"Sal 147,12-13.14-15.19-20",Psalmi,6,6,0,,28,4,0.143,alab anun arin bend cerr cono corr decr
7040TFSDEP.html,2,12 DE ENERO — Sábado después de Epifanía,salmo responsorial,"Sal 149,1-2.3-4.5-6a.9b",Psalmi,7,7,0,,28,4,0.143,ador alab aleg asam cita crea danz fest
7052TCUM02.html,2,Martes de la 2ª semana de Cuaresma,salmo responsorial,"Sal 49,8-9.16bc-17.21.23",Psalmi,6,6,0,,28,4,0.143,acep aces alia bece cabr cala cami cree
7058TCUL03.html,2,Lunes de la 3ª semana de Cuaresma,salmo responsorial,"Sal 41,2.3.42,3.4",Psalmi,4,4,0,,21,3,0.143,acer aleg asta busc cier cond corr cuan
7060TCUX03.html,2,Miércoles de la 3ª semana de Cuaresma,salmo responsorial,"Sal 147,12-13.15-16.19-20",Psalmi,6,6,0,,28,4,0.143,alab anun bend ceni cerr cono corr decr
7061TCUJ03.html,1,Jueves de la 3ª semana de Cuaresma,primera lectura,"Jr 7,23-28",Jeremias,6,6,0,,42,6,0.143,arra asta cami ciso cora daba desd dira
7069TCUV04.html,2,Viernes de la 4ª semana de Cuaresma,salmo responsorial,"Sal 33,17-18.19-20.21.23",Psalmi,6,6,0,,28,4,0.143,abat acog angu atri aunc borr cast cebr
7088TPAL02.html,4,Lunes de la segunda semana de Pascua,evangelio,"Jn 3,1-8",Joannes,8,8,0,,42,6,0.143,abia acas acer aces aseg cier cont dico
7096TPAX03.html,4,Miércoles de la tercera semana de Pascua,evangelio,"Jn 6,35-40",Joannes,6,6,0,,28,4,0.143,abei acel acer afue ambr baia ciel cree
7112TPAL06.html,2,Lunes de la sexta semana de Pascua,salmo responsorial,"Sal 149,1-2.3-4.5-6a.9b",Psalmi,7,7,0,,28,4,0.143,ador alab aleg asam cita crea danz fest
7119TPAM07.html,2,Martes de la séptima semana de Pascua,salmo responsorial,"Sal 67,10-11.20-21",Psalmi,4,4,0,,21,3,0.143,alel aliu bend bond carg copi derr esca
7122TPAV07.html,1,Viernes de la séptima semana de Pascua,primera lectura,"Hch 25,13-21",Actus Apostolorum,9,9,0,,77,11,0.143,acel acer acus adui anci apel asta asun
7123TPAS07.html,4,Sábado de la séptima semana de Pascua,evangelio,"Jn 21,20-25",Joannes,6,6,0,,42,6,0.143,abia acel amab apoi asta cabr cede cien
7106TPAL05.html,1,Lunes de la quinta semana de Pascua,primera lectura,"Hch 14,5-18",Actus Apostolorum,14,14,0,,104,15,0.144,abia abla abun acei acel aleg alre anda
2051BTOD18.html,5,Domingo de la 18ª semana de Tiempo Ordinario,evangelio,"Jn 6,24-35",Joannes,12,12,0,,62,9,0.145,abei acel acer aces alim ambr aseg asta
3050CTOD17.html,5,Domingo de la 17ª semana de Tiempo Ordinario,evangelio,"Lc 11,1-13",Lucas,13,13,0,,76,11,0.145,abri acos alar algu amig buen busc cele
4017ITOV03.html,1,Viernes de la 3ª semana de Tiempo Ordinario,primera lectura,"Hb 10,32-39",Ad Hebræos,8,8,0,,55,8,0.145,acel acep acia alca aleg arre bien comb
4064TOJ11.html,1,Jueves de la 11ª semana de Tiempo Ordinario,primera lectura,"2 Co 11,1-11",Ad Corinthios II,11,11,0,,76,11,0.145,abai aban abla acep acue anun apro aunc
4073ITOL13.html,1,Lunes de la 13ª semana de Tiempo Ordinario,primera lectura,"Gn 18,16-33",Genesis,18,18,0,,83,12,0.145,abla ablo acci acer acia acie acom acus
4182ITOM31.html,1,Martes de la 31ª semana de Tiempo Ordinario,primera lectura,"Rm 12,5-16a",Ad Romanos,12,12,0,,76,11,0.145,abor acti agal agra aleg apeg apli ardi
4211PTOL02.html,1,Lunes de la 2ª semana de Tiempo Ordinario,primera lectura,"1 S 15,16-23",Regum I,8,8,0,,55,8,0.145,aber acab acel acie adiu asta aunc boti
4408PTOS34.html,1,Sábado de la 34ª semana de Tiempo Ordinario,primera lectura,"Ap 22,1-7",Apocalypsis,7,7,0,,55,8,0.145,abra ambo arbo cale cien cier ciud cont
7023TFPD22.html,4,Feria de Adviento. — Día 22 de diciembre.,evangelio,"Lc 1,46-56",Lucas,11,11,0,,55,8,0.145,abia acel acor aleg ambr aora auxi bien
7036TFMDEP.html,4,8 DE ENERO — Martes después de Epifanía,evangelio,"Mc 6,34-44",Marcus,11,11,0,,62,9,0.145,acel acer acom alde alre anda auer bend
7121TPAJ07.html,1,Jueves de la séptima semana de Pascua,primera lectura,"Hch 22,30.23,6-11",Actus Apostolorum,7,7,0,,69,10,0.145,abla acel acus admi algu anim apen arre
1012TEPIFA.html,1,Epifanía del Señor,primera lectura,"Is 60,1-6",Isaias,6,6,0,,48,7,0.146,alab aleg aman apar asom auro braz bril
1031TFDOPE.html,6,Domingo de Pentecostés,segunda lectura,"Rm 8,22-27",Ad Romanos,6,6,0,,41,6,0.146,acel adem agua aiud asta conu cora cuan
1064ATOD31.html,3,Domingo de la 31ª semana de Tiempo Ordinario,segunda lectura,"1 Ts 2,7b-9.13",Ad Thessalonicenses I,4,4,0,,41,6,0.146,abia acog asta cesa crei cuid deli dese
2012TEPIFA.html,1,Epifanía del Señor,primera lectura,"Is 60,1-6",Isaias,6,6,0,,48,7,0.146,alab aleg aman apar asom auro braz bril
2031TFDOPE.html,6,Domingo de Pentecostés,segunda lectura,"Rm 8,22-27",Ad Romanos,6,6,0,,41,6,0.146,acel adem agua aiud asta conu cora cuan
2055BTOD22.html,1,Domingo de la 22ª semana de Tiempo Ordinario,primera lectura,"Dt 4,1-2.6-8",Deuteronomium,5,5,0,,41,6,0.146,ablo algu anad aora cerc cier cuan cuio
3012TEPIFA.html,1,Epifanía del Señor,primera lectura,"Is 60,1-6",Isaias,6,6,0,,48,7,0.146,alab aleg aman apar asom auro braz bril
3031TFDOPE.html,6,Domingo de Pentecostés,segunda lectura,"Rm 8,22-27",Ad Romanos,6,6,0,,41,6,0.146,acel adem agua aiud asta conu cora cuan
4075ITOX13.html,4,Miércoles de la 13ª semana de Tiempo Ordinario,evangelio,"Mt 8,28-34",Matthæus,7,7,0,,48,7,0.146,abai abal acan acel ante aogo ator atre
4195ITOX33.html,1,Miércoles de la 33ª semana de Tiempo Ordinario,primera lectura,"2 M 7,1.20-31",Machabæorum II,13,13,0,,130,19,0.146,abla ablo acce acel acep acia acon acti
4279PTOX13.html,4,Miércoles de la 13ª semana de Tiempo Ordinario,evangelio,"Mt 8,28-34",Matthæus,7,7,0,,48,7,0.146,abai abal acan acel ante aogo ator atre
4376PTOJ29.html,1,Jueves de la 29ª semana de Tiempo Ordinario,primera lectura,"Ef 3,14-21",Ad Ephesios,8,8,0,,48,7,0.146,abar acer actu anco ciel cien cimi conc
7012TAVS02.html,1,Sábado de la 2ª semana de Adviento,primera lectura,"Eclo 48,1-4.9-11",Ecclesiasticus,7,7,0,,41,6,0.146,acia altu ante apla arre baia ciel cien
7013TAVL03.html,4,Lunes de la 3ª semana de Adviento,evangelio,"Mt 21,23-27",Matthæus,5,5,0,,41,6,0.146,abei acel acer aces anci auto baut ciel
7089TPAM02.html,4,Martes de la segunda semana de Pascua,evangelio,"Jn 3,5a.7b-15",Joannes,10,10,0,,48,7,0.146,abla able ablo acel acep aseg ciel cier
1023APAD01.html,2,Vigilia Pascual,evangelio,"Lc 24,13-35",Lucas,23,23,0,,116,17,0.147,abia abla abri acel acer adel adem alde
1024APAD02.html,5,Segundo domingo de Pascua,evangelio,"Jn 20,19-31",Joannes,13,13,0,,68,10,0.147,aber acel agui aleg alie anoc ceda cerr
1025APAD03.html,5,Tercer domingo de Pascua,evangelio,"Lc 24,13-35",Lucas,23,23,0,,116,17,0.147,abia abla abri acel acer adel adem alde
1049ATOD16.html,5,Domingo de la 16ª semana de Tiempo Ordinario,evangelio,"Mt 13,24-43",Matthæus,20,20,0,,109,16,0.147,abri acel acer acla alma amas anid anun
2023BPAD01.html,2,Vigilia Pascual,evangelio,"Lc 24,13-35",Lucas,23,23,0,,116,17,0.147,abia abla abri acel acer adel adem alde
2024BPAD02.html,5,Segundo domingo de Pascua,evangelio,"Jn 20,19-31",Joannes,13,13,0,,68,10,0.147,aber acel agui aleg alie anoc ceda cerr
3023CPAD01.html,2,Vigilia Pascual,evangelio,"Lc 24,13-35",Lucas,23,23,0,,116,17,0.147,abia abla abri acel acer adel adem alde
3024CPAD02.html,5,Segundo domingo de Pascua,evangelio,"Jn 20,19-31",Joannes,13,13,0,,68,10,0.147,aber acel agui aleg alie anoc ceda cerr
4020ITOM04.html,2,Martes de la 4ª semana de Tiempo Ordinario,salmo responsorial,"Sal 21,26b-27.28.30.31-32",Psalmi,6,6,0,,34,5,0.147,abla alab asta baia busc ceni come conf
4196ITOJ33.html,1,Jueves de la 33ª semana de Tiempo Ordinario,primera lectura,"1 M 2,15-29",Machabæorum I,15,15,0,,102,15,0.147,aban acel acer acud adel alia apos arre
4258PTOS09.html,2,Sábado de la 9ª semana de Tiempo Ordinario,salmo responsorial,"Sal 70,8-9.14-15ab.16-17.22",Psalmi,7,7,0,,34,5,0.147,aban alab aora asta auxi camb cont desd
7042TFJUDC.html,4,Jueves después de Cenizas,evangelio,"Lc 9,22-25",Lucas,4,4,0,,34,5,0.147,acel anci carg caus cier conm dese diri
7084TOCPAX.html,4,Miércoles de la octava de Pascua,evangelio,"Lc 24,13-35",Lucas,23,23,0,,116,17,0.147,abia abla abri acel acer adel adem alde
1028APAD06.html,1,Séptimo domingo de Pascua,segunda lectura,"1 P 4,13-16",Petri I,4,4,0,,27,4,0.148,aleg auer ceri comp cuan dico entr erma
1030APAD07.html,3,Séptimo domingo de Pascua,segunda lectura,"1 P 4,13-16",Petri I,4,4,0,,27,4,0.148,aleg auer ceri comp cuan dico entr erma
2044BTOD11.html,5,Domingo de la 11ª semana de Tiempo Ordinario,evangelio,"Mc 4,26-34",Marcus,9,9,0,,54,8,0.148,acel acom anid brot cobi cose crec cuan
2051BTOD18.html,1,Domingo de la 18ª semana de Tiempo Ordinario,primera lectura,"Ex 16,2-4.12-15",Exodus,7,7,0,,61,9,0.148,abei abia acel acia alre ambr apar arta
3063CTOD30.html,2,leccionario ciclo C.Domingo de la 30ª semana de tiempo ordinario,salmo responsorial,"Sal 33,3.17-18.19.23",Psalmi,5,5,0,,27,4,0.148,abat acog alab aleg angu atri bend borr
4017ITOV03.html,4,Viernes de la 3ª semana de Tiempo Ordinario,evangelio,"Mc 4,26-34",Marcus,9,9,0,,54,8,0.148,acel acom anid brot cobi cose crec cuan
4055ITOL10.html,4,Lunes de la 10ª semana de Tiempo Ordinario,evangelio,"Mt 5,1-12",Matthæus,12,12,0,,54,8,0.148,abla acel acer alca aleg ambr ante calu
4107ITOV18.html,2,Viernes de la 18ª semana de Tiempo Ordinario,salmo responsorial,"Sal 76,12-13.14-15.16.21",Psalmi,6,6,0,,27,4,0.148,acie anti azan braz cami cons gran guia
4153ITOX26.html,1,Miércoles de la 26ª semana de Tiempo Ordinario,primera lectura,"Ne 2,1-8",Nehemiæ,8,8,0,,61,9,0.148,alan anad asta bosc cart ciel ciud conc
4155ITOV26.html,4,Viernes de la 26ª semana de Tiempo Ordinario,evangelio,"Lc 10,13-16",Lucas,4,4,0,,27,4,0.148,abri acel baia ceni ciel cien conu enui
4162ITOS27.html,2,Sábado de la 27ª semana de Tiempo Ordinario,salmo responsorial,"Sal 96,1-2.5-6.11-12",Psalmi,6,6,0,,27,4,0.148,aleg aman cele ciel cont cora dere derr
4221PTOV03.html,4,Viernes de la 3ª semana de Tiempo Ordinario,evangelio,"Mc 4,26-34",Marcus,9,9,0,,54,8,0.148,acel acom anid brot cobi cose crec cuan
4259PTOL10.html,4,Lunes de la 10ª semana de Tiempo Ordinario,evangelio,"Mt 5,1-12",Matthæus,12,12,0,,54,8,0.148,abla acel acer alca aleg ambr ante calu
4276PTOS12.html,1,Sábado de la 12ª semana de Tiempo Ordinario,primera lectura,"Lm 2,2.10-14.18-19",Lamentationes,8,8,0,,81,12,0.148,acia amar ambr anci anun asem asta braz
4285PTOX14.html,2,Miércoles de la 14ª semana de Tiempo Ordinario,salmo responsorial,"Sal 104,2-3.4-5.6-7",Psalmi,6,6,0,,27,4,0.148,abla aleg alel busc cont eleg esti glor
4292PTOJ15.html,1,Jueves de la 15ª semana de Tiempo Ordinario,primera lectura,"Is 26,7-9.12.16-19",Isaias,8,8,0,,54,8,0.148,acud alan alza ansi apre cada cuan dara
4359PTOV26.html,4,Viernes de la 26ª semana de Tiempo Ordinario,evangelio,"Lc 10,13-16",Lucas,4,4,0,,27,4,0.148,abri acel baia ceni ciel cien conu enui
4366PTOS27.html,2,Sábado de la 27ª semana de Tiempo Ordinario,salmo responsorial,"Sal 104,2-3.4-5.6-7",Psalmi,6,6,0,,27,4,0.148,abla aleg alel busc cont eleg esti glor
4388PTOJ31.html,2,Jueves de la 31ª semana de Tiempo Ordinario,salmo responsorial,"Sal 104,2-3.4-5.6-7",Psalmi,6,6,0,,27,4,0.148,abla aleg alel busc cont eleg esti glor
7014TAVM03.html,1,Martes de la 3ª semana de Adviento,primera lectura,"So 3,1-2.9-13",Sophonias,7,7,0,,54,8,0.148,acel acep acer alar arra auer brau ciud
7018TFPD17.html,2,Feria de Adviento. — Día 17 de diciembre.,salmo responsorial,"Sal 71,1-2.3-4ab.7-8.17",Psalmi,7,7,0,,27,4,0.148,asta bend cola conf defi dico eter falt
7067TCUX04.html,4,Miércoles de la 4ª semana de Cuaresma,evangelio,"Jn 5,17-30",Joannes,14,14,0,,61,9,0.148,abol acel acer acie actu aian aseg asom
7096TPAX03.html,2,Miércoles de la tercera semana de Pascua,salmo responsorial,"Sal 65,1-3a.4-5.6-7a",Psalmi,7,7,0,,27,4,0.148,acla aleg alel atra deci ente fauo firm
7116TPAV06.html,2,Viernes de la sexta semana de Pascua,salmo responsorial,"Sal 46,2-3.4-5.6-7",Psalmi,6,6,0,,27,4,0.148,acla alel amad asci bati empe entr esco
1022AVIPAS.html,14,Vigilia Pascual,sexta lectura,"Ba 3,9-15.32—4,4",Baruch,,18,,,74,11,0.149,aban abis agra alma amad anim apar apre
1042ATOD09.html,5,Domingo de la 9ª semana de Tiempo Ordinario,evangelio,"Mt 7,21-27",Matthæus,7,7,0,,47,7,0.149,acel alei ciel cime cono cont cump decl
2022BVIPAS.html,14,Vigilia Pascual,sexta lectura,"Ba 3,9-15.32—4,4",Baruch,,18,,,74,11,0.149,aban abis agra alma amad anim apar apre
3015CCUD02.html,3,Segundo domingo de Cuaresma,segunda lectura,"Flp 3,17—4,1",Ad Philippenses,,6,,,47,7,0.149,agua aleg anda anor aora aspi ceri ciel
3022AVIPAS.html,14,Vigilia Pascual,sexta lectura,"Ba 3,9-15.32—4,4",Baruch,,18,,,74,11,0.149,aban abis agra alma amad anim apar apre
3029CFASCE.html,5,La Ascensión del Señor,evangelio,"Lc 24,46-53",Lucas,8,8,0,,47,7,0.149,acel acia aleg asta bend ceda ciel ciud
4030ITOS05.html,1,Sábado de la 5ª semana de Tiempo Ordinario,primera lectura,"Gn 3,9-24",Genesis,16,16,0,,94,14,0.149,aber abia agit ansi arbo arra asta brot
4034ITOJ06.html,2,Jueves de la 6ª semana de Tiempo Ordinario,salmo responsorial,"Sal 101,16-18.19-21.29.22-23",Psalmi,9,9,0,,47,7,0.149,alab anun apar caut cede ciel cond cuan
4045ITOX08.html,4,Miércoles de la 8ª semana de Tiempo Ordinario,evangelio,"Mc 10,32-45",Marcus,14,14,0,,74,11,0.149,acel acer adel agas apar asus azot baut
4110ITOM19.html,1,Martes de la 19ª semana de Tiempo Ordinario,primera lectura,"Dt 31,1-8",Deuteronomium,8,8,0,,47,7,0.149,aban acob adem apod arei arra auan cien
4121ITOL21.html,1,Lunes de la 21ª semana de Tiempo Ordinario,primera lectura,"1 Ts 1,1-5.8b-10",Ad Thessalonicenses I,8,8,0,,67,10,0.149,aban abia acog acti actu adem agua amad
4133ITOL23.html,1,Lunes de la 23ª semana de Tiempo Ordinario,primera lectura,"Col 1,24—2,3",Ad Colossenses,,9,,,67,10,0.149,aleg amon anim anun aora asig busc capt
4151ITOL26.html,2,Lunes de la 26ª semana de Tiempo Ordinario,salmo responsorial,"Sal 101,16-18.19-21.29.22-23",Psalmi,9,9,0,,47,7,0.149,alab anun apar caut cede ciel cond cuan
4249PTOX08.html,4,Miércoles de la 8ª semana de Tiempo Ordinario,evangelio,"Mc 10,32-45",Marcus,14,14,0,,74,11,0.149,acel acer adel agas apar asus azot baut
4308PTOM18.html,2,Martes de la 18ª semana de Tiempo Ordinario,salmo responsorial,"Sal 101,16-18.19-21.29.22-23",Psalmi,9,9,0,,47,7,0.149,alab anun apar caut cede ciel cond cuan
4322PTOJ20.html,1,Jueves de la 20ª semana de Tiempo Ordinario,primera lectura,"Ez 36,23-28",Ezechiel,6,6,0,,47,7,0.149,abei arra cami cast cono cuan cump derr
4328PTOJ21.html,1,Jueves de la 21ª semana de Tiempo Ordinario,primera lectura,"1 Co 1,1-9",Ad Corinthios I,9,9,0,,47,7,0.149,abei abla acci acus agua asta care cons
4389PTOV31.html,1,Viernes de la 31ª semana de Tiempo Ordinario,primera lectura,"Flp 3,17—4,1",Ad Philippenses,,6,,,47,7,0.149,agua aleg anda anor aora aspi ceri ciel
7052TCUM02.html,1,Martes de la 2ª semana de Cuaresma,primera lectura,"Is 1,10.16-20",Isaias,6,6,0,,47,7,0.149,acci apar apre aunc blan busc ceda cesa
2015BCUD02.html,5,Segundo domingo de Cuaresma,evangelio,"Mc 9,2-10",Marcus,9,9,0,,60,9,0.15,abei acel acer alre amad apar asta asus
2049BTOD16.html,5,Domingo de la 16ª semana de Tiempo Ordinario,evangelio,"Mc 6,30-34",Marcus,5,5,0,,40,6,0.15,abia acel adel alde anda apar barc calm
4024ITOS04.html,4,Sábado de la 4ª semana de Tiempo Ordinario,evangelio,"Mc 6,30-34",Marcus,5,5,0,,40,6,0.15,abia acel adel alde anda apar barc calm
4031ITOL06.html,4,Lunes de la 6ª semana de Tiempo Ordinario,evangelio,"Mc 8,11-13",Marcus,3,3,0,,20,3,0.15,acel aseg ciel disc emba iesu nueu oril
4090ITOS15.html,4,Sábado de la 15ª semana de Tiempo Ordinario,evangelio,"Mt 12,14-21",Matthæus,8,8,0,,40,6,0.15,acab acel amad anun apag asta cale casc
4092ITOM16.html,2,Martes de la 16ª semana de Tiempo Ordinario,salmo responsorial,"Ex 15,8-9.10.12.17.17",Exodus,5,5,0,,40,6,0.15,agar agua alca alie alza amon boti codi
4093ITOX16.html,2,Miércoles de la 16ª semana de Tiempo Ordinario,salmo responsorial,"Sal 77,18-19.23-24.25-26.27-28",Psalmi,8,8,0,,40,6,0.15,abla abri alre artu asta camp cele ciel
4228PTOS04.html,5,Sábado de la 4ª semana de Tiempo Ordinario,evangelio,"Mc 6,30-34",Marcus,5,5,0,,40,6,0.15,abia acel adel alde anda apar barc calm
4235PTOL06.html,4,Lunes de la 6ª semana de Tiempo Ordinario,evangelio,"Mc 8,11-13",Marcus,3,3,0,,20,3,0.15,acel aseg ciel disc emba iesu nueu oril
4248PTOM08.html,1,Martes de la 8ª semana de Tiempo Ordinario,primera lectura,"1 P 1,10-16",Petri I,7,7,0,,60,9,0.15,acci acel amol ansi ante anti anun aora
4274PTOJ12.html,1,Jueves de la 12ª semana de Tiempo Ordinario,primera lectura,"2 R 24,8-17",Regum IV,10,10,0,,60,9,0.15,abia acel apre apto camb cedo cerc cerr
4294PTOS15.html,4,Sábado de la 15ª semana de Tiempo Ordinario,evangelio,"Mt 12,14-21",Matthæus,8,8,0,,40,6,0.15,acab acel amad anun apag asta cale casc
4399PTOX33.html,2,Miércoles de la 33ª semana de Tiempo Ordinario,salmo responsorial,"Sal 150,1-2.3-4.5-6",Psalmi,6,6,0,,20,3,0.15,alab alie arpa danz flau fuer gran inme
7015TAVX03.html,4,Miércoles de la 3ª semana de Adviento,evangelio,"Lc 7,19-23",Lucas,5,5,0,,40,6,0.15,abei acac acel anda anun baut ceda cieg
7043TFVIDC.html,3,Viernes después de Cenizas,evangelio,"Mt 9,14-15",Matthæus,2,2,0,,20,3,0.15,acel acer aiun camb elos ento guar inui
3064CTOD31.html,5,Domingo de la 31ª semana de Tiempo Ordinario,evangelio,"Lc 19,1-10",Lucas,10,10,0,,53,8,0.151,acel adel algu aloi apro atra bien busc
4097ITOL17.html,1,Lunes de la 17ª semana de Tiempo Ordinario,primera lectura,"Ex 32,15-24.30-34",Exodus,15,15,0,,73,11,0.151,abei abia acar acel acer acie agar alia
4115ITOL20.html,1,Lunes de la 20ª semana de Tiempo Ordinario,primera lectura,"Jc 2,11-19",Judicum,9,9,0,,73,11,0.151,aban abia acel acia alre apar band cami
4128ITOM22.html,1,Martes de la 22ª semana de Tiempo Ordinario,primera lectura,"1 Ts 5,1-6.9-11",Ad Thessalonicenses I,9,9,0,,53,8,0.151,acei aiud anim cast circ crec cuan dema
4194ITOM33.html,4,Martes de la 33ª semana de Tiempo Ordinario,evangelio,"Lc 19,1-10",Lucas,10,10,0,,53,8,0.151,acel adel algu aloi apro atra bien busc
4398PTOM33.html,1,Martes de la 33ª semana de Tiempo Ordinario,primera lectura,"Ap 3,1-6.14-22",Apocalypsis,15,15,0,,93,14,0.151,abla acon acue algu arre aunc blan borr
4398PTOM33.html,4,Martes de la 33ª semana de Tiempo Ordinario,evangelio,"Lc 19,1-10",Lucas,10,10,0,,53,8,0.151,acel adel algu aloi apro atra bien busc
1059ATOD26.html,3,Domingo de la 26ª semana de Tiempo Ordinario,segunda lectura,"Flp 2,1-11",Ad Philippenses,11,11,0,,66,10,0.152,abis actu alar aleg aliu asta busc cate
1065ATOD32.html,2,Domingo de la 32ª semana de Tiempo Ordinario,salmo responsorial,"Sal 62,2.3-4.5-6.7-8",Psalmi,7,7,0,,33,5,0.152,acue agot alab alza ansi auxi bend cant
2018BCUD05.html,2,Quinto domingo de Cuaresma,salmo responsorial,"Sal 129,1-2.3-4ab.4c-6.7-8",Psalmi,8,8,0,,33,5,0.152,agua aten auro cent cien cuen deli desd
2061BTOD28.html,1,Domingo de la 28ª semana de Tiempo Ordinario,primera lectura,"Sb 7,7-11",Sapientia,5,5,0,,33,5,0.152,abia barr bele bien cetr cise conc ecip
2065BTOD32.html,3,Domingo de la 32ª semana de Tiempo Ordinario,segunda lectura,"Hb 9,24-28",Ad Hebræos,5,5,0,,46,7,0.152,aber aien apar ciel cita cuan desd desp
3039CTOD06.html,2,Domingo de la 6ª semana de Tiempo Ordinario,salmo responsorial,"Sal 1,1-2.3.4.6",Psalmi,5,5,0,,33,5,0.152,acab acec arbo arre bord cami cini cuan
4002ITOM01.html,2,Martes de la 1ª semana de Tiempo Ordinario,salmo responsorial,"Sal 8,2a.5.6-7.8-9",Psalmi,6,6,0,,33,5,0.152,acue asta best ciel darl dign dist duen
4010ITOJ02.html,4,Jueves de la 2ª semana de Tiempo Ordinario,evangelio,"Mc 3,7-12",Marcus,6,6,0,,46,7,0.152,abia acel acia acud asta cerc cono cosa
4014ITOM03.html,2,Martes de la 3ª semana de Tiempo Ordinario,salmo responsorial,"Sal 39,2.4ab.7-8a.10.11",Psalmi,6,6,0,,33,5,0.152,abri ansi asam camb cerr cier cont defe
4040ITOJ07.html,2,Jueves de la 7ª semana de Tiempo Ordinario,salmo responsorial,"Sal 1,1-2.3.4.6",Psalmi,5,5,0,,33,5,0.152,acab acec arbo arre bord cami cini cuan
4160ITOJ27.html,2,Jueves de la 27ª semana de Tiempo Ordinario,salmo responsorial,"Sal 1,1-2a.3.4.6",Psalmi,5,5,0,,33,5,0.152,acab acec arbo arre bord cami cini cuan
4172ITOJ29.html,2,Jueves de la 29ª semana de Tiempo Ordinario,salmo responsorial,"Sal 1,1-2.3.4.6",Psalmi,5,5,0,,33,5,0.152,acab acec arbo arre bord cami cini cuan
4214PTOJ02.html,4,Jueves de la 2ª semana de Tiempo Ordinario,evangelio,"Mc 3,7-12",Marcus,6,6,0,,46,7,0.152,abia acel acia acud asta cerc cono cosa
4261PTOX10.html,1,Miércoles de la 10ª semana de Tiempo Ordinario,primera lectura,"1 R 18,20-39",Regum III,20,20,0,,112,17,0.152,abia acel acer alre anad apil asin asta
4344PTOM24.html,1,Martes de la 24ª semana de Tiempo Ordinario,primera lectura,"1 Co 12,12-14.27-31a",Ad Corinthios I,8,8,0,,46,7,0.152,abla acas acen ambi baut bebi bene cuer
4369PTOX28.html,2,Miércoles de la 28ª semana de Tiempo Ordinario,salmo responsorial,"Sal 1,1-2.3.4.6",Psalmi,5,5,0,,33,5,0.152,acab acec arbo arre bord cami cini cuan
4379PTOL30.html,2,Lunes de la 30ª semana de Tiempo Ordinario,salmo responsorial,"Sal 1,1-2.3.4.6",Psalmi,5,5,0,,33,5,0.152,acab acec arbo arre bord cami cini cuan
4386PTOM31.html,2,Martes de la 31ª semana de Tiempo Ordinario,salmo responsorial,"Sal 21,26b-27.28-30a.31-32",Psalmi,7,7,0,,33,5,0.152,abla alab asta busc ceni come conf cont
4397PTOL33.html,2,Lunes de la 33ª semana de Tiempo Ordinario,salmo responsorial,"Sal 1,1-2.3.4.6",Psalmi,5,5,0,,33,5,0.152,acab acec arbo arre bord cami cini cuan
7011TAVV02.html,2,Viernes de la 2ª semana de Adviento,salmo responsorial,"Sal 1,1-2.3.4.6",Psalmi,5,5,0,,33,5,0.152,acab acec arbo arre bord cami cini cuan
7042TFJUDC.html,2,Jueves después de Cenizas,salmo responsorial,"Sal 1,1-2.3.4.6",Psalmi,5,5,0,,33,5,0.152,acab acec arbo arre bord cami cini cuan
7054TCUJ02.html,2,Jueves de la 2ª semana de Cuaresma,salmo responsorial,"Sal 1,1-2.3.4.6",Psalmi,5,5,0,,33,5,0.152,acab acec arbo arre bord cami cini cuan
7105TPAS04.html,4,Sábado de la cuarta semana de Pascua,evangelio,"Jn 14,7-14",Joannes,8,8,0,,33,5,0.152,abei ablo acel aora aseg bast cien cono
2002BAVD02.html,1,Domingo 2º de Adviento,primera lectura,"Is 40,1-5.9-11",Isaias,8,8,0,,59,9,0.153,abai abla alan alza apac braz calz cami
3013CFBASE.html,6,Bautismo del Señor,primera lectura,"Is 40,1-5.9-11",Isaias,8,8,0,,59,9,0.153,abai abla alan alza apac braz calz cami
4156ITOS26.html,1,Sábado de la 26ª semana de Tiempo Ordinario,primera lectura,"Ba 4,5-12.27-29",Baruch,11,11,0,,59,9,0.153,aban abia abit acor afli aleg alei anic
4390PTOS31.html,1,Sábado de la 31ª semana de Tiempo Ordinario,primera lectura,"Flp 4,10-19",Ad Philippenses,10,10,0,,72,11,0.153,aber abia abri acel acep acum adem agra
7038TFJDEP.html,4,10 DE ENERO — Jueves después de Epifanía,evangelio,"Lc 4,14-22a",Lucas,9,9,0,,59,9,0.153,abia acab acel acer admi aiud alab anun
1028APAD06.html,1,Sexto domingo de Pascua,primera lectura,"Hch 8,5-8.14-17",Actus Apostolorum,8,8,0,,52,8,0.154,abia abla acel acia aleg apro asta baia
3042CTOD09.html,2,Domingo de la 9ª semana de Tiempo Ordinario,salmo responsorial,"Sal 116,1.2",Psalmi,2,2,0,,13,2,0.154,acla alab fide firm naci noso pueb seno
3042CTOD09.html,3,Domingo de la 9ª semana de Tiempo Ordinario,segunda lectura,"Ga 1,1-2.6-10",Ad Galatas,7,7,0,,52,8,0.154,aban agra aiai algu anun apro busc ciel
3047CTOD14.html,4,Domingo de la 14ª semana de Tiempo Ordinario,aleluya,"Col 3,15a.16a",Ad Colossenses,2,2,0,,13,2,0.154,actu alel alte arbi cora entr pala rice
3052CTOD19.html,3,Domingo de la 19ª semana de Tiempo Ordinario,segunda lectura,"Hb 11,1-2.8-19",Ad Hebræos,14,14,0,,91,14,0.154,aber abia abla acer acia adon anor ansi
3053CTOD20.html,1,Domingo de la 20ª semana de Tiempo Ordinario,primera lectura,"Jr 38,4-6.8-10",Jeremias,6,6,0,,52,8,0.154,abia ablo acel alii ambr arro busc ceda
3054CTOD21.html,2,Domingo de la 21ª semana de Tiempo Ordinario,salmo responsorial,"Sal 116,1.2",Psalmi,2,2,0,,13,2,0.154,acla alab fide firm naci noso pueb seno
4018ITOS03.html,1,Sábado de la 3ª semana de Tiempo Ordinario,primera lectura,"Hb 11,1-2.8-19",Ad Hebræos,14,14,0,,91,14,0.154,aber abia abla acer acia adon anor ansi
4039ITOX07.html,2,Miércoles de la 7ª semana de Tiempo Ordinario,salmo responsorial,"Sal 118,165.168.171.172.174.175",Psalmi,6,6,0,,26,4,0.154,alab ansi auxi brot cami cant decr deli
4053ITOV09.html,4,Viernes de la 9ª semana de Tiempo Ordinario,evangelio,"Mc 12,35-37",Marcus,3,3,0,,26,4,0.154,acel dere disf enem ense escr escu espi
4080ITOM14.html,1,Martes de la 14ª semana de Tiempo Ordinario,primera lectura,"Gn 32,22-32",Genesis,11,11,0,,52,8,0.154,acel arti asta atra bend ceda cedo coie
4133ITOL23.html,2,Lunes de la 23ª semana de Tiempo Ordinario,salmo responsorial,"Sal 61,6-7.9",Psalmi,3,3,0,,13,2,0.154,alca conf desa desc espe nues porc pueb
4148ITOJ25.html,4,Jueves de la 25ª semana de Tiempo Ordinario,evangelio,"Lc 9,7-9",Lucas,3,3,0,,26,4,0.154,abia acel apar aten cien cosa deca deci
4167ITOV28.html,1,Viernes de la 28ª semana de Tiempo Ordinario,primera lectura,"Rm 4,1-8",Ad Romanos,8,8,0,,39,6,0.154,aber absu camb cedo cien crei cuen culp
4173ITOV29.html,2,Viernes de la 29ª semana de Tiempo Ordinario,salmo responsorial,"Sal 118,66.68.76.77.93.94",Psalmi,6,6,0,,26,4,0.154,aces alca bond buen comp cuan decr deli
4188ITOM32.html,1,Martes de la 32ª semana de Tiempo Ordinario,primera lectura,"Sb 2,23—3,9",Sapientia,,12,,,65,10,0.154,apia camb cana cast cier cisp comp cons
4218PTOM03.html,2,Martes de la 3ª semana de Tiempo Ordinario,salmo responsorial,"Sal 23,7.8.9.10",Psalmi,4,4,0,,13,2,0.154,alce alza anti cien comp dint eier entr
4231PTOX05.html,2,Miércoles de la 5ª semana de Tiempo Ordinario,salmo responsorial,"Sal 36,5-6.30-31.39-40",Psalmi,6,6,0,,26,4,0.154,acog actu alca aman cami cien conf cora
4257PTOV09.html,4,Viernes de la 9ª semana de Tiempo Ordinario,evangelio,"Mc 12,35-37",Marcus,3,3,0,,26,4,0.154,acel dere disf enem ense escr escu espi
4262PTOJ10.html,2,Jueves de la 10ª semana de Tiempo Ordinario,salmo responsorial,"Sal 64,10abcd.10e-11.12-13",Psalmi,4,4,0,,26,4,0.154,abun acec aleg bend bien brot carr coli
4295PTOL16.html,2,Lunes de la 16ª semana de Tiempo Ordinario,salmo responsorial,"Sal 49,5-6.8-9.16bc-17.21.23",Psalmi,8,8,0,,39,6,0.154,acep aces acus alia bece cabr cala cami
4306PTOS17.html,1,Sábado de la 17ª semana de Tiempo Ordinario,primera lectura,"Jr 26,11-16.24",Jeremias,7,7,0,,52,8,0.154,abei abla acci aced acel aiic aora arre
4352PTOJ25.html,4,Jueves de la 25ª semana de Tiempo Ordinario,evangelio,"Lc 9,7-9",Lucas,3,3,0,,26,4,0.154,abia acel apar aten cien cosa deca deci
4363PTOX27.html,2,Miércoles de la 27ª semana de Tiempo Ordinario,salmo responsorial,"Sal 116,1.2",Psalmi,2,2,0,,13,2,0.154,acla alab fide firm naci noso pueb seno
7032TF05EN.html,1,5 de enero,primera lectura,"1 Jn 3,11-21",Joannis I,11,11,0,,52,8,0.154,abei amam amem ases buen ceri cier conc
7098TPAV03.html,2,Viernes de la tercera semana de Pascua,salmo responsorial,"Sal 116,1.2",Psalmi,2,2,0,,13,2,0.154,acla alab fide firm naci noso pueb seno
7113TPAM06.html,2,Martes de la sexta semana de Pascua,salmo responsorial,"Sal 137,1-2a.2bc.3.7c-8",Psalmi,5,5,0,,26,4,0.154,aban acia acre alel comp conm cora cuan
7118TPAL07.html,1,Lunes de la séptima semana de Pascua,primera lectura,"Hch 19,1-8",Actus Apostolorum,8,8,0,,52,8,0.154,abei abla ablo acep atra baut cont conu
7120TPAX07.html,2,Miércoles de la séptima semana de Pascua,salmo responsorial,"Sal 67,29-30.33-35a.35b.36c",Psalmi,6,6,0,,26,4,0.154,actu alel anti auan bend ciel desp fauo
2009BFSAFA.html,5,La Sagrada Familia,evangelio,"Lc 2,22-40",Lucas,19,19,0,,110,17,0.155,abia abla acel acer acom acti acue admi
4212PTOM02.html,1,Martes de la 2ª semana de Tiempo Ordinario,primera lectura,"1 S 16,1-13",Regum I,13,13,0,,84,13,0.155,acei acel acer adel anci ansi apar asta
4273PTOX12.html,1,Miércoles de la 12ª semana de Tiempo Ordinario,primera lectura,"2 R 22,13.23,1-3",Regum IV,4,4,0,,71,11,0.155,abia acbo acel acom aiic alia anci asai
4293PTOV15.html,1,Viernes de la 15ª semana de Tiempo Ordinario,primera lectura,"Is 38,1-6.21-22.7-8",Isaias,10,10,0,,58,9,0.155,abia acel acue agra anad apli auan baia
7086TOCPAV.html,4,Viernes de la octava de Pascua,evangelio,"Jn 21,1-14",Joannes,14,14,0,,84,13,0.155,acab acel acer almo aman apar apod arra
1018ACUD05.html,2,Quinto domingo de Cuaresma,salmo responsorial,"Sal 129,1-2.3-4ab.4c-6.7-8",Psalmi,8,8,0,,32,5,0.156,agua aten auro cent cien cuen deli desd
2033BFCORP.html,5,Santísimo Cuerpo y Sangre de Cristo,evangelio,"Mc 14,12-16.22-26",Marcus,10,10,0,,64,10,0.156,abia abit acci alia arre arri aseg asta
2038BTOD05.html,2,Domingo de la 5ª semana de Tiempo Ordinario,salmo responsorial,"Sal 146,1-2.3-4.5-6",Psalmi,6,6,0,,32,5,0.156,alab armo asta buen cora cuen depo dest
2043BTOD10.html,2,Domingo de la 10ª semana de Tiempo Ordinario,salmo responsorial,"Sal 129,1-2.3-4.5-6.7-8",Psalmi,8,8,0,,32,5,0.156,agua aten auro cent cien cuen deli desd
3018CCUD05.html,2,Quinto domingo de Cuaresma,salmo responsorial,"Sal 129,1-2.3-4ab.4c-6.7-8",Psalmi,8,8,0,,32,5,0.156,agua aten auro cent cien cuen deli desd
4044ITOM08.html,1,Martes de la 8ª semana de Tiempo Ordinario,primera lectura,"Eclo 35,1-15",Ecclesiasticus,15,15,0,,45,7,0.156,acci acep agra alab apar arin arom asta
4098ITOM17.html,4,Martes de la 17ª semana de Tiempo Ordinario,evangelio,"Mt 13,36-43",Matthæus,8,8,0,,45,7,0.156,acel acer acla arra arro bril buen camp
4123ITOX21.html,1,Miércoles de la 21ª semana de Tiempo Ordinario,primera lectura,"1 Ts 2,9-13",Ad Thessalonicenses I,5,5,0,,45,7,0.156,acog anim cesa crei ener entr erma esfu
4161ITOV27.html,2,Viernes de la 27ª semana de Tiempo Ordinario,salmo responsorial,"Sal 9,2-3.6.16.8-9",Psalmi,6,6,0,,32,5,0.156,aleg apel borr cedo colo cont cora dest
4185ITOV31.html,1,Viernes de la 31ª semana de Tiempo Ordinario,primera lectura,"Rm 15,14-21",Ad Romanos,8,8,0,,64,10,0.156,abia abla acci acon agra aien anun asta
4302PTOM17.html,4,Martes de la 17ª semana de Tiempo Ordinario,evangelio,"Mt 13,36-43",Matthæus,8,8,0,,45,7,0.156,acel acer acla arra arro bril buen camp
7006TAVS01.html,2,Sábado de la 1ª semana de Adviento,salmo responsorial,"Sal 146,1-2.3-4.5-6",Psalmi,6,6,0,,32,5,0.156,alab armo asta buen cora cuen depo dest
7029TF02EN.html,1,2 de enero,primera lectura,"1 Jn 2,22-28",Joannis I,7,7,0,,45,7,0.156,abei acer aora auer cede ceri cien cosa
7049TCUV01.html,2,Viernes de la 1ª semana de Cuaresma,salmo responsorial,"Sal 129,1-2.3-4.5-7a.7bc-8",Psalmi,8,8,0,,32,5,0.156,agua aten auro cent cien cuen deli desd
7081JUSAMC.html,3,Jueves Santo — Misa Crismal,evangelio,"Lc 4,16-21",Lucas,6,6,0,,45,7,0.156,abia acab acel acer aiud anun caut cieg
7124Textos_comunes.html,6,TEXTOS COMUNES PARA EL CANTO DEL SALMO RESPONSORIAL,salmo responsorial,"Sal 129,1-2.3-4.5-6ab.7bc-8",Psalmi,8,8,0,,32,5,0.156,agua aten auro cent cien cuen deli desd
1018ACUD05.html,6,Quinto domingo de Cuaresma,evangelio,"Jn 11,3-7.17.20-27.33b-45",Joannes,27,27,0,,102,16,0.157,abei aber abia abie abri acab acel afue
1029AFASCE.html,1,La Ascensión del Señor,primera lectura,"Hch 1,1-11",Actus Apostolorum,11,11,0,,89,14,0.157,abei abia abla ablo acei acie agua alei
2018BCUD05.html,6,Quinto domingo de Cuaresma,evangelio,"Jn 11,3-7.17.20-27.33b-45",Joannes,27,27,0,,102,16,0.157,abei aber abia abie abri acab acel afue
2029BFASCE.html,1,La Ascensión del Señor,primera lectura,"Hch 1,1-11",Actus Apostolorum,11,11,0,,89,14,0.157,abei abia abla ablo acei acie agua alei
3018CCUD05.html,6,Quinto domingo de Cuaresma,evangelio,"Jn 11,3-7.17.20-27.33b-45",Joannes,27,27,0,,102,16,0.157,abei aber abia abie abri acab acel afue
3029CFASCE.html,1,La Ascensión del Señor,primera lectura,"Hch 1,1-11",Actus Apostolorum,11,11,0,,89,14,0.157,abei abia abla ablo acei acie agua alei
3036CTOD03.html,1,Domingo de la 3ª semana de Tiempo Ordinario,primera lectura,"Ne 8,2-4a.5-6.8-10",Nehemiæ,8,8,0,,83,13,0.157,abia abri acel agai alab aman anad anda
4074ITOM13.html,1,Martes de la 13ª semana de Tiempo Ordinario,primera lectura,"Gn 19,15-29",Genesis,15,15,0,,83,13,0.157,abei abia acce acel acer acor agar alca
4219PTOX03.html,1,Miércoles de la 3ª semana de Tiempo Ordinario,primera lectura,"2 S 7,4-17",Regum II,14,14,0,,83,13,0.157,acab acas acel acue adel adem afir afli
4313PTOL19.html,1,Lunes de la 19ª semana de Tiempo Ordinario,primera lectura,"Ez 1,2-5.24-28c",Ezechiel,9,9,0,,70,11,0.157,abai abat abia agua apar apoi arri bril
7020TFPD19.html,1,Feria de Adviento. — Día 19 de diciembre.,primera lectura,"Jc 13,2-7.24-25a",Judicum,8,8,0,,51,8,0.157,abia acel agit ante apar aspe asta bebe
1007TNSMDA.html,2,Natividad del Señor,salmo responsorial,"Sal 96,1.6.11-12",Psalmi,4,4,0,,19,3,0.158,aleg aman cele ciel cont cora innu isla
2007TNSMDA.html,2,Natividad del Señor,salmo responsorial,"Sal 96,1.6.11-12",Psalmi,4,4,0,,19,3,0.158,aleg aman cele ciel cont cora innu isla
3007TNSMDA.html,2,Natividad del Señor,salmo responsorial,"Sal 96,1.6.11-12",Psalmi,4,4,0,,19,3,0.158,aleg aman cele ciel cont cora innu isla
3048CTOD15.html,2,Domingo de la 15ª semana de Tiempo Ordinario,salmo responsorial,"Sal 68,14.17.30-31.33-34.36ab.37",Psalmi,8,8,0,,38,6,0.158,acia aiud alab aleg bond busc caut ciud
3050CTOD17.html,2,Domingo de la 17ª semana de Tiempo Ordinario,salmo responsorial,"Sal 137,1-2a.2bc-3.6-7ab.7c-8",Psalmi,6,6,0,,38,6,0.158,aban acia acre braz cami comp conm cono
4026ITOM05.html,4,Martes de la 5ª semana de Tiempo Ordinario,evangelio,"Mc 7,1-13",Marcus,13,13,0,,76,12,0.158,acei acel acer afer aiud algu anad ante
4050ITOM09.html,4,Martes de la 9ª semana de Tiempo Ordinario,evangelio,"Mc 12,13-17",Marcus,5,5,0,,38,6,0.158,acel acer admi cami caza ceda cien coge
4081ITOX14.html,1,Miércoles de la 14ª semana de Tiempo Ordinario,primera lectura,"Gn 41,55-57.42,5-7.1.7-24a",Genesis,24,24,0,,95,15,0.158,abei abia ablo abri aced acel acep ambr
4122ITOM21.html,4,Martes de la 21ª semana de Tiempo Ordinario,evangelio,"Mt 23,23-26",Matthæus,4,4,0,,38,6,0.158,ablo abri acel aunc ceda cieg comi comp
4135ITOX23.html,1,Miércoles de la 23ª semana de Tiempo Ordinario,primera lectura,"Col 3,1-11",Ad Colossenses,11,11,0,,76,12,0.158,abei anda aora apar arri aspi asta atre
4194ITOM33.html,1,Martes de la 33ª semana de Tiempo Ordinario,primera lectura,"2 M 6,18-31",Machabæorum II,14,14,0,,120,19,0.158,abri acab acel acer acie acti adop agua
4230PTOM05.html,4,Martes de la 5ª semana de Tiempo Ordinario,evangelio,"Mc 7,1-13",Marcus,13,13,0,,76,12,0.158,acei acel acer afer aiud algu anad ante
4254PTOM09.html,4,Martes de la 9ª semana de Tiempo Ordinario,evangelio,"Mc 12,13-17",Marcus,5,5,0,,38,6,0.158,acel acer admi cami caza ceda cien coge
4326PTOM21.html,4,Martes de la 21ª semana de Tiempo Ordinario,evangelio,"Mt 23,23-26",Matthæus,4,4,0,,38,6,0.158,ablo abri acel aunc ceda cieg comi comp
7039TFVDEP.html,4,11 DE ENERO — Viernes después de Epifanía,evangelio,"Lc 5,12-16",Lucas,5,5,0,,38,6,0.158,abla acud anad ceda cier cons desp dici
7064MLCU04.html,1,Misa de libre elección: cuarta semana de Cuaresma,primera lectura,"Mi 7,7-9",Michæa,3,3,0,,19,3,0.158,aleg alza aten cond cont desg enem escu
1002AAVD02.html,5,Domingo 2º de Adviento,evangelio,"Mt 3,1-12",Matthæus,12,12,0,,82,13,0.159,acel acud agai alan alim anun apag auen
1011NAD02.html,3,2º Domingo después de Navidad,segunda lectura,"Ef 1,3-6.15-18",Ad Ephesios,8,8,0,,44,7,0.159,abla alab ante bend bien ceri clas comp
1020TFJUSA.html,5,Jueves santo — Misa de la cena del Señor,evangelio,"Jn 13,1-15",Joannes,15,15,0,,69,11,0.159,abia abie acab agai amad ante aora asta
2011TNAD02.html,3,2º Domingo después de Navidad,segunda lectura,"Ef 1,3-6.15-18",Ad Ephesios,8,8,0,,44,7,0.159,abla alab ante bend bien ceri clas comp
2020TFJUSA.html,5,Jueves santo — Misa de la cena del Señor,evangelio,"Jn 13,1-15",Joannes,15,15,0,,69,11,0.159,abia abie acab agai amad ante aora asta
3002CAVD02.html,1,Domingo 2º de Adviento,primera lectura,"Ba 5,1-9",Baruch,9,9,0,,63,10,0.159,abai acer acia afli alan aleg altu arbo
3011TNAD02.html,3,2º Domingo después de Navidad,segunda lectura,"Ef 1,3-6.15-18",Ad Ephesios,8,8,0,,44,7,0.159,abla alab ante bend bien ceri clas comp
3020TFJUSA.html,5,Jueves santo — Misa de la cena del Señor,evangelio,"Jn 13,1-15",Joannes,15,15,0,,69,11,0.159,abia abie acab agai amad ante aora asta
3054CTOD21.html,5,Domingo de la 21ª semana de Tiempo Ordinario,evangelio,"Lc 13,22-30",Lucas,9,9,0,,63,10,0.159,abre acel acia alde alei bebi cami ceda
4019ITOL04.html,4,Lunes de la 4ª semana de Tiempo Ordinario,evangelio,"Mc 5,1-20",Marcus,20,20,0,,107,17,0.159,abai abal abia acan acel acer anun aogo
4093ITOX16.html,1,Miércoles de la 16ª semana de Tiempo Ordinario,primera lectura,"Ex 16,1-5.9-15",Exodus,12,12,0,,82,13,0.159,abei abia abla acer acia aian alre ambr
4114ITOS19.html,1,Sábado de la 19ª semana de Tiempo Ordinario,primera lectura,"Jos 24,14-29",Josue,16,16,0,,88,14,0.159,aban abei aber abla acel algu anic cami
4177ITOX30.html,4,Miércoles de la 30ª semana de Tiempo Ordinario,evangelio,"Lc 13,22-30",Lucas,9,9,0,,63,10,0.159,abre acel acia alde alei bebi cami ceda
4223PTOL04.html,4,Lunes de la 4ª semana de Tiempo Ordinario,evangelio,"Mc 5,1-20",Marcus,20,20,0,,107,17,0.159,abai abal abia acan acel acer anun aogo
4286PTOJ14.html,1,Jueves de la 14ª semana de Tiempo Ordinario,primera lectura,"Os 11,1-4.8c-9",Osee,6,6,0,,44,7,0.159,alei alza anda ardo atra braz cede ceru
4381PTOX30.html,4,Miércoles de la 30ª semana de Tiempo Ordinario,evangelio,"Lc 13,22-30",Lucas,9,9,0,,63,10,0.159,abre acel acia alde alei bebi cami ceda
7003TAVX01.html,4,Miércoles de la 1ª semana de Adviento,evangelio,"Mt 15,29-37",Matthæus,9,9,0,,69,11,0.159,abla acel acud admi aiun anda asta bord
7088TPAL02.html,1,Lunes de la segunda semana de Pascua,primera lectura,"Hch 4,23-31",Actus Apostolorum,9,9,0,,69,11,0.159,abia acel alia amot anci anun aora braz
7104TPAV04.html,1,Viernes de la cuarta semana de Pascua,primera lectura,"Hch 13,26-33",Actus Apostolorum,8,8,0,,63,10,0.159,abia abie acel acom anti anun aora apar
1052ATOD19.html,2,Domingo de la 19ª semana de Tiempo Ordinario,salmo responsorial,"Sal 84,9ab-10.11-12.13-14",Psalmi,6,6,0,,25,4,0.16,abit amig anun besa brot cerc ciel desd
1057ATOD24.html,5,Domingo de la 24ª semana de Tiempo Ordinario,evangelio,"Mt 18,21-35",Matthæus,15,15,0,,75,12,0.16,acel adel agar aius arro asta ceda ciel
1067ATOD34.html,5,"Domingo de la 34ª semana de Tiempo Ordinario — Jesucristo, Rey del Universo",evangelio,"Mt 25,31-46",Matthæus,16,16,0,,75,12,0.16,acel alim ambr apar aseg asis bebe bend
2002BAVD02.html,2,Domingo 2º de Adviento,salmo responsorial,"Sal 84,9ab-10.11-12.13-14",Psalmi,6,6,0,,25,4,0.16,abit amig anun besa brot cerc ciel desd
2048BTOD15.html,2,Domingo de la 15ª semana de Tiempo Ordinario,salmo responsorial,"Sal 84,9ab-10.11-12.13-14",Psalmi,6,6,0,,25,4,0.16,abit amig anun besa brot cerc ciel desd
2062BTOD29.html,6,Domingo de la 29ª semana de Tiempo Ordinario,evangelio,"Mc 10,42-45",Marcus,4,4,0,,25,4,0.16,acel cier escl gran iefe ombr opri pala
3015CCUD02.html,4,Segundo domingo de Cuaresma,segunda lectura,"Flp 3,20—4,1",Ad Philippenses,,3,,,25,4,0.16,agua aleg anor ceri ciel ciud cuer dond
3044CTOD11.html,3,Domingo de la 11ª semana de Tiempo Ordinario,segunda lectura,"Ga 2,16.19-21",Ad Galatas,4,4,0,,25,4,0.16,anul asta cien cree crei cump efec emos
4058ITOJ10.html,2,Jueves de la 10ª semana de Tiempo Ordinario,salmo responsorial,"Sal 84,9ab-10.11-12.13-14",Psalmi,6,6,0,,25,4,0.16,abit amig anun besa brot cerc ciel desd
4155ITOV26.html,1,Viernes de la 26ª semana de Tiempo Ordinario,primera lectura,"Ba 1,15-22",Baruch,8,8,0,,50,8,0.16,abia abla abru acie aien aora asta conm
4188ITOM32.html,2,Martes de la 32ª semana de Tiempo Ordinario,salmo responsorial,"Sal 33,2-3.16-17.18-19",Psalmi,6,6,0,,25,4,0.16,abat alab aleg angu atri bend borr cerc
4189ITOX32.html,2,Miércoles de la 32ª semana de Tiempo Ordinario,salmo responsorial,"Sal 81,3-4.6-7",Psalmi,4,4,0,,25,4,0.16,aced alti aunc cere cual culp decl defe
4193ITOL33.html,2,Lunes de la 33ª semana de Tiempo Ordinario,salmo responsorial,"Sal 118,53.61.134.150.155.158",Psalmi,6,6,0,,25,4,0.16,aban acer busc decr enuu esta guar indi
4214PTOJ02.html,2,Jueves de la 2ª semana de Tiempo Ordinario,salmo responsorial,"Sal 55,2-3.9-10.11-12.13",Psalmi,7,6,-1,si,25,4,0.16,acci acer acos alab anot atac conf cuan
4233PTOV05.html,2,Viernes de la 5ª semana de Tiempo Ordinario,salmo responsorial,"Sal 80,10-11ab.12-13.14-15",Psalmi,6,6,0,,25,4,0.16,adue andu anto cami ciso cont cora enem
4283PTOL14.html,1,Lunes de la 14ª semana de Tiempo Ordinario,primera lectura,"Os 2,16.17b-18.21-22",Osee,5,5,0,,25,4,0.16,abla acel casa comp cont cora cort dere
4309PTOX18.html,1,Miércoles de la 18ª semana de Tiempo Ordinario,primera lectura,"Jr 31,1-7",Jeremias,7,7,0,,50,8,0.16,acel ador alab aleg apar bail cami cent
4324PTOS20.html,2,Sábado de la 20ª semana de Tiempo Ordinario,salmo responsorial,"Sal 84,9ab-10.11-12.13-14",Psalmi,6,6,0,,25,4,0.16,abit amig anun besa brot cerc ciel desd
4374PTOM29.html,2,Martes de la 29ª semana de Tiempo Ordinario,salmo responsorial,"Sal 84,9ab-10.11-12.13-14",Psalmi,6,6,0,,25,4,0.16,abit amig anun besa brot cerc ciel desd
4382PTOJ30.html,2,Jueves de la 30ª semana de Tiempo Ordinario,salmo responsorial,"Sal 143,1.2.9-10",Psalmi,4,4,0,,25,4,0.16,adie alca balu bend bien comb cuer dedo
4402PTOS33.html,2,Sábado de la 33ª semana de Tiempo Ordinario,salmo responsorial,"Sal 143,1.2.9-10",Psalmi,4,4,0,,25,4,0.16,adie alca balu bend bien comb cuer dedo
7007TAVL02.html,2,Lunes de la 2ª semana de Adviento,salmo responsorial,"Sal 84,9ab-10.11-12.13-14",Psalmi,6,6,0,,25,4,0.16,abit amig anun besa brot cerc ciel desd
7015TAVX03.html,2,Miércoles de la 3ª semana de Adviento,salmo responsorial,"Sal 84,9ab-10.11-12.13-14",Psalmi,6,6,0,,25,4,0.16,abit amig anun besa brot cerc ciel desd
7048TCUJ01.html,2,Jueves de la 1ª semana de Cuaresma,salmo responsorial,"Sal 137,1-2a.2bc.3.7c-8",Psalmi,5,5,0,,25,4,0.16,aban acia acre comp conm cora cuan dela
7059TCUM03.html,4,Martes de la 3ª semana de Cuaresma,evangelio,"Mt 18,21-35",Matthæus,15,15,0,,75,12,0.16,acel adel agar aius arro asta ceda ciel
7083TOCPAM.html,4,Martes de la octava de Pascua,evangelio,"Jn 20,11-18",Joannes,8,8,0,,50,8,0.16,abia acel anun asom blan busc cabe cien
7095TPAM03.html,2,Martes de la tercera semana de Pascua,salmo responsorial,"Sal 30,3cd-4.6ab.7b.8a.17.21ab",Psalmi,7,7,0,,25,4,0.16,aleg alel asil balu bril conf diri dond
7124Textos_comunes.html,1,TEXTOS COMUNES PARA EL CANTO DEL SALMO RESPONSORIAL,salmo responsorial,"Sal 84,9ab-10.11-12.13-14",Psalmi,6,6,0,,25,4,0.16,abit amig anun besa brot cerc ciel desd
1004AAVD04.html,2,Domingo 4º de Adviento,salmo responsorial,"Sal 23,1-2.3-4ab.5-6",Psalmi,6,6,0,,31,5,0.161,afia bend busc cien conf cora cuan esta
1035ATOD02.html,2,Domingo de la 2ª semana de Tiempo Ordinario,salmo responsorial,"Sal 39,2.4ab.7-8a.8b-9.10",Psalmi,6,6,0,,31,5,0.161,abri acer ansi asam camb cerr cier ento
1067ATOD34.html,3,"Domingo de la 34ª semana de Tiempo Ordinario — Jesucristo, Rey del Universo",segunda lectura,"1 Co 15,20-26.28",Ad Corinthios I,8,8,0,,31,5,0.161,abia anic asta cuan desp deuu enem ento
2035BTOD02.html,2,Domingo de la 2ª semana de Tiempo Ordinario,salmo responsorial,"Sal 39,2.4ab.7.8-9.10",Psalmi,6,6,0,,31,5,0.161,abri acer ansi asam camb cerr cier ento
3014CCUD01.html,5,Primer domingo de Cuaresma,evangelio,"Lc 4,1-13",Lucas,13,13,0,,62,10,0.161,abai acel aler ambr arro asta cien cier
3035CTOD02.html,3,Domingo de la 2ª semana de Tiempo Ordinario,segunda lectura,"1 Co 12,4-11",Ad Corinthios I,8,8,0,,31,5,0.161,abla acel acer buen cien comu conc cura
3059CTOD26.html,5,Domingo de la 26ª semana de Tiempo Ordinario,evangelio,"Lc 16,19-31",Lucas,13,13,0,,87,14,0.161,abia abis acel acer acia adem aran arre
4010ITOJ02.html,2,Jueves de la 2ª semana de Tiempo Ordinario,salmo responsorial,"Sal 39,7-8a.8b-9.10.17",Psalmi,5,5,0,,31,5,0.161,abri acer aleg asam busc camb cerr cier
4016ITOJ03.html,2,Jueves de la 3ª semana de Tiempo Ordinario,salmo responsorial,"Sal 23,1-2.3-4ab.5-6",Psalmi,6,6,0,,31,5,0.161,afia bend busc cien conf cora cuan esta
4086ITOM15.html,4,Martes de la 15ª semana de Tiempo Ordinario,evangelio,"Mt 11,20-24",Matthæus,5,5,0,,31,5,0.161,abia abri acel asta baia ceni ciel ciud
4094ITOJ16.html,1,Jueves de la 16ª semana de Tiempo Ordinario,primera lectura,"Ex 19,1-2.9-11.16-20b",Exodus,10,10,0,,62,10,0.161,abia abla acam acel acer acia adel baia
4129ITOX22.html,1,Miércoles de la 22ª semana de Tiempo Ordinario,primera lectura,"Col 1,1-8",Ad Colossenses,8,8,0,,56,9,0.161,anim asta ceri ciel cien comp cono cuan
4149ITOV25.html,2,Viernes de la 25ª semana de Tiempo Ordinario,salmo responsorial,"Sal 42,1.2.3.4",Psalmi,4,4,0,,31,5,0.161,acer aleg anda asta azme cond cont defi
4170ITOM29.html,2,Martes de la 29ª semana de Tiempo Ordinario,salmo responsorial,"Sal 39,7-8a.8b-9.10.17",Psalmi,5,5,0,,31,5,0.161,abri acer aleg asam busc camb cerr cier
4174ITOS29.html,2,Sábado de la 29ª semana de Tiempo Ordinario,salmo responsorial,"Sal 23,1-2.3-4ab.5-6",Psalmi,6,6,0,,31,5,0.161,afia bend busc cien conf cora cuan esta
4290PTOM15.html,4,Martes de la 15ª semana de Tiempo Ordinario,evangelio,"Mt 11,20-24",Matthæus,5,5,0,,31,5,0.161,abia abri acel asta baia ceni ciel ciud
4334PTOJ22.html,2,Jueves de la 22ª semana de Tiempo Ordinario,salmo responsorial,"Sal 23,1-2.3-4ab.5-6",Psalmi,6,6,0,,31,5,0.161,afia bend busc cien conf cora cuan esta
4343PTOL24.html,2,Lunes de la 24ª semana de Tiempo Ordinario,salmo responsorial,"Sal 39,7-8a.8b-9.10.17",Psalmi,5,5,0,,31,5,0.161,abri acer aleg asam busc camb cerr cier
4377PTOV29.html,2,Viernes de la 29ª semana de Tiempo Ordinario,salmo responsorial,"Sal 23,1-2.3-4ab.5-6",Psalmi,6,6,0,,31,5,0.161,afia bend busc cien conf cora cuan esta
4391PTOL32.html,2,Lunes de la 32ª semana de Tiempo Ordinario,salmo responsorial,"Sal 23,1-2.3-4ab.5-6",Psalmi,6,6,0,,31,5,0.161,afia bend busc cien conf cora cuan esta
4403PTOL34.html,2,Lunes de la 34ª semana de Tiempo Ordinario,salmo responsorial,"Sal 23,1-2.3-4ab.5-6",Psalmi,6,6,0,,31,5,0.161,afia bend busc cien conf cora cuan esta
7021TFPD20.html,2,Feria de Adviento. — Día 20 de diciembre.,salmo responsorial,"Sal 23,1-2.3-4ab.5-6",Psalmi,6,6,0,,31,5,0.161,afia bend busc cien conf cora cuan esta
7054TCUJ02.html,4,Jueves de la 2ª semana de Cuaresma,evangelio,"Lc 16,19-31",Lucas,13,13,0,,87,14,0.161,abia abis acel acer acia adem aran arre
1022AVIPAS.html,16,Vigilia Pascual,septima lectura,"Ez 36,16-28",Ezechiel,13,13,0,,68,11,0.162,abei aber abia acci andu arra cami cast
1036ATOD03.html,3,Domingo de la 3ª semana de Tiempo Ordinario,segunda lectura,"1 Co 1,10-13.17",Ad Corinthios I,5,5,0,,37,6,0.162,abei ablo acer acue anda ande anun baut
2004BAVD04.html,1,Domingo 4º de Adviento,primera lectura,"2 S 7,1-5.8b-12.14a.16",Regum II,12,12,0,,68,11,0.162,acab acel acue adel adem afir afli aian
2022BVIPAS.html,16,Vigilia Pascual,septima lectura,"Ez 36,16-28",Ezechiel,13,13,0,,68,11,0.162,abei aber abia acci andu arra cami cast
3022AVIPAS.html,16,Vigilia Pascual,septima lectura,"Ez 36,16-28",Ezechiel,13,13,0,,68,11,0.162,abei aber abia acci andu arra cami cast
3062CTOD29.html,1,Domingo de la 29ª semana de Tiempo Ordinario,primera lectura,"Ex 17,8-13",Exodus,6,6,0,,37,6,0.162,acel asta atac bast braz cogi comp cuan
4083ITOV14.html,1,Viernes de la 14ª semana de Tiempo Ordinario,primera lectura,"Gn 46,1-7.28-30",Genesis,10,10,0,,68,11,0.162,aber abia abra acel adci aora baia bers
4092ITOM16.html,1,Martes de la 16ª semana de Tiempo Ordinario,primera lectura,"Ex 14,21—15,1",Exodus,,12,,,74,12,0.162,abia acel acia agua aman auan caba cami
4107ITOV18.html,1,Viernes de la 18ª semana de Tiempo Ordinario,primera lectura,"Dt 4,32-40",Deuteronomium,9,9,0,,68,11,0.162,abai abla ablo acel algu arri braz busc
4323PTOV20.html,2,Viernes de la 20ª semana de Tiempo Ordinario,salmo responsorial,"Sal 106,2-3.4-5.6-7.8-9",Psalmi,8,8,0,,37,6,0.162,agot alel ambr angu ansi arra bien calm
4392PTOM32.html,1,Martes de la 32ª semana de Tiempo Ordinario,primera lectura,"Tt 2,1-8.11-14",Ad Titum,12,12,0,,74,12,0.162,abla aboc agua anci aora apar bond buen
7025TFPD24.html,1,Feria de Adviento. — Día 24 de diciembre.,primera lectura,"2 S 7,1-5.8b-12.14a.16",Regum II,12,12,0,,68,11,0.162,acab acel acue adel adem afir afli aian
7045TCUL01.html,4,Lunes de la 1ª semana de Cuaresma,evangelio,"Mt 25,31-46",Matthæus,16,16,0,,74,12,0.162,acel alim ambr apar aseg asis bebe bend
7053TCUX02.html,4,Miércoles de la 2ª semana de Cuaresma,evangelio,"Mt 20,17-28",Matthæus,12,12,0,,74,12,0.162,abia acel acer apar azot bebe burl cami
7106TPAL05.html,4,Lunes de la quinta semana de Pascua,evangelio,"Jn 14,21-26",Joannes,6,6,0,,37,6,0.162,abla acel acep amar aora arem cien defe
1016ACUD03.html,3,Tercer domingo de Cuaresma,segunda lectura,"Rm 5,1-2.5-8",Ad Romanos,6,6,0,,43,7,0.163,abra alca apen apoi atre cien cora cuan
1022AVIPAS.html,5,Vigilia Pascual,segunda lectura,"Gn 22,1-18",Genesis,18,18,0,,92,15,0.163,aber abia acel acer agas alar aora apar
1022AVIPAS.html,8,Vigilia Pascual,tercera lectura,"Ex 14,15—15,1",Exodus,,18,,,98,16,0.163,abia acel acia agua aman auan caba caia
1044ATOD11.html,1,Domingo de la 11ª semana de Tiempo Ordinario,primera lectura,"Ex 19,2-6a",Exodus,5,5,0,,43,7,0.163,abei acam acel acia agui alia anun aora
2016BCUD03.html,3,Tercer domingo de Cuaresma,segunda lectura,"Rm 5,1-2.5-8",Ad Romanos,6,6,0,,43,7,0.163,abra alca apen apoi atre cien cora cuan
2022BVIPAS.html,5,Vigilia Pascual,segunda lectura,"Gn 22,1-18",Genesis,18,18,0,,92,15,0.163,aber abia acel acer agas alar aora apar
2022BVIPAS.html,8,Vigilia Pascual,tercera lectura,"Ex 14,15—15,1",Exodus,,18,,,98,16,0.163,abia acel acia agua aman auan caba caia
2025BPAD03.html,5,Tercer domingo de Pascua,evangelio,"Lc 24,35-48",Lucas,14,14,0,,80,13,0.163,abia abla abri acab acel acer alar aleg
2062BTOD29.html,5,Domingo de la 29ª semana de Tiempo Ordinario,evangelio,"Mc 10,35-45",Marcus,11,11,0,,49,8,0.163,acel acer agas baut bebe capa cere cier
3016CCUD03.html,3,Tercer domingo de Cuaresma,segunda lectura,"Rm 5,1-2.5-8",Ad Romanos,6,6,0,,43,7,0.163,abra alca apen apoi atre cien cora cuan
3022AVIPAS.html,5,Vigilia Pascual,segunda lectura,"Gn 22,1-18",Genesis,18,18,0,,92,15,0.163,aber abia acel acer agas alar aora apar
3022AVIPAS.html,8,Vigilia Pascual,tercera lectura,"Ex 14,15—15,1",Exodus,,18,,,98,16,0.163,abia acel acia agua aman auan caba caia
4150ITOS25.html,1,Sábado de la 25ª semana de Tiempo Ordinario,primera lectura,"Za 2,5-9.14-15a",Zacharias,7,7,0,,43,7,0.163,abie abla abra acel adel adon aleg ancu
4251PTOV08.html,1,Viernes de la 8ª semana de Tiempo Ordinario,primera lectura,"1 P 4,7-13",Petri I,7,7,0,,49,8,0.163,able abra aleg buen cerc ceri cien comp
4254PTOM09.html,1,Martes de la 9ª semana de Tiempo Ordinario,primera lectura,"2 P 3,12-15a.17-18",Petri II,6,6,0,,49,8,0.163,acon aora apre arra asta ceri ciel cien
7085TOCPAJ.html,4,Jueves de la octava de Pascua,evangelio,"Lc 24,35-48",Lucas,14,14,0,,80,13,0.163,abia abla abri acab acel acer alar aleg
1002AAVD02.html,1,Domingo 2º de Adviento,primera lectura,"Is 11,1-10",Isaias,10,10,0,,67,11,0.164,acel agua alie apar aran brot busc cabr
1014ACUD01.html,3,Primer domingo de Cuaresma,segunda lectura,"Rm 5,12-19",Ad Romanos,8,8,0,,67,11,0.164,#12 #17 #19 #5 abia abso acab ante
2048BTOD15.html,4,Domingo de la 15ª semana de Tiempo Ordinario,segunda lectura,"Ef 1,3-10",Ad Ephesios,8,8,0,,55,9,0.164,abia alab ante bend bien ceri ciel clas
2065BTOD32.html,1,Domingo de la 32ª semana de Tiempo Ordinario,primera lectura,"1 R 17,10-16",Regum III,7,7,0,,55,9,0.164,abia acei acel acer acia agot alcu aras
3035CTOD02.html,5,Domingo de la 2ª semana de Tiempo Ordinario,evangelio,"Jn 2,1-11",Joannes,11,11,0,,55,9,0.164,abia aced acel aora arri asta bebi buen
3057CTOD24.html,6,Domingo de la 24ª semana de Tiempo Ordinario,evangelio,"Lc 15,1-10",Lucas,10,10,0,,55,9,0.164,abia abra acel acer acog aleg amig asta
4013ITOL03.html,1,Lunes de la 3ª semana de Tiempo Ordinario,primera lectura,"Hb 9,15.24-28",Ad Hebræos,6,6,0,,61,10,0.164,aber abid aien alia apar ciel cita come
4175ITOL30.html,4,Lunes de la 30ª semana de Tiempo Ordinario,evangelio,"Lc 13,10-17",Lucas,8,8,0,,55,9,0.164,abia aboc abre acia aleg anda atad aunc
4184ITOJ31.html,4,Jueves de la 31ª semana de Tiempo Ordinario,evangelio,"Lc 15,1-10",Lucas,10,10,0,,55,9,0.164,abia abra acel acer acog aleg amig asta
4198ITOS33.html,1,Sábado de la 33ª semana de Tiempo Ordinario,primera lectura,"1 M 6,1-13",Machabæorum I,13,13,0,,116,19,0.164,abia abru acel aiua alei ante aora apes
4337PTOL23.html,1,Lunes de la 23ª semana de Tiempo Ordinario,primera lectura,"1 Co 5,1-8",Ad Corinthios I,8,8,0,,61,10,0.164,ause ceda cele cita comu cuer deci desa
4379PTOL30.html,4,Lunes de la 30ª semana de Tiempo Ordinario,evangelio,"Lc 13,10-17",Lucas,8,8,0,,55,9,0.164,abia aboc abre acia aleg anda atad aunc
4388PTOJ31.html,4,Jueves de la 31ª semana de Tiempo Ordinario,evangelio,"Lc 15,1-10",Lucas,10,10,0,,55,9,0.164,abia abra acel acer acog aleg amig asta
7002TAVM01.html,1,Martes de la 1ª semana de Adviento,primera lectura,"Is 11,1-10",Isaias,10,10,0,,67,11,0.164,acel agua alie apar aran brot busc cabr
7040TFSDEP.html,4,12 DE ENERO — Sábado después de Epifanía,evangelio,"Jn 3,22-30",Joannes,9,9,0,,55,9,0.164,abia abun acel acer acud aleg amig asis
7042TFJUDC.html,1,Jueves después de Cenizas,primera lectura,"Dt 30,15-20",Deuteronomium,6,6,0,,55,9,0.164,abia ablo aman anun apar arra bend cami
7058TCUL03.html,1,Lunes de la 3ª semana de Cuaresma,primera lectura,"2 R 5,1-15a",Regum IV,15,15,0,,110,18,0.164,abia acel acer aora aria bana band bane
7123TPAS07.html,1,Sábado de la séptima semana de Pascua,primera lectura,"Hch 28,16-20.30-31",Actus Apostolorum,7,7,0,,61,10,0.164,aber abla acud acus apel aunc cade ceri
4076ITOJ13.html,1,Jueves de la 13ª semana de Tiempo Ordinario,primera lectura,"Gn 22,1-19",Genesis,19,19,0,,97,16,0.165,aber abia acel acer acia agas alar aora
7020TFPD19.html,4,Feria de Adviento. — Día 19 de diciembre.,evangelio,"Lc 1,5-25",Lucas,21,21,0,,115,19,0.165,abia abla acia afre agua aleg apar asta
7095TPAM03.html,1,Martes de la tercera semana de Pascua,primera lectura,"Hch 7,51—8,1a",Actus Apostolorum,,9,,,79,13,0.165,abal abei abie acel anci anun aora aped
1008TNSMDD.html,5,Natividad del Señor,evangelio,"Jn 1,1-18",Joannes,18,18,0,,66,11,0.167,#1 #14 #5 #9 abia acam alum ante
1011NAD02.html,5,2º Domingo después de Navidad,evangelio,"Jn 1,1-18",Joannes,18,18,0,,66,11,0.167,#1 #14 #5 #9 abia acam alum ante
1023APAD01.html,7,Domingo de Pascua,evangelio,"Jn 20,1-9",Joannes,9,9,0,,48,8,0.167,abia adel aman apar asom asta cabe cami
2008TNSMDD.html,5,Natividad del Señor,evangelio,"Jn 1,1-18",Joannes,18,18,0,,66,11,0.167,#1 #14 #5 #9 abia acam alum ante
2011TNAD02.html,5,2º Domingo después de Navidad,evangelio,"Jn 1,1-18",Joannes,18,18,0,,66,11,0.167,#1 #14 #5 #9 abia acam alum ante
2014BCUD01.html,2,Primer domingo de Cuaresma,salmo responsorial,"Sal 24,4bc-5ab.6-7bc.8-9",Psalmi,6,6,0,,18,3,0.167,acue bond buen cami ense eter inst leal
2023BPAD01.html,7,Domingo de Pascua,evangelio,"Jn 20,1-9",Joannes,9,9,0,,48,8,0.167,abia adel aman apar asom asta cabe cami
2032BFSATR.html,1,La Santísima Trinidad,primera lectura,"Dt 4,32-34.39-40",Deuteronomium,5,5,0,,54,9,0.167,abai abla ablo algu arri braz busc ciel
2036BTOD03.html,2,Domingo de la 3ª semana de Tiempo Ordinario,salmo responsorial,"Sal 24,4-5ab.6-7bc.8-9",Psalmi,6,6,0,,18,3,0.167,acue bond buen cami ense eter inst leal
2053BTOD20.html,5,Domingo de la 20ª semana de Tiempo Ordinario,evangelio,"Jn 6,51-58",Joannes,8,9,1,si,36,6,0.167,abit acel aseg baia bebe bebi ciel come
3008TNSMDD.html,5,Natividad del Señor,evangelio,"Jn 1,1-18",Joannes,18,18,0,,66,11,0.167,#1 #14 #5 #9 abia acam alum ante
3011TNAD02.html,5,2º Domingo después de Navidad,evangelio,"Jn 1,1-18",Joannes,18,18,0,,66,11,0.167,#1 #14 #5 #9 abia acam alum ante
3014CCUD01.html,3,Primer domingo de Cuaresma,segunda lectura,"Rm 10,8-13",Ad Romanos,6,6,0,,30,5,0.167,anun ceda cerc cora defr entr erma escr
3018CCUD05.html,4,Quinto domingo de Cuaresma,aleluya,"Jl 2,12-13",Joel,2,2,0,,12,2,0.167,acla alel alte aora comp cora orac porc
3023CPAD01.html,7,Domingo de Pascua,evangelio,"Jn 20,1-9",Joannes,9,9,0,,48,8,0.167,abia adel aman apar asom asta cabe cami
3037CTOD04.html,1,Domingo de la 4ª semana de Tiempo Ordinario,primera lectura,"Jr 1,4-5.17-19",Jeremias,5,5,0,,42,7,0.167,bron camp cine cons cont conu dile elos
3038CTOD05.html,4,Domingo de la 5ª semana de Tiempo Ordinario,segunda lectura,"1 Co 15,3-8.11",Ad Corinthios I,7,7,0,,36,6,0.167,abei abia apar cefa cini crei cual desp
3049CTOD16.html,3,Domingo de la 16ª semana de Tiempo Ordinario,segunda lectura,"Col 1,24-28",Ad Colossenses,5,5,0,,42,7,0.167,aleg amon anun aora asig ceri comp cono
4023ITOV04.html,1,Viernes de la 4ª semana de Tiempo Ordinario,primera lectura,"Hb 13,1-8",Ad Hebræos,8,8,0,,54,9,0.167,aban acer acor algu ansi anun auxi carn
4032ITOM06.html,4,Martes de la 6ª semana de Tiempo Ordinario,evangelio,"Mc 8,14-21",Marcus,8,8,0,,36,6,0.167,acab acel acor barc cana cest come cont
4074ITOM13.html,4,Martes de la 13ª semana de Tiempo Ordinario,evangelio,"Mt 8,23-27",Matthæus,5,5,0,,30,5,0.167,acel acer admi asta barc calm cien coba
4113ITOV19.html,4,Viernes de la 19ª semana de Tiempo Ordinario,evangelio,"Mt 19,3-12",Matthæus,10,10,0,,60,10,0.167,aban abei ablo acel acen acer adul aora
4122ITOM21.html,1,Martes de la 21ª semana de Tiempo Ordinario,primera lectura,"1 Ts 2,1-8",Ad Thessalonicenses I,8,8,0,,66,11,0.167,aber abia abla apoi apro apru asta aunc
4125ITOV21.html,2,Viernes de la 21ª semana de Tiempo Ordinario,salmo responsorial,"Sal 96,1.2b.5-6.10.11-12",Psalmi,7,7,0,,30,5,0.167,abor aleg aman cele ciel cont cora dere
4180ITOS30.html,4,Sábado de la 30ª semana de Tiempo Ordinario,evangelio,"Lc 14,1.7-11",Lucas,6,6,0,,36,6,0.167,aian amig arri auer cate ceda cede come
4231PTOX05.html,1,Miércoles de la 5ª semana de Tiempo Ordinario,primera lectura,"1 R 10,1-10",Regum III,10,10,0,,72,12,0.167,abia acel aora apre asom bebi bend cama
4236PTOM06.html,4,Martes de la 6ª semana de Tiempo Ordinario,evangelio,"Mc 8,14-21",Marcus,8,8,0,,36,6,0.167,acab acel acor barc cana cest come cont
4256PTOJ09.html,1,Jueves de la 9ª semana de Tiempo Ordinario,primera lectura,"2 Tm 2,8-15",Ad Timotheum II,8,8,0,,60,10,0.167,agua alca apro asta auis cade cata ceri
4261PTOX10.html,2,Miércoles de la 10ª semana de Tiempo Ordinario,salmo responsorial,"Sal 15,1-2a.4.5.8.11",Psalmi,6,6,0,,24,4,0.167,aleg derr ense esta extr liba mano nomb
4269PTOV11.html,1,Viernes de la 11ª semana de Tiempo Ordinario,primera lectura,"2 R 11,1-4.9-18.20",Regum IV,15,15,0,,108,18,0.167,abia acel acia acla angu apla arma ases
4278PTOM13.html,1,Martes de la 13ª semana de Tiempo Ordinario,primera lectura,"Am 3,1-8.4,11-12",Amos,10,10,0,,60,10,0.167,aber abla alar atra caco cami cata caza
4278PTOM13.html,4,Martes de la 13ª semana de Tiempo Ordinario,evangelio,"Mt 8,23-27",Matthæus,5,5,0,,30,5,0.167,acel acer admi asta barc calm cien coba
4287PTOV14.html,1,Viernes de la 14ª semana de Tiempo Ordinario,primera lectura,"Os 14,2-10",Osee,9,9,0,,66,11,0.167,amar anda apar aran arom arra asir azuc
4302PTOM17.html,1,Martes de la 17ª semana de Tiempo Ordinario,primera lectura,"Jr 14,17-22",Jeremias,6,6,0,,60,10,0.167,agua alia ambr bien camp cesa ciel cien
4317PTOV19.html,5,Viernes de la 19ª semana de Tiempo Ordinario,evangelio,"Mt 19,3-12",Matthæus,10,10,0,,60,10,0.167,aban abei ablo acel acen acer adul aora
4347PTOV24.html,2,Viernes de la 24ª semana de Tiempo Ordinario,salmo responsorial,"Sal 16,1.6-7.8.15",Psalmi,5,5,0,,30,5,0.167,adue apel atie cien dere desp enga esco
4372PTOS28.html,1,Sábado de la 28ª semana de Tiempo Ordinario,primera lectura,"Ef 1,15-23",Ad Ephesios,9,9,0,,54,9,0.167,abla acab cabe ciel comp cono cora cree
4384PTOS30.html,4,Sábado de la 30ª semana de Tiempo Ordinario,evangelio,"Lc 14,1.7-11",Lucas,6,6,0,,36,6,0.167,aian amig arri auer cate ceda cede come
7013TAVL03.html,2,Lunes de la 3ª semana de Adviento,salmo responsorial,"Sal 24,4-5ab.6-7bc.8-9",Psalmi,6,6,0,,18,3,0.167,acue bond buen cami ense eter inst leal
7024TFPD23.html,2,Feria de Adviento. — Día 23 de diciembre.,salmo responsorial,"Sal 24,4-5ab.8-9.10.14",Psalmi,6,6,0,,12,2,0.167,buen cami ense inst leal peca porc send
7034TF07EN.html,1,7 de enero,primera lectura,"1 Jn 5,14-21",Joannis I,8,8,0,,36,6,0.167,aiam algu ceri come conf cono enge ente
7040TFSDEP.html,1,12 DE ENERO — Sábado después de Epifanía,primera lectura,"1 Jn 5,14-21",Joannis I,8,8,0,,36,6,0.167,aiam algu ceri come conf cono enge ente
7041TFMICE.html,3,Miércoles de Ceniza,segunda lectura,"2 Co 5,20—6,2",Ad Corinthios II,,4,,,12,2,0.167,aiud aora ecar escu fauo grac mira porc
7059TCUM03.html,2,Martes de la 3ª semana de Cuaresma,salmo responsorial,"Sal 24,4-5ab.6.7bc.8-9",Psalmi,6,6,0,,18,3,0.167,acue bond buen cami ense eter inst leal
7062TCUV03.html,1,Viernes de la 3ª semana de Cuaresma,primera lectura,"Os 14,2-10",Osee,9,9,0,,66,11,0.167,amar anda apar aran arom arra asir azuc
7088TPAL02.html,2,Lunes de la segunda semana de Pascua,salmo responsorial,"Sal 2,1-3.4-6.7-9",Psalmi,9,9,0,,42,7,0.167,abla alia amot burl cebr cetr ciel coiu
7098TPAV03.html,1,Viernes de la tercera semana de Pascua,primera lectura,"Hch 9,1-20",Actus Apostolorum,20,20,0,,108,18,0.167,abia abie abla acel acer adem afir apar
7102TPAX04.html,4,Miércoles de la cuarta semana de Pascua,evangelio,"Jn 12,44-50",Joannes,7,7,0,,30,5,0.167,abla ablo acel acep ceda cien cuen cump
1016ACUD03.html,5,Tercer domingo de Cuaresma,evangelio,"Jn 4,5-42",Joannes,38,38,0,,149,25,0.168,abei abia abla abra acel acer aleg algu
2016BCUD03.html,5,Tercer domingo de Cuaresma,evangelio,"Jn 4,5-42",Joannes,38,38,0,,149,25,0.168,abei abia abla abra acel acer aleg algu
3016CCUD03.html,5,Tercer domingo de Cuaresma,evangelio,"Jn 4,5-42",Joannes,38,38,0,,149,25,0.168,abei abia abla abra acel acer aleg algu
7057MLCU03.html,4,Misa de libre elección: tercera semana de Cuaresma,evangelio,"Jn 4,5-42",Joannes,38,38,0,,149,25,0.168,abei abia abla abra acel acer aleg algu
2015BCUD02.html,1,Segundo domingo de Cuaresma,primera lectura,"Gn 22,1-2.9-13.15-18",Genesis,11,11,0,,65,11,0.169,aber abia acel acer agas alar aora apil
2027BPAD05.html,1,Quinto domingo de Pascua,primera lectura,"Hch 9,26-31",Actus Apostolorum,6,6,0,,59,10,0.169,abia abla acel anim baia bern cami cedo
4026ITOM05.html,1,Martes de la 5ª semana de Tiempo Ordinario,primera lectura,"Gn 1,20—2,4a",Genesis,,16,,,65,11,0.169,abia agam agua alad alim arbo bend boue
4043ITOL08.html,4,Lunes de la 8ª semana de Tiempo Ordinario,evangelio,"Mc 10,17-27",Marcus,11,11,0,,77,13,0.169,acel acer agui alre anad arro buen cami
4118ITOJ20.html,1,Jueves de la 20ª semana de Tiempo Ordinario,primera lectura,"Jc 11,29-39a",Judicum,11,11,0,,71,12,0.169,abia acab acel amig anda andu asta atal
4237PTOX06.html,1,Miércoles de la 6ª semana de Tiempo Ordinario,primera lectura,"St 1,19-27",Jacobi,9,9,0,,59,10,0.169,abla acel acep apen capa ceri cien cier
4247PTOL08.html,4,Lunes de la 8ª semana de Tiempo Ordinario,evangelio,"Mc 10,17-27",Marcus,11,11,0,,77,13,0.169,acel acer agui alre anad arro buen cami
4260PTOM10.html,1,Martes de la 10ª semana de Tiempo Ordinario,primera lectura,"1 R 17,7-16",Regum III,10,10,0,,65,11,0.169,abia acei acel acer acia agot alcu aras
7034TF07EN.html,4,7 de enero,evangelio,"Jn 2,1-12",Joannes,12,12,0,,59,10,0.169,abia aced acel aora arri asta bebi buen
1031TFDOPE.html,1,Domingo de Pentecostés,primera lectura,"Gn 11,1-9",Genesis,9,9,0,,47,8,0.17,abla acer acti alca alci baia ciel ciud
1053ATOD20.html,5,Domingo de la 20ª semana de Tiempo Ordinario,evangelio,"Mt 15,21-28",Matthæus,8,8,0,,47,8,0.17,acel acer alca atie cedo come comp cont
2031TFDOPE.html,1,Domingo de Pentecostés,primera lectura,"Gn 11,1-9",Genesis,9,9,0,,47,8,0.17,abla acer acti alca alci baia ciel ciud
3016CCUD03.html,5,Tercer domingo de Cuaresma,evangelio,"Lc 13,1-9",Lucas,9,9,0,,53,9,0.17,acab acel algu alre apla bald busc caua
3031TFDOPE.html,1,Domingo de Pentecostés,primera lectura,"Gn 11,1-9",Genesis,9,9,0,,47,8,0.17,abla acer acti alca alci baia ciel ciud
4035ITOV06.html,1,Viernes de la 6ª semana de Tiempo Ordinario,primera lectura,"Gn 11,1-9",Genesis,9,9,0,,47,8,0.17,abla acer acti alca alci baia ciel ciud
4070ITOJ12.html,4,Jueves de la 12ª semana de Tiempo Ordinario,evangelio,"Mt 7,21-29",Matthæus,9,9,0,,53,9,0.17,acel alei auto ciel cime cono cont cump
4105ITOX18.html,4,Miércoles de la 18ª semana de Tiempo Ordinario,evangelio,"Mt 15,21-28",Matthæus,8,8,0,,47,8,0.17,acel acer alca atie cedo come comp cont
4115ITOL20.html,4,Lunes de la 20ª semana de Tiempo Ordinario,evangelio,"Mt 19,16-22",Matthæus,7,7,0,,47,8,0.17,acel acer asta buen ciel cier come conm
4174ITOS29.html,1,Sábado de la 29ª semana de Tiempo Ordinario,primera lectura,"Rm 8,1-11",Ad Romanos,11,11,0,,53,9,0.17,acer acie agra algu aora camb cond cont
4174ITOS29.html,4,Sábado de la 29ª semana de Tiempo Ordinario,evangelio,"Lc 13,1-9",Lucas,9,9,0,,53,9,0.17,acab acel algu alre apla bald busc caua
4201ITOX34.html,1,Miércoles de la 34ª semana de Tiempo Ordinario,primera lectura,"Dn 5,1-6.13-14.16-17.23-28",Daniel,16,16,0,,106,18,0.17,abei abia ablo acel alab apar apur bala
4274PTOJ12.html,4,Jueves de la 12ª semana de Tiempo Ordinario,evangelio,"Mt 7,21-29",Matthæus,9,9,0,,53,9,0.17,acel alei auto ciel cime cono cont cump
4284PTOM14.html,1,Martes de la 14ª semana de Tiempo Ordinario,primera lectura,"Os 8,4-7.11.13",Osee,6,6,0,,53,9,0.17,agra anic apro aunc cast coma conm cons
4309PTOX18.html,4,Miércoles de la 18ª semana de Tiempo Ordinario,evangelio,"Mt 15,21-28",Matthæus,8,8,0,,47,8,0.17,acel acer alca atie cedo come comp cont
4319PTOL20.html,4,Lunes de la 20ª semana de Tiempo Ordinario,evangelio,"Mt 19,16-22",Matthæus,7,7,0,,47,8,0.17,acel acer asta buen ciel cier come conm
4378PTOS29.html,4,Sábado de la 29ª semana de Tiempo Ordinario,evangelio,"Lc 13,1-9",Lucas,9,9,0,,53,9,0.17,acab acel algu alre apla bald busc caua
7100TPAL04.html,1,Lunes de la cuarta semana de Pascua,primera lectura,"Hch 11,1-18",Actus Apostolorum,18,18,0,,106,18,0.17,aber abia abla ablo acel acom acor alab
1033AFCORP.html,5,Santísimo Cuerpo y Sangre de Cristo,evangelio,"Jn 6,51-58",Joannes,8,9,1,si,35,6,0.171,abit acel aseg baia bebe bebi ciel come
2042BTOD09.html,6,Domingo de la 9ª semana de Tiempo Ordinario,evangelio,"Mc 2,23-28",Marcus,6,6,0,,35,6,0.171,abei acen ambr anad anda arra atra come
2061BTOD28.html,6,Domingo de la 28ª semana de Tiempo Ordinario,evangelio,"Mc 10,17-27",Marcus,11,11,0,,76,13,0.171,acel acer agui alre anad arro buen cami
3025CPAD03.html,3,Tercer domingo de Pascua,segunda lectura,"Ap 5,11-14",Apocalypsis,4,4,0,,35,6,0.171,alab alre anci ciel cord cria cuat deci
3046CTOD13.html,3,Domingo de la 13ª semana de Tiempo Ordinario,segunda lectura,"Ga 5,1.13-18",Ad Galatas,7,7,0,,41,7,0.171,acei amar anda anta apro aten camb cisi
4008ITOM02.html,4,Martes de la 2ª semana de Tiempo Ordinario,evangelio,"Mc 2,23-28",Marcus,6,6,0,,35,6,0.171,abei acen ambr anad anda arra atra come
4070ITOJ12.html,1,Jueves de la 12ª semana de Tiempo Ordinario,primera lectura,"Gn 16,1-12.15-16",Genesis,14,14,0,,76,13,0.171,#12 #15 #16 abia acel acep adon afli
4162ITOS27.html,1,Sábado de la 27ª semana de Tiempo Ordinario,primera lectura,"Jl 4,12-21",Joel,10,10,0,,70,12,0.171,abun acac acec acel acer aler arid auxi
4212PTOM02.html,4,Martes de la 2ª semana de Tiempo Ordinario,evangelio,"Mc 2,23-28",Marcus,6,6,0,,35,6,0.171,abei acen ambr anad anda arra atra come
4347PTOV24.html,1,Viernes de la 24ª semana de Tiempo Ordinario,primera lectura,"1 Co 15,12-20",Ad Corinthios I,9,9,0,,35,6,0.171,aber acab adem algu anun atri care desg
4355PTOL26.html,2,Lunes de la 26ª semana de Tiempo Ordinario,salmo responsorial,"Sal 16,1.2-3.6-7",Psalmi,5,5,0,,35,6,0.171,adue apel atie aunc cien cora dere eman
1011NAD02.html,2,2º Domingo después de Navidad,salmo responsorial,"Sal 147,12-13.14-15.19-20",Psalmi,6,6,0,,29,5,0.172,alab anun arin bend cerr cono corr decr
1033AFCORP.html,2,Santísimo Cuerpo y Sangre de Cristo,salmo responsorial,"Sal 147,12-13.14-15.19-20",Psalmi,6,6,0,,29,5,0.172,alab anun arin bend cerr cono corr decr
1063ATOD30.html,5,Domingo de la 30ª semana de Tiempo Ordinario,evangelio,"Mt 22,34-40",Matthæus,7,7,0,,29,5,0.172,abia acel amar cala cora elos ente esto
2005TNSMDV.html,6,Natividad del Señor,evangelio,"Mt 1,18-25",Matthæus,8,8,0,,58,10,0.172,abia apar apen buen ceri conc cria cuan
2011TNAD02.html,2,2º Domingo después de Navidad,salmo responsorial,"Sal 147,12-13.14-15.19-20",Psalmi,6,6,0,,29,5,0.172,alab anun arin bend cerr cono corr decr
2053BTOD20.html,1,Domingo de la 20ª semana de Tiempo Ordinario,primera lectura,"Pr 9,1-6",Proverbia,6,6,0,,29,5,0.172,abla anun banc bebe cami cier ciud cons
3005TNSMDV.html,6,Natividad del Señor,evangelio,"Mt 1,18-25",Matthæus,8,8,0,,58,10,0.172,abia apar apen buen ceri conc cria cuan
3011TNAD02.html,2,2º Domingo después de Navidad,salmo responsorial,"Sal 147,12-13.14-15.19-20",Psalmi,6,6,0,,29,5,0.172,alab anun arin bend cerr cono corr decr
3045CTOD12.html,1,Domingo de la 12ª semana de Tiempo Ordinario,primera lectura,"Za 12,10-11.13,1",Zacharias,3,3,0,,29,5,0.172,acel alum aran cien clem cont derr dina
3063CTOD30.html,3,leccionario ciclo C.Domingo de la 30ª semana de tiempo ordinario,segunda lectura,"2 Tm 4,6-8.16-18",Ad Timotheum II,6,6,0,,58,10,0.172,#19 #2 #5 aban acel agua aiud alel
4012ITOS02.html,1,Sábado de la 2ª semana de Tiempo Ordinario,primera lectura,"Hb 9,2-3.11-14",Ad Hebræos,6,6,0,,58,10,0.172,bece bien cabr ceni conc cort cuan cult
4096ITOS16.html,2,Sábado de la 16ª semana de Tiempo Ordinario,salmo responsorial,"Sal 49,1-2.5-6.14-15",Psalmi,6,6,0,,29,5,0.172,abla alab ciel conu cump dara desd ermo
4109ITOL19.html,2,Lunes de la 19ª semana de Tiempo Ordinario,salmo responsorial,"Sal 147,12-13.14-15.19-20",Psalmi,6,6,0,,29,5,0.172,alab anun arin bend cerr cono corr decr
4119ITOV20.html,4,Viernes de la 20ª semana de Tiempo Ordinario,evangelio,"Mt 22,34-40",Matthæus,7,7,0,,29,5,0.172,abia acel amar cala cora elos ente esto
4196ITOJ33.html,2,Jueves de la 33ª semana de Tiempo Ordinario,salmo responsorial,"Sal 49,1-2.5-6.14-15",Psalmi,6,6,0,,29,5,0.172,abla alab ciel conu cump dara desd ermo
4249PTOX08.html,2,Miércoles de la 8ª semana de Tiempo Ordinario,salmo responsorial,"Sal 147,12-13.14-15.19-20",Psalmi,6,6,0,,29,5,0.172,alab anun arin bend cerr cono corr decr
4323PTOV20.html,4,Viernes de la 20ª semana de Tiempo Ordinario,evangelio,"Mt 22,34-40",Matthæus,7,7,0,,29,5,0.172,abia acel amar cala cora elos ente esto
7038TFJDEP.html,1,10 DE ENERO — Jueves después de Epifanía,primera lectura,"1 Jn 4,19—5,4",Joannis I,,7,,,29,5,0.172,abor algu amam ceri cien cono cons cump
7039TFVDEP.html,2,11 DE ENERO — Viernes después de Epifanía,salmo responsorial,"Sal 147,12-13.14-15.19-20",Psalmi,6,6,0,,29,5,0.172,alab anun arin bend cerr cono corr decr
7115TPAJ06.html,4,Jueves de la sexta semana de Pascua,evangelio,"Jn 16,16-20",Joannes,5,5,0,,29,5,0.172,acel aleg algu aseg come comp conu dent
1031TFDOPE.html,2,Domingo de Pentecostés,primera lectura,"Ex 19,3-8a.16-20b",Exodus,11,11,0,,75,13,0.173,abei abia abla acel acia agui alia anci
2031TFDOPE.html,2,Domingo de Pentecostés,primera lectura,"Ex 19,3-8a.16-20b",Exodus,11,11,0,,75,13,0.173,abei abia abla acel acia agui alia anci
2037BTOD04.html,5,Domingo de la 4ª semana de Tiempo Ordinario,evangelio,"Mc 1,21-28",Marcus,8,8,0,,52,9,0.173,acab acel alca asom asta auto cala ceda
3031TFDOPE.html,2,Domingo de Pentecostés,primera lectura,"Ex 19,3-8a.16-20b",Exodus,11,11,0,,75,13,0.173,abei abia abla acel acia agui alia anci
3050CTOD17.html,1,Domingo de la 17ª semana de Tiempo Ordinario,primera lectura,"Gn 18,20-32",Genesis,13,13,0,,52,9,0.173,abla ablo acci acel acer acus aten atre
4002ITOM01.html,4,Martes de la 1ª semana de Tiempo Ordinario,evangelio,"Mc 1,21-28",Marcus,8,8,0,,52,9,0.173,acab acel alca asom asta auto cala ceda
4103ITOL18.html,1,Lunes de la 18ª semana de Tiempo Ordinario,primera lectura,"Nm 11,4b-15",Numeri,12,12,0,,75,13,0.173,acei acel aces acia acor agas almi aora
4206PTOM01.html,4,Martes de la 1ª semana de Tiempo Ordinario,evangelio,"Mc 1,21-28",Marcus,8,8,0,,52,9,0.173,acab acel alca asom asta auto cala ceda
4391PTOL32.html,1,Lunes de la 32ª semana de Tiempo Ordinario,primera lectura,"Tt 1,1-9",Ad Titum,9,9,0,,81,14,0.173,abia abie acus ades admi adue amig apoi
1022AVIPAS.html,21,Vigilia Pascual,salmo responsorial,"Sal 117,1-2.16ab-17.22-23",Psalmi,6,6,0,,23,4,0.174,aora arci azan buen cien cont dese dies
2009BFSAFA.html,6,La Sagrada Familia,evangelio,"Lc 2,22.39-40",Lucas,3,3,0,,23,4,0.174,acom ciud crec cuan cump grac iesu lego
2045BTOD12.html,3,Domingo de la 12ª semana de Tiempo Ordinario,segunda lectura,"2 Co 5,14-17",Ad Corinthios II,4,4,0,,23,4,0.174,algu anti aora apre come cons cria elos
3022AVIPAS.html,21,Vigilia Pascual,salmo responsorial,"Sal 117,1-2.16ab-17.22-23",Psalmi,6,6,0,,23,4,0.174,aora arci azan buen cien cont dese dies
3054CTOD21.html,1,Domingo de la 21ª semana de Tiempo Ordinario,primera lectura,"Is 66,18-21",Isaias,4,4,0,,46,8,0.174,anun asta caba cost desp drom elos entr
4011ITOV02.html,2,Viernes de la 2ª semana de Tiempo Ordinario,salmo responsorial,"Sal 84,8.10.11-12.13-14",Psalmi,6,6,0,,23,4,0.174,abit besa brot cerc ciel dano desd encu
4112ITOJ19.html,1,Jueves de la 19ª semana de Tiempo Ordinario,primera lectura,"Jos 3,7-10a.11.13-17",Josue,10,10,0,,69,12,0.174,acab acel acer alia arri asta baia bord
4146ITOM25.html,2,Martes de la 25ª semana de Tiempo Ordinario,salmo responsorial,"Sal 121,1-2.3-4a.4b-5",Psalmi,5,5,0,,23,4,0.174,aleg cele ciud comp cost cuan diie esta
4241PTOL07.html,1,Lunes de la 7ª semana de Tiempo Ordinario,primera lectura,"St 3,13-18",Jacobi,6,6,0,,46,8,0.174,adem algu amab aman ande arri buen ceri
4272PTOM12.html,1,Martes de la 12ª semana de Tiempo Ordinario,primera lectura,"2 R 19,9b-11.14-21.31-35a.36",Regum IV,17,17,0,,92,16,0.174,abla acel acer aora asol burl cabe cami
4279PTOX13.html,2,Miércoles de la 13ª semana de Tiempo Ordinario,salmo responsorial,"Sal 49,7.8-9.10-11.12-13.16bc-17",Psalmi,9,9,0,,46,8,0.174,abla acep agit alia ambr bebe bece best
4282PTOS13.html,1,Sábado de la 13ª semana de Tiempo Ordinario,primera lectura,"Am 9,11-15",Amos,5,5,0,,46,8,0.174,abit acel arra bebe brec caid camp caut
4378PTOS29.html,2,Sábado de la 29ª semana de Tiempo Ordinario,salmo responsorial,"Sal 121,1-2.3-4a.4b-5",Psalmi,5,5,0,,23,4,0.174,aleg cele ciud comp cost cuan diie esta
7037TFXDEP.html,2,9 DE ENERO — Miércoles después de Epifanía,salmo responsorial,"Sal 71,1-2.10-11.12-13",Psalmi,6,6,0,,23,4,0.174,afli apia clam conf done indi isla iuic
7073TCUM05.html,1,Martes de la 5ª semana de Cuaresma,primera lectura,"Nm 21,4-9",Numeri,6,6,0,,46,8,0.174,abla ablo acel acia acud apar bron cami
7073TCUM05.html,2,Martes de la 5ª semana de Cuaresma,salmo responsorial,"Sal 101,2-3.16-18.19-21",Psalmi,8,8,0,,46,8,0.174,acia alab apar asta caut cede ciel cond
7110TPAV05.html,2,Viernes de la quinta semana de Pascua,salmo responsorial,"Sal 56,8-9.10-12",Psalmi,5,5,0,,23,4,0.174,alca alel auro bond ciel cora desp eleu
2055BTOD22.html,3,Domingo de la 22ª semana de Tiempo Ordinario,segunda lectura,"St 1,17-18.21b-22.27",Jacobi,5,5,0,,40,7,0.175,acep arri astr bene capa ceri cria doci
4066ITOS11.html,1,Sábado de la 11ª semana de Tiempo Ordinario,primera lectura,"2 Co 12,1-10",Ad Corinthios II,10,10,0,,57,10,0.175,agan apal arre asta bast capa cato ciel
4102ITOS17.html,1,Sábado de la 17ª semana de Tiempo Ordinario,primera lectura,"Lv 25,1.8-17",Leviticus,11,11,0,,63,11,0.175,ablo algu anua arei band bord camp cele
4133ITOL23.html,4,Lunes de la 23ª semana de Tiempo Ordinario,evangelio,"Lc 6,6-11",Lucas,6,6,0,,40,7,0.175,abia acec acer acus braz cedo deia dere
4154ITOJ26.html,1,Jueves de la 26ª semana de Tiempo Ordinario,primera lectura,"Ne 8,1-4a.5-6.7b-12",Nehemiæ,12,12,0,,97,17,0.175,abia abri acal acel agai alab aman anad
4263PTOV10.html,1,Viernes de la 10ª semana de Tiempo Ordinario,primera lectura,"1 R 19,9a.11-16",Regum III,7,7,0,,63,11,0.175,aban acel aces acia afue alia ases bail
4305PTOV17.html,1,Viernes de la 17ª semana de Tiempo Ordinario,primera lectura,"Jr 26,1-9",Jeremias,9,9,0,,57,10,0.175,abia acci acer agar arre caus ceda cesa
4337PTOL23.html,4,Lunes de la 23ª semana de Tiempo Ordinario,evangelio,"Lc 6,6-11",Lucas,6,6,0,,40,7,0.175,abia acec acer acus braz cedo deia dere
7072TCUL05.html,1,Lunes de la 5ª semana de Cuaresma,primera lectura,"Dn 13,1-9.15-17.19-30.33-62",Daniel,54,54,0,,228,40,0.175,abia abla aboc abra abri abso acab acac
7081JUSAMC.html,2,Jueves Santo — Misa Crismal,segunda lectura,"Ap 1,5-8",Apocalypsis,4,4,0,,40,7,0.175,acel anun atra caus conu entr enui espi
1022AVIPAS.html,22,Vigilia Pascual,evangelio,"Mt 28,1-10",Matthæus,10,10,0,,68,12,0.176,abia ablo abra acer albo aleg anun apri
1023APAD01.html,1,Vigilia Pascual,evangelio,"Mt 28,1-10",Matthæus,10,10,0,,68,12,0.176,abia ablo abra acer albo aleg anun apri
1035ATOD02.html,5,Domingo de la 2ª semana de Tiempo Ordinario,evangelio,"Jn 1,29-34",Joannes,6,6,0,,34,6,0.176,acel acia ante baia baut ciel cien cita
1048ATOD15.html,2,Domingo de la 15ª semana de Tiempo Ordinario,salmo responsorial,"Sal 64,10.11.12-13.14",Psalmi,5,5,0,,34,6,0.176,acec acla aleg bend bien brot cant carr
1059ATOD26.html,4,Domingo de la 26ª semana de Tiempo Ordinario,segunda lectura,"Flp 2,1-5",Ad Philippenses,5,5,0,,34,6,0.176,aleg aliu busc cere comp conc dadm darm
1060ATOD27.html,3,Domingo de la 27ª semana de Tiempo Ordinario,segunda lectura,"Flp 4,6-9",Ad Philippenses,4,4,0,,34,6,0.176,acci apre cora cuen erma esta fina grac
2037BTOD04.html,1,Domingo de la 4ª semana de Tiempo Ordinario,primera lectura,"Dt 18,15-20",Deuteronomium,6,6,0,,34,6,0.176,able ablo asam cien cier cuen deci dici
2047BTOD14.html,3,Domingo de la 14ª semana de Tiempo Ordinario,segunda lectura,"2 Co 12,7b-10",Ad Corinthios II,4,4,0,,34,6,0.176,apal bast cuan debi difi ento erma espi
2049BTOD16.html,1,Domingo de la 16ª semana de Tiempo Ordinario,primera lectura,"Jr 23,1-6",Jeremias,6,6,0,,51,9,0.176,acci crez cuen dees deia dere dond espa
2061BTOD28.html,5,Domingo de la 28ª semana de Tiempo Ordinario,evangelio,"Mc 10,17-30",Marcus,14,14,0,,91,16,0.176,acel acer agui alre anad aora arro aseg
3024CPAD02.html,3,Segundo domingo de Pascua,segunda lectura,"Ap 1,9-11a.12-13.17-19",Apocalypsis,8,8,0,,51,9,0.176,aber abis abla altu cien cint comp cons
3045CTOD12.html,5,Domingo de la 12ª semana de Tiempo Ordinario,evangelio,"Lc 9,18-24",Lucas,7,7,0,,51,9,0.176,anad anci anti baut carg caus cien cier
3052CTOD19.html,4,Domingo de la 19ª semana de Tiempo Ordinario,segunda lectura,"Hb 11,1-2.8-12",Ad Hebræos,7,7,0,,51,9,0.176,abia acia adon anti arci aspe ciel cimi
4055ITOL10.html,1,Lunes de la 10ª semana de Tiempo Ordinario,primera lectura,"2 Co 1,1-7",Ad Corinthios II,7,7,0,,51,9,0.176,agua alen alie anim asta bend comp comu
4190ITOJ32.html,4,Jueves de la 32ª semana de Tiempo Ordinario,evangelio,"Lc 17,20-25",Lucas,6,6,0,,34,6,0.176,acel ante anun bril cont cuan dent dese
4205PTOL01.html,1,Lunes de la 1ª semana de Tiempo Ordinario,primera lectura,"1 S 1,1-8",Regum I,8,8,0,,51,9,0.176,abia acel acia afli ceri comi desd dond
4264PTOS10.html,1,Sábado de la 10ª semana de Tiempo Ordinario,primera lectura,"1 R 19,19-21",Regum III,3,3,0,,34,6,0.176,acel adio aper buei cien cogi corr deci
4394PTOJ32.html,4,Jueves de la 32ª semana de Tiempo Ordinario,evangelio,"Lc 17,20-25",Lucas,6,6,0,,34,6,0.176,acel ante anun bril cont cuan dent dese
7030TF03EN.html,4,3 de enero,evangelio,"Jn 1,29-34",Joannes,6,6,0,,34,6,0.176,acel acia ante baia baut ciel cien cita
7116TPAV06.html,1,Viernes de la sexta semana de Pascua,primera lectura,"Hch 18,9-18",Actus Apostolorum,10,10,0,,74,13,0.176,abal abia abla acer acus afei agar algu
7119TPAM07.html,1,Martes de la séptima semana de Pascua,primera lectura,"Hch 20,17-27",Actus Apostolorum,11,11,0,,68,12,0.176,acel agua algu anun aora aorr aseg carc
4370PTOJ28.html,1,Jueves de la 28ª semana de Tiempo Ordinario,primera lectura,"Ef 1,1-10",Ad Ephesios,10,10,0,,62,11,0.177,abia alab ante bend bien ceri ciel clas
4407PTOV34.html,1,Viernes de la 34ª semana de Tiempo Ordinario,primera lectura,"Ap 20,1-4.11—21,2",Apocalypsis,,11,,,79,14,0.177,abia abri agar alma ante arre arro baia
2042BTOD09.html,3,Domingo de la 9ª semana de Tiempo Ordinario,segunda lectura,"2 Co 4,6-11",Ad Corinthios II,6,6,0,,45,8,0.178,aban acos apla apri apur barr bril caus
3044CTOD11.html,6,Domingo de la 11ª semana de Tiempo Ordinario,evangelio,"Lc 7,36-50",Lucas,15,15,0,,73,13,0.178,abia acel amar asta besa beso cabe camb
4116ITOM20.html,1,Martes de la 20ª semana de Tiempo Ordinario,primera lectura,"Jc 6,11-24a",Judicum,14,14,0,,90,16,0.178,abie abla acel alar alca aora apar arin
7001TAVL01.html,2,Lunes de la 1ª semana de Adviento,primera lectura,"Is 4,2-6",Isaias,5,5,0,,45,8,0.178,acel agua ardi asam bald bril cani cede
7035TFLDEP.html,1,7 DE ENERO — Lunes después de Epifanía,primera lectura,"1 Jn 3,22—4,6",Joannis I,,9,,,45,8,0.178,abei abla acem agra amem ceri cien cono
7086TOCPAV.html,1,Viernes de la octava de Pascua,primera lectura,"Hch 4,1-12",Actus Apostolorum,12,12,0,,73,13,0.178,abei abia abla abra acel alei anci anun
1054ATOD21.html,2,Domingo de la 21ª semana de Tiempo Ordinario,salmo responsorial,"Sal 137,1-2a.2bc-3.6.8bc",Psalmi,5,5,0,,28,5,0.179,aban acia acre cono cora cuan dela escu
1061ATOD28.html,3,Domingo de la 28ª semana de Tiempo Ordinario,segunda lectura,"Flp 4,12-14.19-20",Ad Philippenses,5,5,0,,28,5,0.179,acel ambr artu comp entr erma espl esto
2025BPAD03.html,3,Tercer domingo de Pascua,segunda lectura,"1 Jn 2,1-5",Joannis I,5,5,0,,28,5,0.179,abog algu cien cier cono ente escr esta
2028BPAD06.html,2,Sexto domingo de Pascua,salmo responsorial,"Sal 97,1.2-3ab.3cd-4",Psalmi,4,4,0,,28,5,0.179,acla acor alel braz conf cono cont dies
2044BTOD11.html,1,Domingo de la 11ª semana de Tiempo Ordinario,primera lectura,"Ez 17,22-24",Ezechiel,3,3,0,,28,5,0.179,abri agas alta alto anid arbo arra brot
2048BTOD15.html,3,Domingo de la 15ª semana de Tiempo Ordinario,segunda lectura,"Ef 1,3-14",Ad Ephesios,12,12,0,,78,14,0.179,abei abia alab ante bend bien ceri ciel
2052BTOD19.html,3,Domingo de la 19ª semana de Tiempo Ordinario,segunda lectura,"Ef 4,30—5,2",Ad Ephesios,,5,,,28,5,0.179,buen ceri comp dest enfa entr erma espi
3033CFCORP.html,2,Santísimo Cuerpo y Sangre de Cristo,salmo responsorial,"Sal 109,1.2.3.4",Psalmi,4,4,0,,28,5,0.179,ante arre auro bata cetr dere desd enem
3057CTOD24.html,2,Domingo de la 24ª semana de Tiempo Ordinario,salmo responsorial,"Sal 50,3-4.12-13.17.19",Psalmi,6,6,0,,28,5,0.179,abri alab arro bond borr cebr cite comp
4007ITOL02.html,2,Lunes de la 2ª semana de Tiempo Ordinario,salmo responsorial,"Sal 109,1.2.3.4",Psalmi,4,4,0,,28,5,0.179,ante arre auro bata cetr dere desd enem
4009ITOX02.html,2,Miércoles de la 2ª semana de Tiempo Ordinario,salmo responsorial,"Sal 109,1.2.3.4",Psalmi,4,4,0,,28,5,0.179,ante arre auro bata cetr dere desd enem
4015ITOX03.html,2,Miércoles de la 3ª semana de Tiempo Ordinario,salmo responsorial,"Sal 109,1.2.3.4",Psalmi,4,4,0,,28,5,0.179,ante arre auro bata cetr dere desd enem
4034ITOJ06.html,1,Jueves de la 6ª semana de Tiempo Ordinario,primera lectura,"Gn 9,1-13",Genesis,13,13,0,,56,10,0.179,abra acom alim anad aora bend ciel coma
4144ITOS24.html,1,Sábado de la 24ª semana de Tiempo Ordinario,primera lectura,"1 Tm 6,13-16",Ad Timotheum I,4,4,0,,39,7,0.179,abit asta bien ceri cien erma eter guar
4168ITOS28.html,2,Sábado de la 28ª semana de Tiempo Ordinario,salmo responsorial,"Sal 104,6-7.8-9.42-43",Psalmi,6,6,0,,28,5,0.179,abia acor acue aleg alel alia eleg esco
4257PTOV09.html,2,Viernes de la 9ª semana de Tiempo Ordinario,salmo responsorial,"Sal 118,157.160.161.165.166.168",Psalmi,6,6,0,,28,5,0.179,agua apar cami comp cora cump decr enem
4314PTOM19.html,1,Martes de la 19ª semana de Tiempo Ordinario,primera lectura,"Ez 2,8—3,4",Ezechiel,,6,,,28,5,0.179,abla acia alim anue dese dici dile docu
4318PTOS19.html,1,Sábado de la 19ª semana de Tiempo Ordinario,primera lectura,"Ez 18,1-10.13b.30-32",Ezechiel,14,14,0,,84,15,0.179,abei aber abom acum agra algu ambr anda
7033TF06EN.html,1,6 de enero,primera lectura,"1 Jn 5,5-13",Joannis I,9,9,0,,28,5,0.179,acep acer acue ceri cien cosa cree crei
7039TFVDEP.html,1,11 DE ENERO — Viernes después de Epifanía,primera lectura,"1 Jn 5,5-13",Joannis I,9,9,0,,28,5,0.179,acep acer acue ceri cien cosa cree crei
7071MLCU05.html,2,Misa de libre elección: quinta semana de Cuaresma,salmo responsorial,"Sal 16,1.6-7.8b.15",Psalmi,5,5,0,,28,5,0.179,adue apel atie cien dere desp enga esco
7097TPAJ03.html,1,Jueves de la tercera semana de Pascua,primera lectura,"Hch 8,26-40",Actus Apostolorum,15,15,0,,84,15,0.179,abia abla abri acel acer acia aleg anun
7105TPAS04.html,2,Sábado de la cuarta semana de Pascua,salmo responsorial,"Sal 97,1-2ab.2cd-3ab.3cd-4",Psalmi,4,4,0,,28,5,0.179,acla acor alel braz conf cono cont dies
7115TPAJ06.html,2,Jueves de la sexta semana de Pascua,salmo responsorial,"Sal 97,1-2ab.2cd-3ab.3cd-4",Psalmi,4,4,0,,28,5,0.179,acla acor alel braz conf cono cont dies
1040ATOD07.html,5,Domingo de la 7ª semana de Tiempo Ordinario,evangelio,"Mt 5,38-48",Matthæus,11,11,0,,61,11,0.18,abei abof abor acei acel acen acom agai
3038CTOD05.html,3,Domingo de la 5ª semana de Tiempo Ordinario,segunda lectura,"1 Co 15,1-11",Ad Corinthios I,11,11,0,,61,11,0.18,abei abia acep ades ante apar aunc cefa
3067CTOD34.html,5,"Domingo de la 34ª semana de Tiempo Ordinario — Jesucristo, Rey del Universo",evangelio,"Lc 23,35-43",Lucas,9,9,0,,50,9,0.18,abia acel acia acue aseg auto burl camb
4258PTOS09.html,1,Sábado de la 9ª semana de Tiempo Ordinario,primera lectura,"2 Tm 4,1-8",Ad Timotheum II,8,8,0,,61,11,0.18,acel agua alag aler aora apar asta ceri
7024TFPD23.html,1,Feria de Adviento. — Día 23 de diciembre.,primera lectura,"Ml 3,1-4.23-24",Malachias,6,6,0,,50,9,0.18,acia agra alia apar busc cami ceda cien
2055BTOD22.html,5,Domingo de la 22ª semana de Tiempo Ordinario,evangelio,"Mc 7,1-8.14-15.21-23",Marcus,13,13,0,,83,15,0.181,acel acen acer afer algu ante codi comi
4077ITOV13.html,1,Viernes de la 13ª semana de Tiempo Ordinario,primera lectura,"Gn 23,1-4.19.24,1-8.62-67",Genesis,19,19,0,,94,17,0.181,abia ablo acel acer admi alza auan bend
4112ITOJ19.html,4,Jueves de la 19ª semana de Tiempo Ordinario,evangelio,"Mt 18,21—19,1",Matthæus,,16,,,83,15,0.181,acab acel adel agar aius arro asta ceda
4142ITOJ24.html,4,Jueves de la 24ª semana de Tiempo Ordinario,evangelio,"Lc 7,36-50",Lucas,15,15,0,,72,13,0.181,abia acel amar asta besa beso cabe camb
4225PTOX04.html,1,Miércoles de la 4ª semana de Tiempo Ordinario,primera lectura,"2 S 24,2.9-17",Regum II,10,10,0,,94,17,0.181,aber abia acel acer acia ambr ante aora
4316PTOJ19.html,4,Jueves de la 19ª semana de Tiempo Ordinario,evangelio,"Mt 18,21—19,1",Matthæus,,16,,,83,15,0.181,acab acel adel agar aius arro asta ceda
4346PTOJ24.html,4,Jueves de la 24ª semana de Tiempo Ordinario,evangelio,"Lc 7,36-50",Lucas,15,15,0,,72,13,0.181,abia acel amar asta besa beso cabe camb
1008TNSMDD.html,2,Natividad del Señor,salmo responsorial,"Sal 97,1.2-3ab.3cd-4.5-6",Psalmi,6,6,0,,33,6,0.182,acla acor braz clar conf cono cont dies
1036ATOD03.html,1,Domingo de la 3ª semana de Tiempo Ordinario,primera lectura,"Is 8,23b—9,3",Isaias,,3,,,33,6,0.182,acre aleg aora aume bast boti bril cami
1045ATOD12.html,3,Domingo de la 12ª semana de Tiempo Ordinario,segunda lectura,"Rm 5,12-15",Ad Romanos,4,4,0,,33,6,0.182,abia ante asta aunc corr desd emba entr
1059ATOD26.html,2,Domingo de la 26ª semana de Tiempo Ordinario,salmo responsorial,"Sal 24,4bc-5.6-7.8-9",Psalmi,6,6,0,,22,4,0.182,acue bond buen cami ense espe esto eter
2008TNSMDD.html,2,Natividad del Señor,salmo responsorial,"Sal 97,1.2-3ab.3cd-4.5-6",Psalmi,6,6,0,,33,6,0.182,acla acor braz clar conf cono cont dies
2022BVIPAS.html,21,Vigilia Pascual,salmo responsorial,"Sal 117,1-2.16ab-17.22-23",Psalmi,6,6,0,,22,4,0.182,aora arci azan buen cien cont dese dies
2023BPAD01.html,2,Domingo de Pascua,salmo responsorial,"Sal 117,2.16ab-17.22-23",Psalmi,5,5,0,,22,4,0.182,aora arci azan buen cien cont dese dies
2035BTOD02.html,4,Domingo de la 2ª semana de Tiempo Ordinario,aleluya,"Jn 1,41.17b",Joannes,2,2,0,,11,2,0.182,alel alte emos enco grac medi uerd uers
2047BTOD14.html,5,Domingo de la 14ª semana de Tiempo Ordinario,evangelio,"Mc 6,1-6",Marcus,6,6,0,,44,8,0.182,acel acer algu alre asom carp comp cuan
3008TNSMDD.html,2,Natividad del Señor,salmo responsorial,"Sal 97,1.2-3ab.3cd-4.5-6",Psalmi,6,6,0,,33,6,0.182,acla acor braz clar conf cono cont dies
3017CCUD04.html,3,Cuarto domingo de Cuaresma,segunda lectura,"2 Co 5,17-21",Ad Corinthios II,5,5,0,,33,6,0.182,abia actu anti come conf cons cria cuen
3023CPAD01.html,2,Domingo de Pascua,salmo responsorial,"Sal 117,2.16ab-17.22-23",Psalmi,5,5,0,,22,4,0.182,aora arci azan buen cien cont dese dies
3045CTOD12.html,3,Domingo de la 12ª semana de Tiempo Ordinario,segunda lectura,"Ga 3,26-29",Ad Galatas,4,4,0,,22,4,0.182,abei baut desc dist entr erma escl gent
3059CTOD26.html,1,Domingo de la 26ª semana de Tiempo Ordinario,primera lectura,"Am 6,1a.4-7",Amos,5,5,0,,33,6,0.182,acab acos arre bebe carn caut copa cuer
3062CTOD29.html,2,Domingo de la 29ª semana de Tiempo Ordinario,salmo responsorial,"Sal 120,1-2.3-4.5-6.7-8",Psalmi,8,8,0,,22,4,0.182,aora ciel dere dond duer entr guar noce
3062CTOD29.html,3,Domingo de la 29ª semana de Tiempo Ordinario,segunda lectura,"2 Tm 3,14—4,2",Ad Timotheum II,,6,,,44,8,0.182,apre buen ceri cien cond conf coni cono
4009ITOX02.html,4,Miércoles de la 2ª semana de Tiempo Ordinario,evangelio,"Mc 3,1-6",Marcus,6,6,0,,44,8,0.182,abia acab acec acel acer acus braz buen
4013ITOL03.html,2,Lunes de la 3ª semana de Tiempo Ordinario,salmo responsorial,"Sal 97,1.2-3ab.3cd-4.5-6",Psalmi,6,6,0,,33,6,0.182,acla acor braz clar conf cono cont dies
4021ITOX04.html,4,Miércoles de la 4ª semana de Tiempo Ordinario,evangelio,"Mc 6,1-6",Marcus,6,6,0,,44,8,0.182,acel acer algu alre asom carp comp cuan
4022ITOJ04.html,2,Jueves de la 4ª semana de Tiempo Ordinario,salmo responsorial,"Sal 47,2-3ab.3cd-4.9.10-11",Psalmi,6,6,0,,33,6,0.182,abia alab alca aleg altu ciel ciud conf
4041ITOV07.html,2,Viernes de la 7ª semana de Tiempo Ordinario,salmo responsorial,"Sal 118,12.16.18.27.34.35",Psalmi,6,6,0,,22,4,0.182,abre bend cami cont cora cump decr deli
4071ITOV12.html,1,Viernes de la 12ª semana de Tiempo Ordinario,primera lectura,"Gn 17,1.9-10.15-22",Genesis,11,11,0,,55,10,0.182,abei abla anad apar bend cami cien cont
4126ITOS21.html,2,Sábado de la 21ª semana de Tiempo Ordinario,salmo responsorial,"Sal 97,1.7-8.9",Psalmi,4,4,0,,22,4,0.182,acla apla braz cont cuan dies lega mara
4149ITOV25.html,1,Viernes de la 25ª semana de Tiempo Ordinario,primera lectura,"Ag 1,15b—2,9",Aggæus,,9,,,55,10,0.182,abit agit anim aora ciel cien cont cuan
4207PTOX01.html,1,Miércoles de la 1ª semana de Tiempo Ordinario,primera lectura,"1 S 3,1-10.19-20",Regum I,12,12,0,,55,10,0.182,abia abit abla acel acos acre acue algu
4213PTOX02.html,4,Miércoles de la 2ª semana de Tiempo Ordinario,evangelio,"Mc 3,1-6",Marcus,6,6,0,,44,8,0.182,abia acab acec acel acer acus braz buen
4225PTOX04.html,4,Miércoles de la 4ª semana de Tiempo Ordinario,evangelio,"Mc 6,1-6",Marcus,6,6,0,,44,8,0.182,acel acer algu alre asom carp comp cuan
4249PTOX08.html,1,Miércoles de la 8ª semana de Tiempo Ordinario,primera lectura,"1 P 1,18-25",Petri I,8,8,0,,66,12,0.182,abei agos amao ante anun aora bele bien
4259PTOL10.html,2,Lunes de la 10ª semana de Tiempo Ordinario,salmo responsorial,"Sal 120,1-2.3-4.5-6.7-8",Psalmi,8,8,0,,22,4,0.182,aora ciel dere dond duer entr guar noce
4291PTOX15.html,2,Miércoles de la 15ª semana de Tiempo Ordinario,salmo responsorial,"Sal 93,5-6.7-8.9-10.14-15",Psalmi,8,8,0,,33,6,0.182,aban ases cast come cora cuan degu disc
4370PTOJ28.html,2,Jueves de la 28ª semana de Tiempo Ordinario,salmo responsorial,"Sal 97,1.2-3ab.3cd-4.5-6",Psalmi,6,6,0,,33,6,0.182,acla acor braz clar conf cono cont dies
7031TF04EN.html,2,4 de enero,salmo responsorial,"Sal 97,1-2ab.7-8a.8b-9",Psalmi,5,5,0,,22,4,0.182,acla apla braz cont cuan dies lega mara
7047TCUX01.html,3,Miércoles de la 1ª semana de Cuaresma,aleluya,"Jl 2,12-13",Joel,2,2,0,,11,2,0.182,alel alte aora comp cora orac porc seno
7055TCUV02.html,3,Viernes de la 2ª semana de Cuaresma,aleluya,"Jn 3,16",Joannes,1,1,0,,11,2,0.182,alel alte cree entr tant tien todo uers
7059TCUM03.html,3,Martes de la 3ª semana de Cuaresma,aleluya,"Jl 2,12-13",Joel,2,2,0,,11,2,0.182,alel alte aora comp cora orac porc seno
7061TCUJ03.html,3,Jueves de la 3ª semana de Cuaresma,aleluya,"Jl 2,12-13",Joel,2,2,0,,11,2,0.182,alel alte aora comp cora orac porc seno
7068TCUJ04.html,3,Jueves de la 4ª semana de Cuaresma,aleluya,"Jn 3,16",Joannes,1,1,0,,11,2,0.182,alel alte cree entr tant tien todo uers
7070TCUS04.html,3,Sábado de la 4ª semana de Cuaresma,aleluya,"Jn 3,16",Joannes,1,1,0,,11,2,0.182,alel alte cree entr tant tien todo uers
7090TPAX02.html,3,Miércoles de la segunda semana de Pascua,aleluya,"Jn 3,16",Joannes,1,1,0,,11,2,0.182,alel alte cree entr tant tien todo uers
7124Textos_comunes.html,2,TEXTOS COMUNES PARA EL CANTO DEL SALMO RESPONSORIAL,salmo responsorial,"Sal 97,1-2ab.2cd-3ab.3cd-4.5-6",Psalmi,6,6,0,,33,6,0.182,acla acor braz clar conf cono cont dies
1015ACUD02.html,5,Segundo domingo de Cuaresma,evangelio,"Mt 17,1-9",Matthæus,9,9,0,,60,11,0.183,abla acel acer alza amad apar asta baia
1022AVIPAS.html,6,Vigilia Pascual,segunda lectura,"Gn 22,1-2.9a.10-13.15-18",Genesis,11,11,0,,60,11,0.183,aber abia acel acer agas alar aora bend
2022BVIPAS.html,6,Vigilia Pascual,segunda lectura,"Gn 22,1-2.9a.10-13.15-18",Genesis,11,11,0,,60,11,0.183,aber abia acel acer agas alar aora bend
3022AVIPAS.html,6,Vigilia Pascual,segunda lectura,"Gn 22,1-2.9a.10-13.15-18",Genesis,11,11,0,,60,11,0.183,aber abia acel acer agas alar aora bend
1022AVIPAS.html,2,Vigilia Pascual,primera lectura,"Gn 1,1.26-31a",Genesis,7,7,0,,38,7,0.184,abia agam alim arbo bend buen ciel crec
1029AFASCE.html,3,La Ascensión del Señor,segunda lectura,"Ef 1,17-23",Ad Ephesios,7,7,0,,49,9,0.184,acab cabe ciel comp cono cora cree cuer
1052ATOD19.html,3,Domingo de la 19ª semana de Tiempo Ordinario,segunda lectura,"Rm 9,1-5",Ad Romanos,5,5,0,,38,7,0.184,alia aseg bend cien cisi conc cora cult
2022BVIPAS.html,2,Vigilia Pascual,primera lectura,"Gn 1,1.26-31a",Genesis,7,7,0,,38,7,0.184,abia agam alim arbo bend buen ciel crec
2029BFASCE.html,3,La Ascensión del Señor,segunda lectura,"Ef 1,17-23",Ad Ephesios,7,7,0,,49,9,0.184,acab cabe ciel comp cono cora cree cuer
2049BTOD16.html,3,Domingo de la 16ª semana de Tiempo Ordinario,segunda lectura,"Ef 2,13-18",Ad Ephesios,6,6,0,,38,7,0.184,abol acer acie ante aora cerc crea cuer
3022AVIPAS.html,2,Vigilia Pascual,primera lectura,"Gn 1,1.26-31a",Genesis,7,7,0,,38,7,0.184,abia agam alim arbo bend buen ciel crec
3046CTOD13.html,1,Domingo de la 13ª semana de Tiempo Ordinario,primera lectura,"1 R 19,16b.19-21",Regum III,4,4,0,,38,7,0.184,acel adio aper bail buei cien cogi corr
4024ITOS04.html,1,Sábado de la 4ª semana de Tiempo Ordinario,primera lectura,"Hb 13,15-17.20-21",Ad Hebræos,5,5,0,,49,9,0.184,acer agra aiud alab aleg alia aran cont
4035ITOV06.html,4,Viernes de la 6ª semana de Tiempo Ordinario,evangelio,"Mc 8,34—9,1",Marcus,,6,,,49,9,0.184,aber acel algu anad arru aseg auer carg
4045ITOX08.html,1,Miércoles de la 8ª semana de Tiempo Ordinario,primera lectura,"Eclo 36,1-2a.5-6.13-19",Ecclesiasticus,11,11,0,,49,9,0.184,anti cien ciud comp conf cump dale escu
4149ITOV25.html,4,Viernes de la 25ª semana de Tiempo Ordinario,evangelio,"Lc 9,18-22",Lucas,5,5,0,,38,7,0.184,anad anci anti baut cien cont deci dese
4179ITOV30.html,1,Viernes de la 30ª semana de Tiempo Ordinario,primera lectura,"Rm 9,1-5",Ad Romanos,5,5,0,,38,7,0.184,alia aseg bend cien cisi conc cora cult
4239PTOV06.html,4,Viernes de la 6ª semana de Tiempo Ordinario,evangelio,"Mc 8,34—9,1",Marcus,,6,,,49,9,0.184,aber acel algu anad arru aseg auer carg
4353PTOV25.html,4,Viernes de la 25ª semana de Tiempo Ordinario,evangelio,"Lc 9,18-22",Lucas,5,5,0,,38,7,0.184,anad anci anti baut cien cont deci dese
4363PTOX27.html,1,Miércoles de la 27ª semana de Tiempo Ordinario,primera lectura,"Ga 2,1-2.7-14",Ad Galatas,10,10,0,,76,14,0.184,acas acel acor acue afan ante anun aora
4399PTOX33.html,1,Miércoles de la 33ª semana de Tiempo Ordinario,primera lectura,"Ap 4,1-11",Apocalypsis,11,11,0,,87,16,0.184,abia abie agui alre anci ardi arro blan
7098TPAV03.html,4,Viernes de la tercera semana de Pascua,evangelio,"Jn 6,52-59",Joannes,8,8,0,,38,7,0.184,abit acel aseg baia bebe bebi ciel come
1035ATOD02.html,3,Domingo de la 2ª semana de Tiempo Ordinario,segunda lectura,"1 Co 1,1-3",Ad Corinthios I,3,3,0,,27,5,0.185,cons cual dema desi elos erma escr grac
1042ATOD09.html,2,Domingo de la 9ª semana de Tiempo Ordinario,salmo responsorial,"Sal 30,2-3a.3bc-4.17.25",Psalmi,5,5,0,,27,5,0.185,acia acoi apri balu bril cede cora defr
3043CTOD10.html,3,Domingo de la 10ª semana de Tiempo Ordinario,segunda lectura,"Ga 1,11-19",Ad Galatas,9,9,0,,54,10,0.185,abei abla acel anun apre asol cede cefa
3055CTOD22.html,5,Domingo de la 22ª semana de Tiempo Ordinario,evangelio,"Lc 14,1.7-14",Lucas,9,9,0,,54,10,0.185,abia aian amig arri auer banc cate ceda
3061CTOD28.html,2,Domingo de la 28ª semana de Tiempo Ordinario,salmo responsorial,"Sal 97,1.2-3ab.3cd-4",Psalmi,4,4,0,,27,5,0.185,acla acor braz conf cono cont dies ente
4006ITOS01.html,1,Sábado de la 1ª semana de Tiempo Ordinario,primera lectura,"Hb 4,12-16",Ad Hebræos,5,5,0,,54,10,0.185,acel acer alca asta atra ciel cien coiu
4056ITOM10.html,2,Martes de la 10ª semana de Tiempo Ordinario,salmo responsorial,"Sal 118,129.130.131.132.133.135",Psalmi,6,6,0,,27,5,0.185,admi ansi aseg bril ense expl guar igno
4061ITOL11.html,2,Lunes de la 11ª semana de Tiempo Ordinario,salmo responsorial,"Sal 97,1.2-3ab.3cd-4",Psalmi,4,4,0,,27,5,0.185,acla acor braz conf cono cont dies ente
4069ITOX12.html,4,Miércoles de la 12ª semana de Tiempo Ordinario,evangelio,"Mt 7,15-20",Matthæus,6,6,0,,27,5,0.185,acas acel acer buen card cono cose cuid
4158ITOM27.html,2,Martes de la 27ª semana de Tiempo Ordinario,salmo responsorial,"Sal 129,1-2.3-4.7bc-8",Psalmi,6,6,0,,27,5,0.185,aten cien cuen deli desd escu este grit
4163ITOL28.html,2,Lunes de la 28ª semana de Tiempo Ordinario,salmo responsorial,"Sal 97,1.2-3ab.3cd-4",Psalmi,4,4,0,,27,5,0.185,acla acor braz conf cono cont dies ente
4185ITOV31.html,2,Viernes de la 31ª semana de Tiempo Ordinario,salmo responsorial,"Sal 97,1.2-3ab.3cd-4",Psalmi,4,4,0,,27,5,0.185,acla acor braz conf cono cont dies ente
4203ITOV34.html,1,Viernes de la 34ª semana de Tiempo Ordinario,primera lectura,"Dn 7,2-14",Daniel,13,13,0,,108,20,0.185,abri abun acel acer agit agui alza anci
4215PTOV02.html,2,Viernes de la 2ª semana de Tiempo Ordinario,salmo responsorial,"Sal 56,2.3-4.6.11",Psalmi,5,5,0,,27,5,0.185,alca ansi bond cala ciel desd eleu enui
4248PTOM08.html,2,Martes de la 8ª semana de Tiempo Ordinario,salmo responsorial,"Sal 97,1.2-3ab.3c-4",Psalmi,4,4,0,,27,5,0.185,acla acor braz conf cono cont dies ente
4272PTOM12.html,2,Martes de la 12ª semana de Tiempo Ordinario,salmo responsorial,"Sal 47,2-3a.3b-4.10-11",Psalmi,5,5,0,,27,5,0.185,alab alca aleg altu ciel ciud conf desc
4273PTOX12.html,4,Miércoles de la 12ª semana de Tiempo Ordinario,evangelio,"Mt 7,15-20",Matthæus,6,6,0,,27,5,0.185,acas acel acer buen card cono cose cuid
4288PTOS14.html,1,Sábado de la 14ª semana de Tiempo Ordinario,primera lectura,"Is 6,1-8",Isaias,8,8,0,,54,10,0.185,abia acia apli ascu cern cien cogi cont
7012TAVS02.html,4,Sábado de la 2ª semana de Adviento,evangelio,"Mt 17,10-13",Matthæus,4,4,0,,27,5,0.185,anto baia baut cont cuan elos ente ento
7029TF02EN.html,2,2 de enero,salmo responsorial,"Sal 97,1-2ab.2cd-3ab.3cd-4",Psalmi,4,4,0,,27,5,0.185,acla acor braz conf cono cont dies ente
7047TCUX01.html,2,Miércoles de la 1ª semana de Cuaresma,salmo responsorial,"Sal 50,3-4.12-13.18-19",Psalmi,6,6,0,,27,5,0.185,arro bond borr cebr cerr cite comp cora
2042BTOD09.html,5,Domingo de la 9ª semana de Tiempo Ordinario,evangelio,"Mc 2,23—3,6",Marcus,,12,,,70,13,0.186,abei acab acec acen acer acus ambr anad
2063BTOD30.html,5,Domingo de la 30ª semana de Tiempo Ordinario,evangelio,"Mc 10,46-52",Marcus,7,7,0,,43,8,0.186,acel acer bast bord cala cami cieg cier
4046ITOJ08.html,4,Jueves de la 8ª semana de Tiempo Ordinario,evangelio,"Mc 10,46-52",Marcus,7,7,0,,43,8,0.186,acel acer bast bord cala cami cieg cier
4067ITOL12.html,1,Lunes de la 12ª semana de Tiempo Ordinario,primera lectura,"Gn 12,1-9",Genesis,9,9,0,,59,11,0.186,abia abit acel acia adci apar asta atra
4097ITOL17.html,4,Lunes de la 17ª semana de Tiempo Ordinario,evangelio,"Mt 13,31-35",Matthæus,5,5,0,,43,8,0.186,abri acel amas anid anun arbu arin aunc
4104ITOM18.html,1,Martes de la 18ª semana de Tiempo Ordinario,primera lectura,"Nm 12,1-13",Numeri,13,13,0,,70,13,0.186,abei abia abla ablo acel acia adel adiu
4250PTOJ08.html,4,Jueves de la 8ª semana de Tiempo Ordinario,evangelio,"Mc 10,46-52",Marcus,7,7,0,,43,8,0.186,acel acer bast bord cala cami cieg cier
4289PTOL15.html,1,Lunes de la 15ª semana de Tiempo Ordinario,primera lectura,"Is 1,10-17",Isaias,8,8,0,,70,13,0.186,acci agra agua apar apre arto asam aunc
4301PTOL17.html,4,Lunes de la 17ª semana de Tiempo Ordinario,evangelio,"Mt 13,31-35",Matthæus,5,5,0,,43,8,0.186,abri acel amas anid anun arbu arin aunc
7101TPAM04.html,4,Martes de la cuarta semana de Pascua,evangelio,"Jn 10,22-30",Joannes,9,9,0,,43,8,0.186,arre asta cele cono cree cuan dico dino
1006TNSMDM.html,3,Natividad del Señor,segunda lectura,"Tt 2,11-14",Ad Titum,4,4,0,,32,6,0.188,agua aora apar buen desd dese dica ense
1012TEPIFA.html,2,Epifanía del Señor,salmo responsorial,"Sal 71,1-2.7-8.10-11.12-13",Psalmi,8,8,0,,32,6,0.188,afli apia asta clam conf falt flor indi
1016ACUD03.html,6,Tercer domingo de Cuaresma,evangelio,"Jn 4,5-15.19b-26.39a.40-42",Joannes,23,23,0,,96,18,0.188,abia abla acel acer alre asta bebe bebi
1037ATOD04.html,3,Domingo de la 4ª semana de Tiempo Ordinario,segunda lectura,"1 Co 1,26-31",Ad Corinthios I,6,6,0,,32,6,0.188,anul aris asam cuen debi desp erma esco
1043ATOD10.html,2,Domingo de la 10ª semana de Tiempo Ordinario,salmo responsorial,"Sal 49,1.8.12-13.14-15",Psalmi,6,6,0,,32,6,0.188,abla alab ambr bebe cabr come conu cuan
2006TNSMDM.html,3,Natividad del Señor,segunda lectura,"Tt 2,11-14",Ad Titum,4,4,0,,32,6,0.188,agua aora apar buen desd dese dica ense
2012TEPIFA.html,2,Epifanía del Señor,salmo responsorial,"Sal 71,2.7-8.10-11.12-13",Psalmi,7,7,0,,32,6,0.188,afli apia asta clam conf falt flor indi
2014BCUD01.html,1,Primer domingo de Cuaresma,primera lectura,"Gn 9,8-15",Genesis,8,8,0,,32,6,0.188,abra acom anad aora apar ciel cuan desc
2040BTOD07.html,1,Domingo de la 7ª semana de Tiempo Ordinario,primera lectura,"Is 43,18-19.21-22.24b-25",Isaias,6,6,0,,32,6,0.188,abri acor alab anta apag auas borr brot
2043BTOD10.html,4,Domingo de la 10ª semana de Tiempo Ordinario,aleluya,"Jn 12,31b-32",Joannes,2,2,0,,16,3,0.188,acia alel alte aora atre cuan ecad eleu
3006TNSMDM.html,3,Natividad del Señor,segunda lectura,"Tt 2,11-14",Ad Titum,4,4,0,,32,6,0.188,agua aora apar buen desd dese dica ense
3012TEPIFA.html,2,Epifanía del Señor,salmo responsorial,"Sal 71,1-2.7-8.10-11.12-13",Psalmi,8,8,0,,32,6,0.188,afli apia asta clam conf falt flor indi
3016CCUD03.html,6,Tercer domingo de Cuaresma,evangelio,"Jn 4,5-15.19b-26.39a.40-42",Joannes,23,23,0,,96,18,0.188,abia abla acel acer alre asta bebe bebi
3059CTOD26.html,3,Domingo de la 26ª semana de Tiempo Ordinario,segunda lectura,"1 Tm 6,11-16",Ad Timotheum I,6,6,0,,48,9,0.188,abit asta bien cien comb conc deli fuis
4060ITOS10.html,1,Sábado de la 10ª semana de Tiempo Ordinario,primera lectura,"2 Co 5,14-21",Ad Corinthios II,8,8,0,,48,9,0.188,abia actu algu anti aora apre come conf
4109ITOL19.html,1,Lunes de la 19ª semana de Tiempo Ordinario,primera lectura,"Dt 10,12-22",Deuteronomium,11,11,0,,64,12,0.188,abit ablo acep alab amar aora asta azan
4110ITOM19.html,2,Martes de la 19ª semana de Tiempo Ordinario,salmo responsorial,"Dt 32,3-4a.7.8.9.12",Deuteronomium,6,6,0,,32,6,0.188,acue anci cond cont cuan dira dist edad
4128ITOM22.html,4,Martes de la 22ª semana de Tiempo Ordinario,evangelio,"Lc 4,31-37",Lucas,7,7,0,,48,9,0.188,abia abla acab acel acer asom auto ceda
4132ITOS22.html,2,Sábado de la 22ª semana de Tiempo Ordinario,salmo responsorial,"Sal 53,3-4.6.8",Psalmi,4,4,0,,16,3,0.188,atie auxi buen dand escu grac nomb ofre
4132ITOS22.html,4,Sábado de la 22ª semana de Tiempo Ordinario,evangelio,"Lc 6,1-5",Lucas,5,5,0,,32,6,0.188,abei acei ambr anad arra atra come comi
4165ITOX28.html,1,Miércoles de la 28ª semana de Tiempo Ordinario,primera lectura,"Rm 2,1-11",Ad Romanos,11,11,0,,64,12,0.188,acen acer aces admi alma bond busc camb
4330PTOS21.html,1,Sábado de la 21ª semana de Tiempo Ordinario,primera lectura,"1 Co 1,26-31",Ad Corinthios I,6,6,0,,32,6,0.188,anul aris asam cuen debi desp erma esco
4332PTOM22.html,4,Martes de la 22ª semana de Tiempo Ordinario,evangelio,"Lc 4,31-37",Lucas,7,7,0,,48,9,0.188,abia abla acab acel acer asom auto ceda
4336PTOS22.html,4,Sábado de la 22ª semana de Tiempo Ordinario,evangelio,"Lc 6,1-5",Lucas,5,5,0,,32,6,0.188,abei acei ambr anad arra atra come comi
7013TAVL03.html,1,Lunes de la 3ª semana de Adviento,primera lectura,"Nm 24,2-7.15-17a",Numeri,9,9,0,,48,9,0.188,abie acam acel ales aora auan bela cetr
7066TCUM04.html,2,Martes de la 4ª semana de Cuaresma,salmo responsorial,"Sal 45,2-3.5-6.8-9",Psalmi,6,6,0,,32,6,0.188,acec alca aleg aunc auro ciud cons corr
1013AFBASE.html,3,El Bautismo del Señor,segunda lectura,"Hch 10,34-38",Actus Apostolorum,5,5,0,,37,7,0.189,acel acep acie anun aunc baut clar cono
2013BFBASE.html,3,Bautismo del Señor,segunda lectura,"Hch 10,34-38",Actus Apostolorum,5,5,0,,37,7,0.189,acel acep acie anun aunc baut clar cono
2036BTOD03.html,5,Domingo de la 3ª semana de Tiempo Ordinario,evangelio,"Mc 1,14-20",Marcus,7,7,0,,37,7,0.189,adel arre barc cerc conm conu cree cuan
3013CFBASE.html,3,Bautismo del Señor,segunda lectura,"Hch 10,34-38",Actus Apostolorum,5,5,0,,37,7,0.189,acel acep acie anun aunc baut clar cono
3053CTOD20.html,3,Domingo de la 20ª semana de Tiempo Ordinario,segunda lectura,"Hb 12,1-4",Ad Hebræos,4,4,0,,37,7,0.189,abei aora cans carr cite comp corr dere
3055CTOD22.html,3,Domingo de la 22ª semana de Tiempo Ordinario,segunda lectura,"Hb 12,18-19.22-24a",Ad Hebræos,5,5,0,,37,7,0.189,abei abla acel acer alia alma asam ciel
3060CTOD27.html,1,Domingo de la 27ª semana de Tiempo Ordinario,primera lectura,"Ha 1,2-3.2,2-4",Habacuc,5,5,0,,37,7,0.189,acer aces alza asta cata corr cuan desg
3065CTOD32.html,5,Domingo de la 32ª semana de Tiempo Ordinario,evangelio,"Lc 20,27-38",Lucas,12,12,0,,53,10,0.189,abia acel acer casa case cont cuan deia
4001ITOL01.html,4,Lunes de la 1ª semana de Tiempo Ordinario,evangelio,"Mc 1,14-20",Marcus,7,7,0,,37,7,0.189,adel arre barc cerc conm conu cree cuan
4002ITOM01.html,1,Martes de la 1ª semana de Tiempo Ordinario,primera lectura,"Hb 2,5-12",Ad Hebræos,8,8,0,,53,10,0.189,abia abla acue alab anun aora asam auer
4020ITOM04.html,1,Martes de la 4ª semana de Tiempo Ordinario,primera lectura,"Hb 12,1-4",Ad Hebræos,4,4,0,,37,7,0.189,abei aora cans carr cite comp corr dere
4205PTOL01.html,4,Lunes de la 1ª semana de Tiempo Ordinario,evangelio,"Mc 1,14-20",Marcus,7,7,0,,37,7,0.189,adel arre barc cerc conm conu cree cuan
4216PTOS02.html,2,Sábado de la 2ª semana de Tiempo Ordinario,salmo responsorial,"Sal 79,2-3.5-7",Psalmi,5,5,0,,37,7,0.189,aira asta bebe burl come cuan desp dist
4405PTOX34.html,1,Miércoles de la 34ª semana de Tiempo Ordinario,primera lectura,"Ap 15,1-4",Apocalypsis,4,4,0,,53,10,0.189,abia acat arpa cami ciel cien cifr cord
1016ACUD03.html,1,Tercer domingo de Cuaresma,primera lectura,"Ex 17,3-7",Exodus,5,5,0,,42,8,0.19,abia acel acer algu anci aped caia dici
1034AFSCDJ.html,1,El sagrado Corazón de Jesús,primera lectura,"Dt 7,6-11",Deuteronomium,6,6,0,,42,8,0.19,abia ablo abor acab acel alia cien decr
1055ATOD22.html,3,Domingo de la 22ª semana de Tiempo Ordinario,segunda lectura,"Rm 12,1-2",Ad Romanos,2,2,0,,21,4,0.19,agra aius buen cuer cult disc erma exor
2016BCUD03.html,3,Tercer domingo de Cuaresma,salmo responsorial,"Sal 18,8.9.10.11",Psalmi,4,4,0,,21,4,0.19,aleg cora desc dest ente esta eter igno
2016BCUD03.html,1,Tercer domingo de Cuaresma,primera lectura,"Ex 17,3-7",Exodus,5,5,0,,42,8,0.19,abia acel acer algu anci aped caia dici
2059BTOD26.html,1,Domingo de la 26ª semana de Tiempo Ordinario,primera lectura,"Nm 11,25-29",Numeri,5,5,0,,42,8,0.19,abia ablo acel acud aiud anci apar aunc
3016CCUD03.html,1,Tercer domingo de Cuaresma,primera lectura,"Ex 17,3-7",Exodus,5,5,0,,42,8,0.19,abia acel acer algu anci aped caia dici
3048CTOD15.html,3,Domingo de la 15ª semana de Tiempo Ordinario,salmo responsorial,"Sal 18,8.9.10.11",Psalmi,4,4,0,,21,4,0.19,aleg cora desc dest ente esta eter igno
4048ITOS08.html,2,Sábado de la 8ª semana de Tiempo Ordinario,salmo responsorial,"Sal 18,8.9.10.11",Psalmi,4,4,0,,21,4,0.19,aleg cora desc dest ente esta eter igno
4095ITOV16.html,2,Viernes de la 16ª semana de Tiempo Ordinario,salmo responsorial,"Sal 18,8.9.10.11",Psalmi,4,4,0,,21,4,0.19,aleg cora desc dest ente esta eter igno
4116ITOM20.html,4,Martes de la 20ª semana de Tiempo Ordinario,evangelio,"Mt 19,23-30",Matthæus,8,8,0,,58,11,0.19,abei acel agui aseg cedo ciel cien cuan
4170ITOM29.html,1,Martes de la 29ª semana de Tiempo Ordinario,primera lectura,"Rm 5,12.15b.17-19.20b-21",Ad Romanos,7,7,0,,42,8,0.19,aora caus come conu corr crec cuan culp
4229PTOL05.html,2,Lunes de la 5ª semana de Tiempo Ordinario,salmo responsorial,"Sal 131,6-7.8-10",Psalmi,5,5,0,,21,4,0.19,enco entr esta estr fiel leua mans mora
4280PTOJ13.html,2,Jueves de la 13ª semana de Tiempo Ordinario,salmo responsorial,"Sal 18,8.9.10.11",Psalmi,4,4,0,,21,4,0.19,aleg cora desc dest ente esta eter igno
4320PTOM20.html,4,Martes de la 20ª semana de Tiempo Ordinario,evangelio,"Mt 19,23-30",Matthæus,8,8,0,,58,11,0.19,abei acel agui aseg cedo ciel cien cuan
7028TON731.html,4,31 de diciembre: 7º día de la octava de Navidad.,evangelio,"Jn 1,1-18",Joannes,18,18,0,,58,11,0.19,abia acam alum ante bril cien cono cont
7070TCUS04.html,2,Sábado de la 4ª semana de Cuaresma,salmo responsorial,"Sal 7,2-3.9bc-10.11-12",Psalmi,6,6,0,,21,4,0.19,acoi apoi atra cora culp desg entr escu
7108TPAX05.html,2,Miércoles de la quinta semana de Pascua,salmo responsorial,"Sal 121,1-2.4-5",Psalmi,4,4,0,,21,4,0.19,aleg alel cele cost cuan diie esta iust
3028CPAD06.html,1,Séptimo domingo de Pascua,segunda lectura,"Ap 22,12-14.16-17.20",Apocalypsis,6,6,0,,47,9,0.191,arbo bald bebe cier ciud conm cosa deci
3029CFASCE.html,3,Séptimo domingo de Pascua,segunda lectura,"Ap 22,12-14.16-17.20",Apocalypsis,6,6,0,,47,9,0.191,arbo bald bebe cier ciud conm cosa deci
3030CPAD07.html,3,Séptimo domingo de Pascua,segunda lectura,"Ap 22,12-14.16-17.20",Apocalypsis,6,6,0,,47,9,0.191,arbo bald bebe cier ciud conm cosa deci
4176ITOM30.html,1,Martes de la 30ª semana de Tiempo Ordinario,primera lectura,"Rm 8,18-25",Ad Romanos,8,8,0,,47,9,0.191,acel agua aora asta cuan cuer desc dolo
4325PTOL21.html,1,Lunes de la 21ª semana de Tiempo Ordinario,primera lectura,"2 Ts 1,1-5.11b-12",Ad Thessalonicenses II,7,7,0,,47,9,0.191,aume buen conc cons cont crec cump dese
4329PTOV21.html,1,Viernes de la 21ª semana de Tiempo Ordinario,primera lectura,"1 Co 1,17-25",Ad Corinthios I,9,9,0,,47,9,0.191,acer anun baut busc cami ciso cono conu
4381PTOX30.html,1,Miércoles de la 30ª semana de Tiempo Ordinario,primera lectura,"Ef 6,1-9",Ad Ephesios,9,9,0,,47,9,0.191,acen anad apar aria buen ceda ciel cien
7051TCUL02.html,1,Lunes de la 2ª semana de Cuaresma,primera lectura,"Dn 9,4b-10",Daniel,7,7,0,,47,9,0.191,abla abru alia apar aunc cerc come comp
7085TOCPAJ.html,1,Jueves de la octava de Pascua,primera lectura,"Hch 3,11-26",Actus Apostolorum,16,16,0,,115,22,0.191,abia acel acud alia anda anti anun apar
1004AAVD04.html,1,Domingo 4º de Adviento,primera lectura,"Is 7,10-14",Isaias,5,5,0,,26,5,0.192,abis ablo acel bast cans ciel cier cuen
4266PTOM11.html,2,Martes de la 11ª semana de Tiempo Ordinario,salmo responsorial,"Sal 50,3-4.5-6a.11.16",Psalmi,6,6,0,,26,5,0.192,abor apar bond borr cant come comp culp
7020TFPD19.html,2,Feria de Adviento. — Día 19 de diciembre.,salmo responsorial,"Sal 70,3-4a.5-6ab.16-17",Psalmi,6,6,0,,26,5,0.192,alca apoi asta desd dond ente espe fuis
7021TFPD20.html,1,Feria de Adviento. — Día 20 de diciembre.,primera lectura,"Is 7,10-14",Isaias,5,5,0,,26,5,0.192,abis ablo acel bast cans ciel cier cuen
7099TPAS03.html,1,Sábado de la tercera semana de Pascua,primera lectura,"Hch 9,31-42",Actus Apostolorum,12,12,0,,78,15,0.192,abia abri acel acia anim arri arro buen
1032AFSATR.html,1,La Santísima Trinidad,primera lectura,"Ex 34,4b-6.8-9",Exodus,5,5,0,,36,7,0.194,abia acel aunc cedo comp culp ered fauo
1060ATOD27.html,2,Domingo de la 27ª semana de Tiempo Ordinario,salmo responsorial,"Sal 79,9.12.13-14.15-16.19-20",Psalmi,8,8,0,,36,7,0.194,alei alim asta bril brot cerc ciel coma
4036ITOS06.html,4,Sábado de la 6ª semana de Tiempo Ordinario,evangelio,"Mc 9,2-13",Marcus,12,12,0,,72,14,0.194,abei acel acer alre amad aora apar asta
4088ITOJ15.html,1,Jueves de la 15ª semana de Tiempo Ordinario,primera lectura,"Ex 3,13-20",Exodus,8,8,0,,67,13,0.194,acel acer anad anci apar aran ardi deci
4134ITOM23.html,1,Martes de la 23ª semana de Tiempo Ordinario,primera lectura,"Col 2,6-15",Ad Colossenses,10,10,0,,72,14,0.194,abei abit acep afia agra algu arra auto
4175ITOL30.html,1,Lunes de la 30ª semana de Tiempo Ordinario,primera lectura,"Rm 8,12-17",Ad Romanos,6,6,0,,31,6,0.194,abei conc cuer deia deud erma escl espi
4190ITOJ32.html,1,Jueves de la 32ª semana de Tiempo Ordinario,primera lectura,"Sb 7,22—8,1",Sapientia,,10,,,67,13,0.194,acie acti agud alca alma amig atra bela
4240PTOS06.html,4,Sábado de la 6ª semana de Tiempo Ordinario,evangelio,"Mc 9,2-13",Marcus,12,12,0,,72,14,0.194,abei acel acer alre amad aora apar asta
4346PTOJ24.html,1,Jueves de la 24ª semana de Tiempo Ordinario,primera lectura,"1 Co 15,1-11",Ad Corinthios I,11,11,0,,62,12,0.194,abei abia acep ades ante apar aunc cefa
4383PTOV30.html,1,Viernes de la 30ª semana de Tiempo Ordinario,primera lectura,"Flp 1,1-11",Ad Philippenses,11,11,0,,62,12,0.194,abei adel alab aleg apre asta buen carg
4385PTOL31.html,1,Lunes de la 31ª semana de Tiempo Ordinario,primera lectura,"Flp 2,1-4",Ad Philippenses,4,4,0,,31,6,0.194,aleg aliu busc cere comp conc dadm darm
7033TF06EN.html,4,6 de enero,evangelio,"Mc 1,7-11",Marcus,5,5,0,,31,6,0.194,acel acia agac amad apen baia baut ciel
7077TCUS05.html,1,Sábado de la 5ª semana de Cuaresma,primera lectura,"Ez 37,21-28",Ezechiel,8,8,0,,62,12,0.194,alia cami cons cont crim cuan cump desm
7107TPAM05.html,1,Martes de la quinta semana de Pascua,primera lectura,"Hch 14,19-28",Actus Apostolorum,10,10,0,,67,13,0.194,abia abie acab acel aiun aped arra atal
7124Textos_comunes.html,3,TEXTOS COMUNES PARA EL CANTO DEL SALMO RESPONSORIAL,salmo responsorial,"Sal 71,1-2.7-8.10-11.12-13",Psalmi,8,8,0,,31,6,0.194,afli apia asta clam conf falt flor indi
1019AFDORA.html,7,Domingo de ramos,evangelio,"Mt 27,11-54",Matthæus,44,44,0,,185,36,0.195,abai aban abia abri acel acud acus algu
2064BTOD31.html,5,Domingo de la 31ª semana de Tiempo Ordinario,evangelio,"Mc 12,28b-34",Marcus,7,7,0,,41,8,0.195,abia acel acer amar atre cora cuan dice
4052ITOJ09.html,4,Jueves de la 9ª semana de Tiempo Ordinario,evangelio,"Mc 12,28b-34",Marcus,7,7,0,,41,8,0.195,abia acel acer amar atre cora cuan dice
4068ITOM12.html,1,Martes de la 12ª semana de Tiempo Ordinario,primera lectura,"Gn 13,2.5-18",Genesis,15,15,0,,82,16,0.195,abar abia ablo acel acia acom anco asta
4107ITOV18.html,4,Viernes de la 18ª semana de Tiempo Ordinario,evangelio,"Mt 16,24-28",Matthæus,5,5,0,,41,8,0.195,aber acel algu ante arru aseg carg cier
4199ITOL34.html,1,Lunes de la 34ª semana de Tiempo Ordinario,primera lectura,"Dn 1,1-6.8-20",Daniel,19,19,0,,113,22,0.195,abia acab acel acep acia adem adiu aiua
4256PTOJ09.html,4,Jueves de la 9ª semana de Tiempo Ordinario,evangelio,"Mc 12,28b-34",Marcus,7,7,0,,41,8,0.195,abia acel acer amar atre cora cuan dice
4311PTOV18.html,4,Viernes de la 18ª semana de Tiempo Ordinario,evangelio,"Mt 16,24-28",Matthæus,5,5,0,,41,8,0.195,aber acel algu ante arru aseg carg cier
4367PTOL28.html,1,Lunes de la 28ª semana de Tiempo Ordinario,primera lectura,"Ga 4,22-24.26-27.31—5,1",Ad Galatas,,7,,,41,8,0.195,aban alia arri cono cuen dolo enge erma
7062TCUV03.html,4,Viernes de la 3ª semana de Cuaresma,evangelio,"Mc 12,28b-34",Marcus,7,7,0,,41,8,0.195,abia acel acer amar atre cora cuan dice
1009AFSAFA.html,5,La Sagrada Familia,evangelio,"Mt 2,13-15.19-23",Matthæus,8,8,0,,46,9,0.196,apar asta aten auis busc ceda cedo cogi
1050ATOD17.html,1,Domingo de la 17ª semana de Tiempo Ordinario,primera lectura,"1 R 3,5.7-12",Regum III,7,7,0,,46,9,0.196,aber abid abra acel agra ante apar aunc
2022BVIPAS.html,22,Vigilia Pascual,evangelio,"Mc 16,1-7",Marcus,7,7,0,,46,9,0.196,aora asus blan busc cien comp corr deci
2023BPAD01.html,1,Vigilia Pascual,evangelio,"Mc 16,1-7",Marcus,7,7,0,,46,9,0.196,aora asus blan busc cien comp corr deci
4198ITOS33.html,4,Sábado de la 33ª semana de Tiempo Ordinario,evangelio,"Lc 20,27-40",Lucas,14,14,0,,56,11,0.196,abia acel acer atre casa case cont cuan
4326PTOM21.html,1,Martes de la 21ª semana de Tiempo Ordinario,primera lectura,"2 Ts 2,1-3a.14-17",Ad Thessalonicenses II,7,7,0,,46,9,0.196,abei afir alar algu amad apre buen cabe
4402PTOS33.html,4,Sábado de la 33ª semana de Tiempo Ordinario,evangelio,"Lc 20,27-40",Lucas,14,14,0,,56,11,0.196,abia acel acer atre casa case cont cuan
7006TAVS01.html,4,Sábado de la 1ª semana de Adviento,evangelio,"Mt 9,35—10,1.6-8",Matthæus,,8,,,56,11,0.196,aban abei abun acel alde anun auto cerc
3022AVIPAS.html,22,Vigilia Pascual,evangelio,"Lc 24,1-12",Lucas,12,12,0,,61,12,0.197,abia acor admi anun asom busc comp cont
3023CPAD01.html,1,Vigilia Pascual,evangelio,"Lc 24,1-12",Lucas,12,12,0,,61,12,0.197,abia acor admi anun asom busc comp cont
3037CTOD04.html,6,Domingo de la 4ª semana de Tiempo Ordinario,evangelio,"Lc 4,21-30",Lucas,10,10,0,,71,14,0.197,abia abri acab acel admi alei alza ambr
4197ITOV33.html,1,Viernes de la 33ª semana de Tiempo Ordinario,primera lectura,"1 M 4,36-37.52-59",Machabæorum I,10,10,0,,71,14,0.197,abia acel afre alab aniu anua aora asam
4271PTOL12.html,1,Lunes de la 12ª semana de Tiempo Ordinario,primera lectura,"2 R 17,5-8.13-15a.18",Regum IV,8,8,0,,66,13,0.197,abia acel adue arro ased cami cedo comu
7092TPAV02.html,1,Viernes de la segunda semana de Pascua,primera lectura,"Hch 5,34-42",Actus Apostolorum,9,9,0,,66,13,0.197,aber abla acab acel acer acti anun arra
4019ITOL04.html,1,Lunes de la 4ª semana de Tiempo Ordinario,primera lectura,"Hb 11,32-40",Ad Hebræos,9,9,0,,81,16,0.198,acre amor apag aped cabr cade cura derr
4084ITOS14.html,1,Sábado de la 14ª semana de Tiempo Ordinario,primera lectura,"Gn 49,29-32.50,15-26a",Genesis,16,15,-1,si,96,19,0.198,abia abla acas acel acer asta camp cien
4106ITOJ18.html,4,Jueves de la 18ª semana de Tiempo Ordinario,evangelio,"Mt 16,13-23",Matthæus,11,11,0,,81,16,0.198,acel aces anci aora apar atad baut carn
4127ITOL22.html,4,Lunes de la 22ª semana de Tiempo Ordinario,evangelio,"Lc 4,16-30",Lucas,15,15,0,,101,20,0.198,abia abri acab acel acer admi aiud alei
4310PTOJ18.html,4,Jueves de la 18ª semana de Tiempo Ordinario,evangelio,"Mt 16,13-23",Matthæus,11,11,0,,81,16,0.198,acel aces anci aora apar atad baut carn
4331PTOL22.html,4,Lunes de la 22ª semana de Tiempo Ordinario,evangelio,"Lc 4,16-30",Lucas,15,15,0,,101,20,0.198,abia abri acab acel acer admi aiud alei
4406PTOJ34.html,1,Jueves de la 34ª semana de Tiempo Ordinario,primera lectura,"Ap 18,1-2.21-23.19,1-3.9a",Apocalypsis,9,9,0,,81,16,0.198,abra arpi auto baia banc boda bril brui
1004AAVD04.html,5,Domingo 4º de Adviento,evangelio,"Mt 1,18-24",Matthæus,7,7,0,,55,11,0.2,abia apar apen ceri conc cria cuan cump
1009AFSAFA.html,4,La Sagrada Familia,aleluya,"Col 3,15a.16a",Ad Colossenses,2,2,0,,10,2,0.2,actu arbi cora entr pala rice uoso uues
1022AVIPAS.html,15,Vigilia Pascual,salmo responsorial,"Sal 18,8.9.10.11",Psalmi,4,4,0,,20,4,0.2,aleg cora desc dest esta eter igno inst
1024APAD02.html,2,Segundo domingo de Pascua,salmo responsorial,"Sal 117,2-4.13-15.22-24",Psalmi,9,9,0,,30,6,0.2,actu aiud aleg alel aora arci cant cien
1036ATOD03.html,4,Domingo de la 3ª semana de Tiempo Ordinario,aleluya,"Mt 4,23",Matthæus,1,1,0,,10,2,0.2,alel alte cura dole proc pueb rein uers
1041ATOD08.html,2,Domingo de la 8ª semana de Tiempo Ordinario,salmo responsorial,"Sal 61,2-3.6-7.8-9ab",Psalmi,6,6,0,,15,3,0.2,alca conf desa desc espe firm porc pueb
1043ATOD10.html,1,Domingo de la 10ª semana de Tiempo Ordinario,primera lectura,"Os 6,3-6",Osee,4,4,0,,30,6,0.2,aman auro baia cier cond cono empa esfo
1048ATOD15.html,3,Domingo de la 15ª semana de Tiempo Ordinario,segunda lectura,"Rm 8,18-23",Ad Romanos,6,6,0,,40,8,0.2,agua aora asta cuer desc dolo ente entr
1053ATOD20.html,4,Domingo de la 20ª semana de Tiempo Ordinario,aleluya,"Mt 4,23",Matthæus,1,1,0,,10,2,0.2,alel alte cura dole proc pueb rein uers
2009BFSAFA.html,4,La Sagrada Familia,aleluya,"Col 3,15a.16a",Ad Colossenses,2,2,0,,10,2,0.2,actu arbi cora entr pala rice uoso uues
2009BFSAFA.html,7,La Sagrada Familia,primera lectura,"Gn 15,1-6.21,1-3",Genesis,9,9,0,,40,8,0.2,aber abia abun acel afue anad ciel cont
2016BCUD03.html,5,Tercer domingo de Cuaresma,aleluya,"Jn 3,16",Joannes,1,1,0,,10,2,0.2,acla alel alte entr tant tien uers unic
2017BCUD04.html,4,Cuarto domingo de Cuaresma,aleluya,"Jn 3,16",Joannes,1,1,0,,10,2,0.2,acla alel alte entr tant tien uers unic
2018BCUD05.html,5,Quinto domingo de Cuaresma,evangelio,"Jn 12,20-33",Joannes,14,14,0,,75,15,0.2,abia abla abor acel acer acia agit algu
2022BVIPAS.html,15,Vigilia Pascual,salmo responsorial,"Sal 18,8.9.10.11",Psalmi,4,4,0,,20,4,0.2,aleg cora desc dest esta eter igno inst
2024BPAD02.html,1,Segundo domingo de Pascua,primera lectura,"Hch 4,32-35",Actus Apostolorum,4,4,0,,35,7,0.2,agra casa crei daba dine disp dist grup
2034BFSCDJ.html,3,El Sagrado Corazón de Jesús,segunda lectura,"Ef 3,8-12.14-19",Ad Ephesios,11,11,0,,65,13,0.2,abar acla anco anun aora ciel cien cimi
2042BTOD09.html,2,Domingo de la 9ª semana de Tiempo Ordinario,salmo responsorial,"Sal 80,3-4.5-6ab.6c-8a.10-11ab",Psalmi,8,8,0,,35,7,0.2,acom afli arpa carg clam deia desc espu
2056BTOD23.html,4,Domingo de la 23ª semana de Tiempo Ordinario,aleluya,"Mt 4,23",Matthæus,1,1,0,,10,2,0.2,alel alte cura dole proc pueb rein uers
2058BTOD25.html,4,Domingo de la 25ª semana de Tiempo Ordinario,aleluya,"2 Ts 2,14",Ad Thessalonicenses II,1,1,0,,10,2,0.2,alel alte iesu lamo medi nues seno uers
3009CFSAFA.html,4,La Sagrada Familia,aleluya,"Col 3,15a.16a",Ad Colossenses,2,2,0,,10,2,0.2,actu arbi cora entr pala rice uoso uues
3022AVIPAS.html,15,Vigilia Pascual,salmo responsorial,"Sal 18,8.9.10.11",Psalmi,4,4,0,,20,4,0.2,aleg cora desc dest esta eter igno inst
3034CFSCDJ.html,3,El sagrado Corazón de Jesús,segunda lectura,"Rm 5,5b-11",Ad Romanos,7,7,0,,45,9,0.2,abra aora apen atre cast cien cora cuan
3038CTOD05.html,1,Domingo de la 5ª semana de Tiempo Ordinario,primera lectura,"Is 6,1-2a.3-8",Isaias,8,8,0,,50,10,0.2,abia acia apli ascu cien cogi cont culp
3038CTOD05.html,2,Domingo de la 5ª semana de Tiempo Ordinario,salmo responsorial,"Sal 137,1-2a.2bc-3.4-5.7c-8",Psalmi,7,7,0,,35,7,0.2,aban acia acre cami comp conm cora cuan
3051CTOD18.html,3,Domingo de la 18ª semana de Tiempo Ordinario,segunda lectura,"Col 3,1-5.9-11",Ad Colossenses,8,8,0,,60,12,0.2,abei apar arri aspi asta bien busc codi
3061CTOD28.html,4,Domingo de la 28ª semana de Tiempo Ordinario,aleluya,"1 Ts 5,18",Ad Thessalonicenses I,1,1,0,,10,2,0.2,alel alte grac iesu ocas resp uers uoso
3061CTOD28.html,5,Domingo de la 28ª semana de Tiempo Ordinario,evangelio,"Lc 17,11-19",Lucas,9,9,0,,45,9,0.2,alab cami ceda comp cuan cura dand deci
3065CTOD32.html,4,Domingo de la 32ª semana de Tiempo Ordinario,aleluya,"Ap 1,5a.6b",Apocalypsis,2,2,0,,10,2,0.2,alel alte entr iesu muer pode sigl uers
3067CTOD34.html,2,"Domingo de la 34ª semana de Tiempo Ordinario — Jesucristo, Rey del Universo",salmo responsorial,"Sal 121,1-2.4-5",Psalmi,4,4,0,,20,4,0.2,aleg cele cost cuan diie esta iust nomb
4048ITOS08.html,3,Sábado de la 8ª semana de Tiempo Ordinario,aleluya,"Col 3,16a.17c",Ad Colossenses,2,2,0,,10,2,0.2,dand entr grac medi padr pala rice uoso
4079ITOL14.html,2,Lunes de la 14ª semana de Tiempo Ordinario,salmo responsorial,"Sal 90,1-2.3-4.14-15ab",Psalmi,6,6,0,,25,5,0.2,alca ampa caza conf cono cubr escu esta
4085ITOL15.html,4,Lunes de la 15ª semana de Tiempo Ordinario,evangelio,"Mt 10,34—11,1",Matthæus,,10,,,45,9,0.2,acab acel apos aseg aunc bebe cier ciud
4101ITOV17.html,4,Viernes de la 17ª semana de Tiempo Ordinario,evangelio,"Mt 13,54-58",Matthæus,5,5,0,,30,6,0.2,acel admi carp ciud deci desp dond ense
4130ITOJ22.html,2,Jueves de la 22ª semana de Tiempo Ordinario,salmo responsorial,"Sal 97,2-3ab.3cd-4.5-6",Psalmi,5,5,0,,25,5,0.2,acla acor clar conf cono cont ente fauo
4154ITOJ26.html,2,Jueves de la 26ª semana de Tiempo Ordinario,salmo responsorial,"Sal 18,8.9.10.11",Psalmi,4,4,0,,20,4,0.2,aleg cora desc dest esta eter igno inst
4169ITOL29.html,1,Lunes de la 29ª semana de Tiempo Ordinario,primera lectura,"Rm 4,20-25",Ad Romanos,6,6,0,,25,5,0.2,abra acer capa cien cree dand entr erma
4171ITOX29.html,1,Miércoles de la 29ª semana de Tiempo Ordinario,primera lectura,"Rm 6,12-18",Ad Romanos,7,7,0,,40,8,0.2,abei acei acel algu cien cora cuer dese
4180ITOS30.html,2,Sábado de la 30ª semana de Tiempo Ordinario,salmo responsorial,"Sal 93,12-13a.14-15.17-18",Psalmi,6,6,0,,30,6,0.2,aban auxi cien cora cuan dand desc dico
4181ITOL31.html,2,Lunes de la 31ª semana de Tiempo Ordinario,salmo responsorial,"Sal 68,30-31.33-34.36-37",Psalmi,6,6,0,,30,6,0.2,alab aleg busc caut ciud cora escu esti
4189ITOX32.html,4,Miércoles de la 32ª semana de Tiempo Ordinario,evangelio,"Lc 17,11-19",Lucas,9,9,0,,45,9,0.2,alab cami ceda comp cuan cura dand deci
4226PTOJ04.html,1,Jueves de la 4ª semana de Tiempo Ordinario,primera lectura,"1 R 2,1-4.10-12",Regum III,7,7,0,,50,10,0.2,ante cami ciud comp cons cuar cump decr
4227PTOV04.html,1,Viernes de la 4ª semana de Tiempo Ordinario,primera lectura,"Eclo 47,2-13",Ecclesiasticus,12,12,0,,75,15,0.2,acom afre ague alab alti asta cabr cebr
4252PTOS08.html,3,Sábado de la 8ª semana de Tiempo Ordinario,aleluya,"Col 3,16a.17c",Ad Colossenses,2,2,0,,10,2,0.2,dand entr grac medi padr pala rice uoso
4289PTOL15.html,4,Lunes de la 15ª semana de Tiempo Ordinario,evangelio,"Mt 10,34—11,1",Matthæus,,10,,,45,9,0.2,acab acel apos aseg aunc bebe cier ciud
4304PTOJ17.html,2,Jueves de la 17ª semana de Tiempo Ordinario,salmo responsorial,"Sal 145,1b-2.3-4.5-6",Psalmi,6,6,0,,25,5,0.2,alab auxi ciel cien cuan dico espe espi
4305PTOV17.html,4,Viernes de la 17ª semana de Tiempo Ordinario,evangelio,"Mt 13,54-58",Matthæus,5,5,0,,30,6,0.2,acel admi carp ciud deci desp dond ense
4324PTOS20.html,1,Sábado de la 20ª semana de Tiempo Ordinario,primera lectura,"Ez 43,1-7a",Ezechiel,7,7,0,,45,9,0.2,abia abla acel agua ange arre caud ceba
4364PTOJ27.html,1,Jueves de la 27ª semana de Tiempo Ordinario,primera lectura,"Ga 3,1-5",Ad Galatas,5,5,0,,30,6,0.2,aber cien conc cont cuan embr empe entr
4389PTOV31.html,2,Viernes de la 31ª semana de Tiempo Ordinario,salmo responsorial,"Sal 121,1-2.4-5",Psalmi,4,4,0,,20,4,0.2,aleg cele cost cuan diie esta iust nomb
4393PTOX32.html,4,Miércoles de la 32ª semana de Tiempo Ordinario,evangelio,"Lc 17,11-19",Lucas,9,9,0,,45,9,0.2,alab cami ceda comp cuan cura dand deci
7019TFPD18.html,3,Feria de Adviento. — Día 18 de diciembre.,evangelio,"Mt 1,18-24",Matthæus,7,7,0,,55,11,0.2,abia apar apen ceri conc cria cuan cump
7035TFLDEP.html,3,7 DE ENERO — Lunes después de Epifanía,aleluya,"Mt 4,23",Matthæus,1,1,0,,10,2,0.2,alel alte cura dole proc pueb rein uers
7039TFVDEP.html,3,11 DE ENERO — Viernes después de Epifanía,aleluya,"Mt 4,23",Matthæus,1,1,0,,10,2,0.2,alel alte cura dole proc pueb rein uers
7041TFMICE.html,1,Miércoles de Ceniza,primera lectura,"Jl 2,12-18",Joel,7,7,0,,55,11,0.2,aiun alco anci aora arre asam atri bend
7087TOCPAS.html,2,Sábado de la octava de Pascua,salmo responsorial,"Sal 117,1.14-15.16-18.19-21",Psalmi,9,9,0,,30,6,0.2,abri azan buen cant cont dies ener entr
4089ITOV15.html,1,Viernes de la 15ª semana de Tiempo Ordinario,primera lectura,"Ex 11,10—12,14",Exodus,,15,,,99,20,0.202,acel aiai amar asad asam asta atar bast
7114TPAX06.html,1,Miércoles de la sexta semana de Pascua,primera lectura,"Hch 17,15.22—18,1",Actus Apostolorum,,15,,,114,23,0.202,abla acel algu alie alta ante anun aora
4298PTOJ16.html,1,Jueves de la 16ª semana de Tiempo Ordinario,primera lectura,"Jr 2,1-3.7-8.12-13",Jeremias,7,7,0,,59,12,0.203,aban agri alii atre buen caua ciel cien
4382PTOJ30.html,1,Jueves de la 30ª semana de Tiempo Ordinario,primera lectura,"Ef 6,10-20",Ad Ephesios,11,11,0,,79,16,0.203,abla abro actu aiud anun apag auto busc
7025TFPD24.html,4,Feria de Adviento. — Día 24 de diciembre.,evangelio,"Lc 1,67-79",Lucas,13,13,0,,59,12,0.203,abia acel alia anti anun arra bend cami
1023APAD01.html,1,Domingo de Pascua,primera lectura,"Hch 10,34a.37-43",Actus Apostolorum,8,8,0,,54,11,0.204,abia acel acie aunc baut bebi colg comi
2023BPAD01.html,1,Domingo de Pascua,primera lectura,"Hch 10,34a.37-43",Actus Apostolorum,8,8,0,,54,11,0.204,abia acel acie aunc baut bebi colg comi
3023CPAD01.html,1,Domingo de Pascua,primera lectura,"Hch 10,34a.37-43",Actus Apostolorum,8,8,0,,54,11,0.204,abia acel acie aunc baut bebi colg comi
4034ITOJ06.html,4,Jueves de la 6ª semana de Tiempo Ordinario,evangelio,"Mc 8,27-33",Marcus,7,7,0,,49,10,0.204,acel alde anci apar baut cami cien cita
4108ITOS18.html,4,Sábado de la 18ª semana de Tiempo Ordinario,evangelio,"Mt 17,14-20",Matthæus,7,7,0,,49,10,0.204,acel acer apar aseg asta atac capa comp
4238PTOJ06.html,4,Jueves de la 6ª semana de Tiempo Ordinario,evangelio,"Mc 8,27-33",Marcus,7,7,0,,49,10,0.204,acel alde anci apar baut cami cien cita
4252PTOS08.html,1,Sábado de la 8ª semana de Tiempo Ordinario,primera lectura,"Judas 1,17.20b-25",Judæ,7,7,0,,49,10,0.204,abor acor agua algu aora arra asen asta
4312PTOS18.html,4,Sábado de la 18ª semana de Tiempo Ordinario,evangelio,"Mt 17,14-20",Matthæus,7,7,0,,49,10,0.204,acel acer apar aseg asta atac capa comp
7032TF05EN.html,4,5 de enero,evangelio,"Jn 1,43-51",Joannes,9,9,0,,54,11,0.204,aber abie acel acer anad ante aseg baia
2063BTOD30.html,1,Domingo de la 30ª semana de Tiempo Ordinario,primera lectura,"Jr 31,7-9",Jeremias,3,3,0,,39,8,0.205,alab aleg cami cieg coio conf cons deci
3002CAVD02.html,3,Domingo 2º de Adviento,segunda lectura,"Flp 1,4-6.8-11",Ad Philippenses,7,7,0,,39,8,0.205,abei adel alab aleg apre asta buen carg
3016CCUD03.html,1,Tercer domingo de Cuaresma,primera lectura,"Ex 3,1-8a.13-15",Exodus,11,11,0,,73,15,0.205,acel acer admi anad ange apar ardi asta
4003ITOX01.html,1,Miércoles de la 1ª semana de Tiempo Ordinario,primera lectura,"Hb 2,14-18",Ad Hebræos,5,5,0,,39,8,0.205,anic aora comp deci dolo ente erma escl
4032ITOM06.html,1,Martes de la 6ª semana de Tiempo Ordinario,primera lectura,"Gn 6,5-8.7,1-5.10",Genesis,10,10,0,,44,9,0.205,aber alca arre borr cons crec cuad cuar
4072ITOS12.html,4,Sábado de la 12ª semana de Tiempo Ordinario,evangelio,"Mt 8,5-17",Matthæus,13,13,0,,78,16,0.205,acel acer admi anoc aseg bast buen camb
4123ITOX21.html,4,Miércoles de la 21ª semana de Tiempo Ordinario,evangelio,"Mt 23,27-32",Matthæus,6,6,0,,44,9,0.205,ablo abri acel apar ases ates buen colm
4276PTOS12.html,4,Sábado de la 12ª semana de Tiempo Ordinario,evangelio,"Mt 8,5-17",Matthæus,13,13,0,,78,16,0.205,acel acer admi anoc aseg bast buen camb
4292PTOJ15.html,2,Jueves de la 15ª semana de Tiempo Ordinario,salmo responsorial,"Sal 101,13-14ab.15.16-18.19-21",Psalmi,9,9,0,,44,9,0.205,alab apar caut cede ciel cond cuan desd
4327PTOX21.html,4,Miércoles de la 21ª semana de Tiempo Ordinario,evangelio,"Mt 23,27-32",Matthæus,6,6,0,,44,9,0.205,ablo abri acel apar ases ates buen colm
4402PTOS33.html,1,Sábado de la 33ª semana de Tiempo Ordinario,primera lectura,"Ap 11,4-12",Apocalypsis,9,9,0,,83,17,0.205,acer algu alie aran cada cale camb cerr
1064ATOD31.html,5,Domingo de la 31ª semana de Tiempo Ordinario,evangelio,"Mt 23,1-12",Matthæus,12,12,0,,63,13,0.206,ablo aced acel acen agai agan alar asie
2066BTOD33.html,1,Domingo de la 33ª semana de Tiempo Ordinario,primera lectura,"Dn 12,1-3",Daniel,3,3,0,,34,7,0.206,abid acel aora arca asta bril desd desp
4014ITOM03.html,1,Martes de la 3ª semana de Tiempo Ordinario,primera lectura,"Hb 10,1-10",Ad Hebræos,10,10,0,,63,13,0.206,abri acep acer afir anad bien cabr ceda
4120ITOS20.html,4,Sábado de la 20ª semana de Tiempo Ordinario,evangelio,"Mt 23,1-12",Matthæus,12,12,0,,63,13,0.206,ablo aced acel acen agai agan alar asie
4324PTOS20.html,4,Sábado de la 20ª semana de Tiempo Ordinario,evangelio,"Mt 23,1-12",Matthæus,12,12,0,,63,13,0.206,ablo aced acel acen agai agan alar asie
7044TFSACE.html,4,Sábado después de Cenizas,evangelio,"Lc 5,27-32",Lucas,6,6,0,,34,7,0.206,acel banc bebe come crit deia diie elos
7052TCUM02.html,4,Martes de la 2ª semana de Cuaresma,evangelio,"Mt 23,1-12",Matthæus,12,12,0,,63,13,0.206,ablo aced acel acen agai agan alar asie
1038ATOD05.html,3,Domingo de la 5ª semana de Tiempo Ordinario,segunda lectura,"1 Co 2,1-5",Ad Corinthios I,5,5,0,,29,6,0.207,algu anun apoi cuan debi eloc entr erma
1046ATOD13.html,2,Domingo de la 13ª semana de Tiempo Ordinario,salmo responsorial,"Sal 88,2-3.16-17.18-19",Psalmi,6,6,0,,29,6,0.207,acla afia anun cami ciel dico edad escu
2013BFBASE.html,5,Bautismo del Señor,evangelio,"Mc 1,7-11",Marcus,5,5,0,,29,6,0.207,acel acia agac amad apen baia baut ciel
2014BCUD01.html,5,Primer domingo de Cuaresma,evangelio,"Mc 1,12-15",Marcus,4,4,0,,29,6,0.207,acel alim arre cedo cerc conu cree cuan
2024BPAD02.html,2,Segundo domingo de Pascua,salmo responsorial,"Sal 117,2-4.16ab-18.22-24",Psalmi,9,9,0,,29,6,0.207,actu aleg alel aora arci azan cien cont
3032CFSATR.html,3,La Santísima Trinidad,segunda lectura,"Rm 5,1-5",Ad Romanos,5,5,0,,29,6,0.207,alca apoi asta cons cora defr derr emos
3036CTOD03.html,6,Domingo de la 3ª semana de Tiempo Ordinario,evangelio,"Lc 1,1-4.4,14-21",Lucas,12,12,0,,82,17,0.207,abia acab acel acer aiud alab anun caut
4071ITOV12.html,4,Viernes de la 12ª semana de Tiempo Ordinario,evangelio,"Mt 8,1-4",Matthæus,4,4,0,,29,6,0.207,acel acer arro baia ceda cedo cier cons
4275PTOV12.html,4,Viernes de la 12ª semana de Tiempo Ordinario,evangelio,"Mt 8,1-4",Matthæus,4,4,0,,29,6,0.207,acel acer arro baia ceda cedo cier cons
4331PTOL22.html,1,Lunes de la 22ª semana de Tiempo Ordinario,primera lectura,"1 Co 2,1-5",Ad Corinthios I,5,5,0,,29,6,0.207,algu anun apoi cuan debi eloc entr erma
7086TOCPAV.html,2,Viernes de la octava de Pascua,salmo responsorial,"Sal 117,1-2.4.22-24.25-27a",Psalmi,9,9,0,,29,6,0.207,actu aleg aora arci bend buen cien dano
7117TPAS06.html,2,Sábado de la sexta semana de Pascua,salmo responsorial,"Sal 46,2-3.8-9.10",Psalmi,5,5,0,,29,6,0.207,acla alel bati empe gran grit mest mund
2015BCUD02.html,2,Segundo domingo de Cuaresma,salmo responsorial,"Sal 115,10.15.16-17.18-19",Psalmi,6,6,0,,24,5,0.208,alab cade cuan cues cump desg escl fiel
3003CAVD03.html,1,Domingo 3º de Adviento,primera lectura,"So 3,14-18a",Sophonias,5,5,0,,24,5,0.208,acel aleg canc comp cond cora desf dira
3027CPAD05.html,1,Quinto domingo de Pascua,primera lectura,"Hch 14,21b-27",Actus Apostolorum,7,7,0,,48,10,0.208,abia abie acab acel aiun atal atra baia
4078ITOS13.html,2,Sábado de la 13ª semana de Tiempo Ordinario,salmo responsorial,"Sal 134,1-2.3-4.5-6",Psalmi,6,6,0,,24,5,0.208,alab amab buen ciel cier duen esco esta
4166ITOJ28.html,1,Jueves de la 28ª semana de Tiempo Ordinario,primera lectura,"Rm 3,21-30a",Ad Romanos,10,10,0,,53,11,0.208,acas algu aora apel ates ceda ceri cien
4285PTOX14.html,1,Miércoles de la 14ª semana de Tiempo Ordinario,primera lectura,"Os 10,1-3.7-8.12",Osee,6,6,0,,53,11,0.208,abat abro acer alto aora asta aume camp
4360PTOS26.html,2,Sábado de la 26ª semana de Tiempo Ordinario,salmo responsorial,"Sal 118,66.71.75.91.125.130",Psalmi,6,6,0,,24,5,0.208,apre asta comp cono ense estu expl gust
7015TAVX03.html,1,Miércoles de la 3ª semana de Adviento,primera lectura,"Is 45,6b-8.18.21b-25",Isaias,9,9,0,,48,10,0.208,abra acia afia arti auer auto brot ciel
1002AAVD02.html,3,Domingo 2º de Adviento,segunda lectura,"Rm 15,4-9",Ad Romanos,6,6,0,,43,9,0.209,acog acue alab anti cier conc cump deci
1034AFSCDJ.html,3,El sagrado Corazón de Jesús,segunda lectura,"1 Jn 4,7-16",Joannis I,10,10,0,,43,9,0.209,aiam amad amam amar amem ceri cien cono
1062ATOD29.html,5,Domingo de la 29ª semana de Tiempo Ordinario,evangelio,"Mt 22,15-21",Matthæus,7,7,0,,43,9,0.209,acel acue cami cien comp conf diie dino
2057BTOD24.html,5,Domingo de la 24ª semana de Tiempo Ordinario,evangelio,"Mc 8,27-35",Marcus,9,9,0,,62,13,0.21,acel alde anci apar baut cami carg cien
4164ITOM28.html,1,Martes de la 28ª semana de Tiempo Ordinario,primera lectura,"Rm 1,16-25",Ad Romanos,10,10,0,,81,17,0.21,aban aber acab ador alar auer bend camb
4265PTOL11.html,1,Lunes de la 11ª semana de Tiempo Ordinario,primera lectura,"1 R 21,1-16",Regum III,16,16,0,,81,17,0.21,abia able acel acer afue aiun alim anci
7010TAVJ02.html,1,Jueves de la 2ª semana de Adviento,primera lectura,"Is 41,13-20",Isaias,8,8,0,,62,13,0.21,aban acac agar aguz aleg aler alum apre
1001AAVD01.html,1,Domingo 1º de Adviento,primera lectura,"Is 2,1-5",Isaias,5,5,0,,38,8,0.211,acer acia adie alza arad arbi cami dira
2041BTOD08.html,1,Domingo de la 8ª semana de Tiempo Ordinario,primera lectura,"Os 2,16b.17b.21-22",Osee,4,4,0,,19,4,0.211,abla casa comp cont cora dere desi fide
2051BTOD18.html,3,Domingo de la 18ª semana de Tiempo Ordinario,segunda lectura,"Ef 4,17.20-24",Ad Ephesios,6,6,0,,38,8,0.211,aban abei adoc anda ande ante apre aseg
2060BTOD27.html,5,Domingo de la 27ª semana de Tiempo Ordinario,evangelio,"Mc 10,2-16",Marcus,15,15,0,,57,12,0.211,aban abra acel acep acer aseg bend come
3001CAVD01.html,2,Domingo 1º de Adviento,salmo responsorial,"Sal 24,4bc-5ab.8-9.10.14",Psalmi,6,6,0,,19,4,0.211,alia buen cami cono ense fiel guar inst
4256PTOJ09.html,2,Jueves de la 9ª semana de Tiempo Ordinario,salmo responsorial,"Sal 24,4bc-5ab.8-9.10.14",Psalmi,6,6,0,,19,4,0.211,alia buen cami cono ense fiel guar inst
4257PTOV09.html,1,Viernes de la 9ª semana de Tiempo Ordinario,primera lectura,"2 Tm 3,10-17",Ad Timotheum II,8,8,0,,57,12,0.211,acel agua apre buen camb ceri cien cond
4270PTOS11.html,1,Sábado de la 11ª semana de Tiempo Ordinario,primera lectura,"2 Cro 24,17-25",Paralipomenon II,9,9,0,,76,16,0.211,aban abei abia amon apod ases asta auto
4366PTOS27.html,1,Sábado de la 27ª semana de Tiempo Ordinario,primera lectura,"Ga 3,22-29",Ad Galatas,8,8,0,,38,8,0.211,abei ante asta baut desc dist ente entr
7036TFMDEP.html,2,8 DE ENERO — Martes después de Epifanía,salmo responsorial,"Sal 71,1-2.3-4ab.7-8",Psalmi,6,6,0,,19,4,0.211,asta cola conf defi falt flor iios iuic
7096TPAX03.html,1,Miércoles de la tercera semana de Pascua,primera lectura,"Hch 8,1b-8",Actus Apostolorum,8,8,0,,57,12,0.211,abia abla acel acia aleg apro arra carc
1020TFJUSA.html,1,Jueves santo — Misa de la cena del Señor,primera lectura,"Ex 12,1-8.11-14",Exodus,12,12,0,,80,17,0.212,acel aiai amar asad asam asta atar bast
1020TFJUSA.html,3,Jueves santo — Misa de la cena del Señor,segunda lectura,"1 Co 11,23-26",Ad Corinthios I,4,4,0,,33,7,0.212,aced alia asta beba bebe cuer desp dici
2020TFJUSA.html,1,Jueves santo — Misa de la cena del Señor,primera lectura,"Ex 12,1-8.11-14",Exodus,12,12,0,,80,17,0.212,acel aiai amar asad asam asta atar bast
2020TFJUSA.html,3,Jueves santo — Misa de la cena del Señor,segunda lectura,"1 Co 11,23-26",Ad Corinthios I,4,4,0,,33,7,0.212,aced alia asta beba bebe cuer desp dici
3004CAVD04.html,3,Domingo 4º de Adviento,segunda lectura,"Hb 10,5-10",Ad Hebræos,6,6,0,,33,7,0.212,acep acer afir anad ceda cier conf cuan
3020TFJUSA.html,1,Jueves santo — Misa de la cena del Señor,primera lectura,"Ex 12,1-8.11-14",Exodus,12,12,0,,80,17,0.212,acel aiai amar asad asam asta atar bast
4108ITOS18.html,1,Sábado de la 18ª semana de Tiempo Ordinario,primera lectura,"Dt 6,4-13",Deuteronomium,10,10,0,,66,14,0.212,abia abla ablo acos amar arta asta atar
4117ITOX20.html,1,Miércoles de la 20ª semana de Tiempo Ordinario,primera lectura,"Jc 9,6-15",Judicum,10,10,0,,52,11,0.212,acei acel aleg cere cobi cuan cuel cumb
4148ITOJ25.html,1,Jueves de la 25ª semana de Tiempo Ordinario,primera lectura,"Ag 1,1-8",Aggæus,8,8,0,,52,11,0.212,abri aora apag bebi bols casa comi comp
4234PTOS05.html,1,Sábado de la 5ª semana de Tiempo Ordinario,primera lectura,"1 R 12,26-32.13,33-34",Regum III,9,9,0,,66,14,0.212,abia acel acer acon aden alto bece cinc
7058TCUL03.html,4,Lunes de la 3ª semana de Cuaresma,evangelio,"Lc 4,24-30",Lucas,7,7,0,,52,11,0.212,abia abri acel alei alza ambr aseg asta
7112TPAL06.html,1,Lunes de la sexta semana de Pascua,primera lectura,"Hch 16,11-15",Actus Apostolorum,5,5,0,,52,11,0.212,abia abri acel acep acud ador baut capi
1004AAVD04.html,3,Domingo 4º de Adviento,segunda lectura,"Rm 1,1-7",Ad Romanos,7,7,0,,47,10,0.213,acer anun cien cons dese elos emos entr
1055ATOD22.html,5,Domingo de la 22ª semana de Tiempo Ordinario,evangelio,"Mt 16,21-27",Matthæus,7,7,0,,61,13,0.213,acel aces anci apar arru carg cier cita
2054BTOD21.html,1,Domingo de la 21ª semana de Tiempo Ordinario,primera lectura,"Jos 24,1-2a.15-17.18b",Josue,6,6,0,,47,10,0.213,aban ablo acel algu anci ante cabe cami
4008ITOM02.html,1,Martes de la 2ª semana de Tiempo Ordinario,primera lectura,"Hb 6,10-20",Ad Hebræos,11,11,0,,75,16,0.213,abei alca algu ancl ante aora asie asta
4163ITOL28.html,1,Lunes de la 28ª semana de Tiempo Ordinario,primera lectura,"Rm 1,1-7",Ad Romanos,7,7,0,,47,10,0.213,acer anun cien cons dese elos emos entr
4395PTOV32.html,1,Viernes de la 32ª semana de Tiempo Ordinario,primera lectura,"2 Jn 1,4-9",Joannis II,6,6,0,,47,10,0.213,aleg amar aora cami cien cond desd eleg
7031TF04EN.html,4,4 de enero,evangelio,"Jn 1,35-42",Joannes,8,8,0,,47,10,0.213,acel busc ceda cedo cont cord cuat dond
7105TPAS04.html,1,Sábado de la cuarta semana de Pascua,primera lectura,"Hch 13,44-52",Actus Apostolorum,9,9,0,,61,13,0.213,acud alab aleg anun asta bern ceda ciud
1022AVIPAS.html,19,Vigilia Pascual,salmo responsorial,"Sal 50,12-13.14-15.18-19",Psalmi,6,6,0,,28,6,0.214,afia aleg arro cami cebr cerr cite cora
1058ATOD25.html,3,Domingo de la 25ª semana de Tiempo Ordinario,segunda lectura,"Flp 1,20c-24.27a",Ad Philippenses,6,6,0,,28,6,0.214,abie ceda cuer dese dile encu erma esco
1065ATOD32.html,3,Domingo de la 32ª semana de Tiempo Ordinario,segunda lectura,"1 Ts 4,13-18",Ad Thessalonicenses I,6,6,0,,42,9,0.214,afli arre auen ceda cere ciel cree cuan
2022BVIPAS.html,19,Vigilia Pascual,salmo responsorial,"Sal 50,12-13.14-15.18-19",Psalmi,6,6,0,,28,6,0.214,afia aleg arro cami cebr cerr cite cora
3022AVIPAS.html,19,Vigilia Pascual,salmo responsorial,"Sal 50,12-13.14-15.18-19",Psalmi,6,6,0,,28,6,0.214,afia aleg arro cami cebr cerr cite cora
4044ITOM08.html,4,Martes de la 8ª semana de Tiempo Ordinario,evangelio,"Mc 10,28-31",Marcus,4,4,0,,28,6,0.214,acel aora aseg casa cien deci deia emos
4070ITOJ12.html,2,Jueves de la 12ª semana de Tiempo Ordinario,salmo responsorial,"Sal 105,1-2.3-4a.4b-5",Psalmi,5,5,0,,28,6,0.214,acue alab aleg azan buen cien cont dere
4077ITOV13.html,2,Viernes de la 13ª semana de Tiempo Ordinario,salmo responsorial,"Sal 105,1-2.3-4a.4b-5",Psalmi,5,5,0,,28,6,0.214,acue alab aleg azan buen cien cont dere
4127ITOL22.html,1,Lunes de la 22ª semana de Tiempo Ordinario,primera lectura,"1 Ts 4,13-18",Ad Thessalonicenses I,6,6,0,,42,9,0.214,afli arre auen ceda cere ciel cree cuan
4129ITOX22.html,2,Miércoles de la 22ª semana de Tiempo Ordinario,salmo responsorial,"Sal 51,10.11",Psalmi,2,2,0,,14,3,0.214,actu buen dela fiel grac iama nomb porc
4145ITOL25.html,1,Lunes de la 25ª semana de Tiempo Ordinario,primera lectura,"Esd 1,1-6",Esdræ,6,6,0,,56,12,0.214,abia acie acom adem anun cabe ciel cons
4248PTOM08.html,4,Martes de la 8ª semana de Tiempo Ordinario,evangelio,"Mc 10,28-31",Marcus,4,4,0,,28,6,0.214,acel aora aseg casa cien deci deia emos
4266PTOM11.html,1,Martes de la 11ª semana de Tiempo Ordinario,primera lectura,"1 R 21,17-29",Regum III,13,13,0,,84,18,0.214,aber abia abla acel acer acia acie acos
4298PTOJ16.html,2,Jueves de la 16ª semana de Tiempo Ordinario,salmo responsorial,"Sal 35,6-7ab.8-9.10-11",Psalmi,6,6,0,,28,6,0.214,acog alta asta bebe ciel cora deli fide
4310PTOJ18.html,2,Jueves de la 18ª semana de Tiempo Ordinario,salmo responsorial,"Sal 50,12-13.14-15.18-19",Psalmi,6,6,0,,28,6,0.214,afia aleg arro cami cebr cerr cite cora
4318PTOS19.html,2,Sábado de la 19ª semana de Tiempo Ordinario,salmo responsorial,"Sal 50,12-13.14-15.18-19",Psalmi,6,6,0,,28,6,0.214,afia aleg arro cami cebr cerr cite cora
4322PTOJ20.html,2,Jueves de la 20ª semana de Tiempo Ordinario,salmo responsorial,"Sal 50,12-13.14-15.18-19",Psalmi,6,6,0,,28,6,0.214,afia aleg arro cami cebr cerr cite cora
4342PTOS23.html,2,Sábado de la 23ª semana de Tiempo Ordinario,salmo responsorial,"Sal 115,12-13.17-18",Psalmi,4,4,0,,14,3,0.214,alab alel alza cump nomb ofre paga pres
7053TCUX02.html,1,Miércoles de la 2ª semana de Cuaresma,primera lectura,"Jr 18,18-20",Jeremias,3,3,0,,28,6,0.214,acue acus apar arem azme caua diie elos
1019AFDORA.html,1,Domingo de ramos,evangelio,"Mt 21,1-11",Matthæus,11,11,0,,65,14,0.215,abia acem acer albo alde alfo algu atad
7077TCUS05.html,4,Sábado de la 5ª semana de Cuaresma,evangelio,"Jn 11,45-57",Joannes,13,13,0,,79,17,0.215,abia ablo acel acem acer acud algu anda
1010SMMDD.html,5,1 de Enero Octava de la Natividad del Señor Santa María Madre de Dios,evangelio,"Lc 2,16-21",Lucas,6,6,0,,37,8,0.216,abia acel acos admi alab ante cont cora
1031TFDOPE.html,9,Domingo de Pentecostés,primera lectura,"Hch 2,1-11",Actus Apostolorum,11,11,0,,74,16,0.216,abla acud algu apar capa ceda ciel desc
1054ATOD21.html,5,Domingo de la 21ª semana de Tiempo Ordinario,evangelio,"Mt 16,13-20",Matthæus,8,8,0,,51,11,0.216,acel aora atad baut carn ceda ciel cien
2010SMMDD.html,5,1 de Enero Octava de la Natividad del Señor Santa María Madre de Dios,evangelio,"Lc 2,16-21",Lucas,6,6,0,,37,8,0.216,abia acel acos admi alab ante cont cora
2031TFDOPE.html,9,Domingo de Pentecostés,primera lectura,"Hch 2,1-11",Actus Apostolorum,11,11,0,,74,16,0.216,abla acud algu apar capa ceda ciel desc
3010SMMDD.html,5,1 de Enero Octava de la Natividad del Señor Santa María Madre de Dios,evangelio,"Lc 2,16-21",Lucas,6,6,0,,37,8,0.216,abia acel acos admi alab ante cont cora
3031TFDOPE.html,9,Domingo de Pentecostés,primera lectura,"Hch 2,1-11",Actus Apostolorum,11,11,0,,74,16,0.216,abla acud algu apar capa ceda ciel desc
3044CTOD11.html,5,Domingo de la 11ª semana de Tiempo Ordinario,evangelio,"Lc 7,36—8,3",Lucas,,18,,,97,21,0.216,abia acel acom aiud algu amar asta besa
3058CTOD25.html,3,Domingo de la 25ª semana de Tiempo Ordinario,segunda lectura,"1 Tm 2,1-8",Ad Timotheum I,8,8,0,,51,11,0.216,acci agai alza anun apac apro buen carg
4003ITOX01.html,2,Miércoles de la 1ª semana de Tiempo Ordinario,salmo responsorial,"Sal 104,1-2.3-4.6-7.8-9",Psalmi,8,8,0,,37,8,0.216,abla acue aleg alia azan busc cono cont
4069ITOX12.html,2,Miércoles de la 12ª semana de Tiempo Ordinario,salmo responsorial,"Sal 104,1-2.3-4.6-7.8-9",Psalmi,8,8,0,,37,8,0.216,abla acue aleg alia azan busc cono cont
4139ITOL24.html,1,Lunes de la 24ª semana de Tiempo Ordinario,primera lectura,"1 Tm 2,1-8",Ad Timotheum I,8,8,0,,51,11,0.216,acci agai alza anun apac apro buen carg
4161ITOV27.html,1,Viernes de la 27ª semana de Tiempo Ordinario,primera lectura,"Jl 1,13-15.2,1-2",Joel,5,5,0,,51,11,0.216,aced aiun anci asam azot cerc desp dorm
7037TFXDEP.html,1,9 DE ENERO — Miércoles después de Epifanía,primera lectura,"1 Jn 4,11-18",Joannis I,8,8,0,,37,8,0.216,amam amar cast ceri cien cono crei damo
7084TOCPAX.html,2,Miércoles de la octava de Pascua,salmo responsorial,"Sal 104,1-2.3-4.6-7.8-9",Psalmi,8,8,0,,37,8,0.216,abla acue aleg alia azan busc cono cont
7109TPAJ05.html,1,Jueves de la quinta semana de Pascua,primera lectura,"Hch 15,7-21",Actus Apostolorum,15,15,0,,102,22,0.216,abia acel anim anun aora apos apro asam
1023APAD01.html,2,Domingo de Pascua,salmo responsorial,"Sal 117,1-2.16ab-17.22-23",Psalmi,6,6,0,,23,5,0.217,aora arci azan buen cien cont dese dies
1059ATOD26.html,1,Domingo de la 26ª semana de Tiempo Ordinario,primera lectura,"Ez 18,25-28",Ezechiel,4,4,0,,23,5,0.217,apar cier come conu cuan deli dere escu
2018BCUD05.html,3,Quinto domingo de Cuaresma,segunda lectura,"Hb 5,7-9",Ad Hebræos,3,3,0,,23,5,0.217,angu apre auto conu cris cuan escu grit
2032BFSATR.html,3,La Santísima Trinidad,segunda lectura,"Rm 8,14-17",Ad Romanos,4,4,0,,23,5,0.217,abei conc deia erma escl espi glor grit
2035BTOD02.html,5,Domingo de la 2ª semana de Tiempo Ordinario,evangelio,"Jn 1,35-42",Joannes,8,8,0,,46,10,0.217,acel busc ceda cedo cont cord cuat dond
4001ITOL01.html,1,Lunes de la 1ª semana de Tiempo Ordinario,primera lectura,"Hb 1,1-6",Ad Hebræos,6,6,0,,46,10,0.217,abie abla ablo altu anti aora cuan dere
4080ITOM14.html,4,Martes de la 14ª semana de Tiempo Ordinario,evangelio,"Mt 9,32-38",Matthæus,7,7,0,,46,10,0.217,aban ablo abun acel admi alde anun camb
4224PTOM04.html,2,Martes de la 4ª semana de Tiempo Ordinario,salmo responsorial,"Sal 85,1-2.3-4.5-6",Psalmi,6,6,0,,23,5,0.217,acia aleg atie buen clem conf desa escu
4284PTOM14.html,4,Martes de la 14ª semana de Tiempo Ordinario,evangelio,"Mt 9,32-38",Matthæus,7,7,0,,46,10,0.217,aban ablo abun acel admi alde anun camb
4348PTOS24.html,1,Sábado de la 24ª semana de Tiempo Ordinario,primera lectura,"1 Co 15,35-37.42-49",Ad Corinthios I,11,11,0,,46,10,0.217,algu ante brot ciel clas cuer debi desp
7044TFSACE.html,2,Sábado después de Cenizas,salmo responsorial,"Sal 85,1-2.3-4.5-6",Psalmi,6,6,0,,23,5,0.217,acia aleg atie buen clem conf desa escu
7124Textos_comunes.html,8,TEXTOS COMUNES PARA EL CANTO DEL SALMO RESPONSORIAL,salmo responsorial,"Sal 117,1-2.16ab-17.22-23",Psalmi,6,6,0,,23,5,0.217,aora arci azan buen cien cont dese dies
1046ATOD13.html,3,Domingo de la 13ª semana de Tiempo Ordinario,segunda lectura,"Rm 6,3-4.8-11",Ad Romanos,6,6,0,,32,7,0.219,ande baut cree emos entr erma fuim iesu
2013BFBASE.html,8,Bautismo del Señor,segunda lectura,"1 Jn 5,1-9",Joannis I,9,9,0,,32,7,0.219,acep acer acue amam ceri cien cono cons
3020TFJUSA.html,3,Jueves santo — Misa de la cena del Señor,segunda lectura,"1 Co 11,23-26",Ad Corinthios I,4,4,0,,32,7,0.219,aced alia asta beba bebe cuer desp dici
3033CFCORP.html,3,Santísimo Cuerpo y Sangre de Cristo,segunda lectura,"1 Co 11,23-26",Ad Corinthios I,4,4,0,,32,7,0.219,aced alia asta beba bebe cuer desp dici
4163ITOL28.html,4,Lunes de la 28ª semana de Tiempo Ordinario,evangelio,"Lc 11,29-32",Lucas,4,4,0,,32,7,0.219,abit acel alre alza apin aran conf conu
4210PTOS01.html,1,Sábado de la 1ª semana de Tiempo Ordinario,primera lectura,"1 S 9,1-4.17-19.10,1a",Regum I,8,8,0,,64,14,0.219,abia able acei acer alto arri atra auis
4367PTOL28.html,4,Lunes de la 28ª semana de Tiempo Ordinario,evangelio,"Lc 11,29-32",Lucas,4,4,0,,32,7,0.219,abit acel alre alza apin aran conf conu
7047TCUX01.html,4,Miércoles de la 1ª semana de Cuaresma,evangelio,"Lc 11,29-32",Lucas,4,4,0,,32,7,0.219,abit acel alre alza apin aran conf conu
2031TFDOPE.html,14,Domingo de Pentecostés,segunda lectura,"Ga 5,16-25",Ad Galatas,10,10,0,,50,11,0.22,acei aleg amab anda anta bond borr camb
2063BTOD30.html,3,Domingo de la 30ª semana de Tiempo Ordinario,segunda lectura,"Hb 5,1-6",Ad Hebræos,6,6,0,,41,9,0.22,acel arro caus cien comp conf cult debi
3018CCUD05.html,5,Quinto domingo de Cuaresma,evangelio,"Jn 8,1-11",Joannes,11,11,0,,59,13,0.22,acel acud acus adel aman aped cedo colo
3057CTOD24.html,1,Domingo de la 24ª semana de Tiempo Ordinario,primera lectura,"Ex 32,7-11.13-14",Exodus,7,7,0,,50,11,0.22,abia abla acel acue anad arre asta cami
4062ITOM11.html,4,Martes de la 11ª semana de Tiempo Ordinario,evangelio,"Mt 5,43-48",Matthæus,6,6,0,,41,9,0.22,abei abor acei acel acen amai amar buen
4121ITOL21.html,4,Lunes de la 21ª semana de Tiempo Ordinario,evangelio,"Mt 23,13-22",Matthæus,10,10,0,,41,9,0.22,ablo acei acel cerr cieg ciel cien cier
4266PTOM11.html,4,Martes de la 11ª semana de Tiempo Ordinario,evangelio,"Mt 5,43-48",Matthæus,6,6,0,,41,9,0.22,abei abor acei acel acen amai amar buen
4325PTOL21.html,4,Lunes de la 21ª semana de Tiempo Ordinario,evangelio,"Mt 23,13-22",Matthæus,10,10,0,,41,9,0.22,ablo acei acel cerr cieg ciel cien cier
7050TCUS01.html,4,Sábado de la 1ª semana de Cuaresma,evangelio,"Mt 5,43-48",Matthæus,6,6,0,,41,9,0.22,abei abor acei acel acen amai amar buen
7072TCUL05.html,5,Lunes de la 5ª semana de Cuaresma,evangelio,"Jn 8,1-11",Joannes,11,11,0,,59,13,0.22,acel acud acus adel aman aped cedo colo
7080TXSESA.html,4,Miércoles santo,evangelio,"Mt 26,14-25",Matthæus,12,12,0,,59,13,0.22,aber acas acel acer aius anda aseg atar
3026CPAD04.html,1,Cuarto domingo de Pascua,primera lectura,"Hch 13,14.43-52",Actus Apostolorum,11,11,0,,77,17,0.221,abla acel acud alab aleg anun asie asta
7101TPAM04.html,1,Martes de la cuarta semana de Pascua,primera lectura,"Hch 11,19-26",Actus Apostolorum,8,8,0,,68,15,0.221,abia abla acci acel adir aleg algu anun
1008TNSMDD.html,3,Natividad del Señor,segunda lectura,"Hb 1,1-6",Ad Hebræos,6,6,0,,45,10,0.222,abie abla ablo altu anti aora cuan dere
1016ACUD03.html,4,Tercer domingo de Cuaresma,aleluya,"Jn 4,42.15",Joannes,2,2,0,,9,2,0.222,acla alel alte seno tend uerd uers
1035ATOD02.html,1,Domingo de la 2ª semana de Tiempo Ordinario,primera lectura,"Is 49,3.5-6",Isaias,3,3,0,,27,6,0.222,abla alca aora asta cien conf desd esto
1046ATOD13.html,5,Domingo de la 13ª semana de Tiempo Ordinario,evangelio,"Mt 10,37-42",Matthæus,6,6,0,,27,6,0.222,acel apos aseg aunc bebe cier enco encu
2008TNSMDD.html,3,Natividad del Señor,segunda lectura,"Hb 1,1-6",Ad Hebræos,6,6,0,,45,10,0.222,abie abla ablo altu anti aora cuan dere
2009BFSAFA.html,8,La Sagrada Familia,salmo responsorial,"Sal 104,1b-2.3-4.5-6.8-9",Psalmi,8,8,0,,36,8,0.222,abla acue aleg alia azan busc cono cont
2016BCUD03.html,4,Tercer domingo de Cuaresma,aleluya,"Jn 4,42.15",Joannes,2,2,0,,9,2,0.222,acla alel alte seno tend uerd uers
2017BCUD04.html,1,Cuarto domingo de Cuaresma,primera lectura,"2 Cro 36,14-16.19-23",Paralipomenon II,8,8,0,,81,18,0.222,abia abla acel asta auis burl cald caut
2029BFASCE.html,4,La Ascensión del Señor,segunda lectura,"Ef 4,1-13",Ad Ephesios,13,13,0,,63,14,0.222,abei abia amab ande asta baia baut caut
2039BTOD06.html,4,Domingo de la 6ª semana de Tiempo Ordinario,aleluya,"Lc 7,16",Lucas,1,1,0,,9,2,0.222,alel alte entr noso pueb surg uers
2045BTOD12.html,4,Domingo de la 12ª semana de Tiempo Ordinario,aleluya,"Lc 7,16",Lucas,1,1,0,,9,2,0.222,alel alte entr noso pueb surg uers
2050BTOD17.html,4,Domingo de la 17ª semana de Tiempo Ordinario,aleluya,"Lc 7,16",Lucas,1,1,0,,9,2,0.222,alel alte entr noso pueb surg uers
3008TNSMDD.html,3,Natividad del Señor,segunda lectura,"Hb 1,1-6",Ad Hebræos,6,6,0,,45,10,0.222,abie abla ablo altu anti aora cuan dere
3016CCUD03.html,4,Tercer domingo de Cuaresma,aleluya,"Jn 4,42.15",Joannes,2,2,0,,9,2,0.222,acla alel alte seno tend uerd uers
3042CTOD09.html,4,Domingo de la 9ª semana de Tiempo Ordinario,aleluya,"Jn 3,16",Joannes,1,1,0,,9,2,0.222,alel alte entr tant tien uers unic
3043CTOD10.html,4,Domingo de la 10ª semana de Tiempo Ordinario,aleluya,"Lc 7,16",Lucas,1,1,0,,9,2,0.222,alel alte entr noso pueb surg uers
3063CTOD30.html,4,leccionario ciclo C.Domingo de la 30ª semana de tiempo ordinario,evangelio,"Lc 18,9-14",Lucas,6,6,0,,45,10,0.222,acel aiun algu atra atre camb cedo ciel
3064CTOD31.html,4,Domingo de la 31ª semana de Tiempo Ordinario,aleluya,"Jn 3,16",Joannes,1,1,0,,9,2,0.222,alel alte entr tant tien uers unic
4007ITOL02.html,1,Lunes de la 2ª semana de Tiempo Ordinario,primera lectura,"Hb 5,1-10",Ad Hebræos,10,10,0,,63,14,0.222,acel angu apre arro auto cien comp conf
4051ITOX09.html,4,Miércoles de la 9ª semana de Tiempo Ordinario,evangelio,"Mc 12,18-27",Marcus,10,10,0,,54,12,0.222,abei abia acel acer casa case ciel cuan
4097ITOL17.html,2,Lunes de la 17ª semana de Tiempo Ordinario,salmo responsorial,"Sal 105,19-20.21-22.23",Psalmi,5,5,0,,27,6,0.222,abia abla anic apar bece brec camb cole
4179ITOV30.html,4,Viernes de la 30ª semana de Tiempo Ordinario,evangelio,"Lc 14,1-6",Lucas,6,6,0,,27,6,0.222,aunc cala ceda come dela desp diri elos
4232PTOJ05.html,2,Jueves de la 5ª semana de Tiempo Ordinario,salmo responsorial,"Sal 105,3-4.35-36.37.40",Psalmi,6,6,0,,27,6,0.222,abor acue ador caie cont cost dere dico
4255PTOX09.html,4,Miércoles de la 9ª semana de Tiempo Ordinario,evangelio,"Mc 12,18-27",Marcus,10,10,0,,54,12,0.222,abei abia acel acer casa case ciel cuan
4383PTOV30.html,4,Viernes de la 30ª semana de Tiempo Ordinario,evangelio,"Lc 14,1-6",Lucas,6,6,0,,27,6,0.222,aunc cala ceda come dela desp diri elos
7063TCUS03.html,2,Sábado de la 3ª semana de Cuaresma,salmo responsorial,"Sal 50,3-4.18-19.20-21ab",Psalmi,6,6,0,,27,6,0.222,acep bond borr cebr cerr comp cora culp
7068TCUJ04.html,2,Jueves de la 4ª semana de Cuaresma,salmo responsorial,"Sal 105,19-20.21-22.23",Psalmi,5,5,0,,27,6,0.222,abia abla anic apar bece brec camb cole
7075TCUJ05.html,2,Jueves de la 5ª semana de Cuaresma,salmo responsorial,"Sal 104,4-5.6-7.8-9",Psalmi,6,6,0,,27,6,0.222,acue alia busc cont eleg esti eter gobi
7089TPAM02.html,1,Martes de la segunda semana de Pascua,primera lectura,"Hch 4,32-37",Actus Apostolorum,6,6,0,,45,10,0.222,agra apel bern camp casa cien crei daba
2025BPAD03.html,1,Tercer domingo de Pascua,primera lectura,"Hch 3,13-15.17-19",Actus Apostolorum,6,6,0,,49,11,0.224,abia acel arre ases auto borr cuan cump
3015CCUD02.html,1,Segundo domingo de Cuaresma,primera lectura,"Gn 15,5-12.17-18",Genesis,10,10,0,,58,13,0.224,aber acel afue alia anad anto ardi baia
4228PTOS04.html,1,Sábado de la 4ª semana de Tiempo Ordinario,primera lectura,"1 R 3,4-13",Regum III,10,10,0,,67,15,0.224,aber abid abra acel agra algu ante apar
4295PTOL16.html,1,Lunes de la 16ª semana de Tiempo Ordinario,primera lectura,"Mi 6,1-4.6-8",Michæa,7,7,0,,49,11,0.224,acer altu anda arro aten carn cimi cola
1044ATOD11.html,3,Domingo de la 11ª semana de Tiempo Ordinario,segunda lectura,"Rm 5,6-11",Ad Romanos,6,6,0,,40,9,0.225,abra aora apen atre cast cien cuan emos
7063TCUS03.html,1,Sábado de la 3ª semana de Cuaresma,primera lectura,"Os 6,1-6",Osee,6,6,0,,40,9,0.225,aman auro baia cier cond cono dela desp
1006TNSMDM.html,5,Natividad del Señor,evangelio,"Lc 2,1-14",Lucas,14,14,0,,84,19,0.226,abia acel acer acos alab aleg apar bele
2006TNSMDM.html,5,Natividad del Señor,evangelio,"Lc 2,1-14",Lucas,14,14,0,,84,19,0.226,abia acel acer acos alab aleg apar bele
2007TNSMDA.html,3,Natividad del Señor,segunda lectura,"Tt 3,4-7",Ad Titum,4,4,0,,31,7,0.226,aiam apar bond ciel copi cuan derr espe
2040BTOD07.html,3,Domingo de la 7ª semana de Tiempo Ordinario,segunda lectura,"2 Co 1,18-22",Ad Corinthios II,5,5,0,,31,7,0.226,anun cien conu cora diri emos erma espi
2067BTOD34.html,3,"Domingo de la 34ª semana de Tiempo Ordinario — Jesucristo, Rey del Universo",segunda lectura,"Ap 1,5-8",Apocalypsis,4,4,0,,31,7,0.226,acel atra caus conu entr iesu lame libr
3006TNSMDM.html,5,Natividad del Señor,evangelio,"Lc 2,1-14",Lucas,14,14,0,,84,19,0.226,abia acel acer acos alab aleg apar bele
3019CFDORA.html,6,Domingo de Ramos,evangelio,"Lc 22,14—23,56",Lucas,,114,,,399,90,0.226,abei abia abie abla acec aced acel acen
3042CTOD09.html,5,Domingo de la 9ª semana de Tiempo Ordinario,evangelio,"Lc 7,1-10",Lucas,10,10,0,,62,14,0.226,abla acel admi afec amig anci ceda cien
3044CTOD11.html,1,Domingo de la 11ª semana de Tiempo Ordinario,primera lectura,"2 S 12,7-10.13",Regum II,5,5,0,,31,7,0.226,aber acel acie apar braz ceda dart entr
3047CTOD14.html,3,Domingo de la 14ª semana de Tiempo Ordinario,segunda lectura,"Ga 6,14-18",Ad Galatas,5,5,0,,31,7,0.226,adel aius cria cuen cuer erma espi grac
4056ITOM10.html,1,Martes de la 10ª semana de Tiempo Ordinario,primera lectura,"2 Co 1,18-22",Ad Corinthios II,5,5,0,,31,7,0.226,anun cien conu cora diri emos erma espi
4139ITOL24.html,4,Lunes de la 24ª semana de Tiempo Ordinario,evangelio,"Lc 7,1-10",Lucas,10,10,0,,62,14,0.226,abla acel admi afec amig anci ceda cien
4343PTOL24.html,4,Lunes de la 24ª semana de Tiempo Ordinario,evangelio,"Lc 7,1-10",Lucas,10,10,0,,62,14,0.226,abla acel admi afec amig anci ceda cien
4362PTOM27.html,1,Martes de la 27ª semana de Tiempo Ordinario,primera lectura,"Ga 1,13-24",Ad Galatas,12,12,0,,62,14,0.226,abei abia abla acel alab anti anun aora
1024APAD02.html,1,Segundo domingo de Pascua,primera lectura,"Hch 2,42-47",Actus Apostolorum,6,6,0,,44,10,0.227,acia acud agre alab aleg bien casa cele
2067BTOD34.html,1,"Domingo de la 34ª semana de Tiempo Ordinario — Jesucristo, Rey del Universo",primera lectura,"Dn 7,13-14",Daniel,2,2,0,,22,5,0.227,acer anci ciel domi leng mien mira naci
4022ITOJ04.html,1,Jueves de la 4ª semana de Tiempo Ordinario,primera lectura,"Hb 12,18-19.21-24",Ad Hebræos,6,6,0,,48,11,0.229,abei abla acel acer alia alma asam ciel
4177ITOX30.html,1,Miércoles de la 30ª semana de Tiempo Ordinario,primera lectura,"Rm 8,26-30",Ad Romanos,5,5,0,,35,8,0.229,abia aiud conu cora debi dese erma esco
4371PTOV28.html,1,Viernes de la 28ª semana de Tiempo Ordinario,primera lectura,"Ef 1,11-14",Ad Ephesios,4,4,0,,35,8,0.229,abei alab crei deci dest emos eren erma
7115TPAJ06.html,1,Jueves de la sexta semana de Pascua,primera lectura,"Hch 18,1-8",Actus Apostolorum,8,8,0,,70,16,0.229,aban abia acel acia adel baia baut cedo
1021TFVISA.html,5,Viernes santo — Celebración de la Pasión del Señor,evangelio,"Jn 18,1—19,42",Joannes,,82,,,291,67,0.23,abai abia abla ablo abri acas acel acer
2021TFVISA.html,5,Viernes santo — Celebración de la Pasión del Señor,evangelio,"Jn 18,1—19,42",Joannes,,82,,,291,67,0.23,abai abia abla ablo abri acas acel acer
3021TFVISA.html,5,Viernes santo — Celebración de la Pasión del Señor,evangelio,"Jn 18,1—19,42",Joannes,,82,,,291,67,0.23,abai abia abla ablo abri acas acel acer
7117TPAS06.html,1,Sábado de la sexta semana de Pascua,primera lectura,"Hch 18,23-28",Actus Apostolorum,6,6,0,,61,14,0.23,abia abla aiud alei algu anim anti aunc
3024CPAD02.html,2,Segundo domingo de Pascua,salmo responsorial,"Sal 117,2-4.22-24.25-27a",Psalmi,9,9,0,,26,6,0.231,actu aleg aora arci bend cien dano desd
4161ITOV27.html,3,Viernes de la 27ª semana de Tiempo Ordinario,aleluya,"Jn 12,31b.32",Joannes,2,2,0,,13,3,0.231,acia aora atre cuan ecad eleu seno sobr
4180ITOS30.html,1,Sábado de la 30ª semana de Tiempo Ordinario,primera lectura,"Rm 11,1-2a.11-12.25-29",Ad Romanos,9,9,0,,65,15,0.231,aber alca alei alia aora asta aten caid
4212PTOM02.html,2,Martes de la 2ª semana de Tiempo Ordinario,salmo responsorial,"Sal 88,20.21-22.27-28",Psalmi,5,5,0,,26,6,0.231,abla amig braz ceni coro enco entr leua
4365PTOV27.html,3,Viernes de la 27ª semana de Tiempo Ordinario,aleluya,"Jn 12,31b.32",Joannes,2,2,0,,13,3,0.231,acia aora atre cuan ecad eleu seno sobr
7103TPAJ04.html,3,Jueves de la cuarta semana de Pascua,aleluya,"Ap 1,5ab",Apocalypsis,1,1,0,,13,3,0.231,alel alte amas entr iesu libr muer nues
1012TEPIFA.html,3,Epifanía del Señor,segunda lectura,"Ef 3,2-3a.5-6",Ad Ephesios,4,4,0,,30,7,0.233,abei abia abla aora cono cuer dist erma
2012TEPIFA.html,3,Epifanía del Señor,segunda lectura,"Ef 3,2-3a.5-6",Ad Ephesios,4,4,0,,30,7,0.233,abei abia abla aora cono cuer dist erma
2033BFCORP.html,1,Santísimo Cuerpo y Sangre de Cristo,primera lectura,"Ex 24,3-8",Exodus,6,6,0,,43,10,0.233,abia acel algu alia arem comu cont derr
3012TEPIFA.html,3,Epifanía del Señor,segunda lectura,"Ef 3,2-3a.5-6",Ad Ephesios,4,4,0,,30,7,0.233,abei abia abla aora cono cuer dist erma
3028CPAD06.html,3,Sexto domingo de Pascua,segunda lectura,"Ap 21,10-14.22-23",Apocalypsis,7,7,0,,43,10,0.233,alti alum baia basa bril ciel ciud cord
3037CTOD04.html,2,Domingo de la 4ª semana de Tiempo Ordinario,salmo responsorial,"Sal 70,1-2.3-4a.5-6ab.15ab.17",Psalmi,8,8,0,,30,7,0.233,acoi alca apoi asta auxi cede derr desd
4069ITOX12.html,1,Miércoles de la 12ª semana de Tiempo Ordinario,primera lectura,"Gn 15,1-12.17-18",Genesis,14,14,0,,73,17,0.233,aber abun acel afue alia anad anto ardi
4096ITOS16.html,1,Sábado de la 16ª semana de Tiempo Ordinario,primera lectura,"Ex 24,3-8",Exodus,6,6,0,,43,10,0.233,abia acel algu alia arem comu cont derr
4297PTOX16.html,2,Miércoles de la 16ª semana de Tiempo Ordinario,salmo responsorial,"Sal 70,1-2.3-4a.5-6ab.15ab.17",Psalmi,8,8,0,,30,7,0.233,acoi alca apoi asta auxi cede derr desd
4374PTOM29.html,1,Martes de la 29ª semana de Tiempo Ordinario,primera lectura,"Ef 2,12-22",Ad Ephesios,11,11,0,,73,17,0.233,abol acer acie aien ante aora asta camb
4405PTOX34.html,2,Miércoles de la 34ª semana de Tiempo Ordinario,salmo responsorial,"Sal 97,1.2-3ab.7-8.9",Psalmi,6,6,0,,30,7,0.233,acla acor apla braz cono cont cuan dies
7063TCUS03.html,4,Sábado de la 3ª semana de Cuaresma,evangelio,"Lc 18,9-14",Lucas,6,6,0,,43,10,0.233,acel aiun algu atra atre camb cedo ciel
7079TMSESA.html,2,Martes santo,salmo responsorial,"Sal 70,1-2.3-4a.5-6ab.15.17",Psalmi,8,8,0,,30,7,0.233,acoi alca apoi asta auxi cede derr desd
4280PTOJ13.html,1,Jueves de la 13ª semana de Tiempo Ordinario,primera lectura,"Am 7,10-17",Amos,8,8,0,,47,11,0.234,acel aora cera ciud coni cord cult deso
3013CFBASE.html,8,Bautismo del Señor,segunda lectura,"Tt 2,11-14.3,4-7",Ad Titum,8,8,0,,51,12,0.235,agua aiam aora apar bond buen ceri copi
4146ITOM25.html,1,Martes de la 25ª semana de Tiempo Ordinario,primera lectura,"Esd 6,7-8.12b.14-20",Esdræ,10,10,0,,81,19,0.235,abia acel adel anti asta cabr carn cato
4233PTOV05.html,1,Viernes de la 5ª semana de Tiempo Ordinario,primera lectura,"1 R 11,29-32.12,19",Regum III,5,5,0,,34,8,0.235,agar aiia arra asta cami ciud cons dart
4270PTOS11.html,2,Sábado de la 11ª semana de Tiempo Ordinario,salmo responsorial,"Sal 88,4-5.29-30.31-32.33-34",Psalmi,8,8,0,,34,8,0.235,aban alia cast ciel culp desm dura edad
4290PTOM15.html,1,Martes de la 15ª semana de Tiempo Ordinario,primera lectura,"Is 7,1-9",Isaias,9,9,0,,68,16,0.235,acam acia acob agit albe apod arbo ardi
7108TPAX05.html,1,Miércoles de la quinta semana de Pascua,primera lectura,"Hch 15,1-6",Actus Apostolorum,6,6,0,,51,12,0.235,abia abra acel aleg algu alte asun atra
4307PTOL18.html,1,Lunes de la 18ª semana de Tiempo Ordinario,primera lectura,"Jr 28,1-17",Jeremias,17,17,0,,89,21,0.236,acel aiua ante asta cala cami camp cito
7068TCUJ04.html,1,Jueves de la 4ª semana de Cuaresma,primera lectura,"Ex 32,7-14",Exodus,8,8,0,,59,14,0.237,abia abla acel acer acue alei anad arre
7092TPAV02.html,4,Viernes de la segunda semana de Pascua,evangelio,"Jn 6,1-15",Joannes,15,15,0,,76,18,0.237,abia acel acer acia acud bast cana ceba
1027APAD05.html,1,Quinto domingo de Pascua,primera lectura,"Hch 6,1-7",Actus Apostolorum,7,7,0,,63,15,0.238,acel acep admi aten buen ceia cont crec
1030APAD07.html,1,Séptimo domingo de Pascua,primera lectura,"Hch 1,12-14",Actus Apostolorum,3,3,0,,42,10,0.238,algu aloi apos cami celo ciel comu dedi
3014CCUD01.html,2,Primer domingo de Cuaresma,salmo responsorial,"Sal 90,1-2.10-11.12-13.14-15",Psalmi,8,8,0,,42,10,0.238,acer alca ampa asta cami conf cono defe
4037ITOL07.html,1,Lunes de la 7ª semana de Tiempo Ordinario,primera lectura,"Eclo 1,1-10",Ecclesiasticus,10,10,0,,42,10,0.238,altu ancu ante ciel cien cono derr dest
4108ITOS18.html,2,Sábado de la 18ª semana de Tiempo Ordinario,salmo responsorial,"Sal 17,28-3a.3bc-4.47.51ab",Psalmi,4,4,0,,21,5,0.238,alab alca balu bend cedo dist enem ensa
4112ITOJ19.html,2,Jueves de la 19ª semana de Tiempo Ordinario,salmo responsorial,"Sal 113,1-2.3-4.5-6",Psalmi,6,6,0,,21,5,0.238,atra balb carn coli cord cuan domi ecas
7093TPAS02.html,1,Sábado de la segunda semana de Pascua,primera lectura,"Hch 6,1-7",Actus Apostolorum,7,7,0,,63,15,0.238,acel acep admi aten buen ceia cont crec
7124Textos_comunes.html,5,TEXTOS COMUNES PARA EL CANTO DEL SALMO RESPONSORIAL,salmo responsorial,"Sal 90,1-2.10-11.12-13.14-15",Psalmi,8,8,0,,42,10,0.238,acer alca ampa asta cami conf cono defe
1022AVIPAS.html,20,Vigilia Pascual,epistola,"Rm 6,3-11",Ad Romanos,9,9,0,,46,11,0.239,absu ande baut ceda cond cree emos entr
2022BVIPAS.html,20,Vigilia Pascual,epistola,"Rm 6,3-11",Ad Romanos,9,9,0,,46,11,0.239,absu ande baut ceda cond cree emos entr
3022AVIPAS.html,20,Vigilia Pascual,epistola,"Rm 6,3-11",Ad Romanos,9,9,0,,46,11,0.239,absu ande baut ceda cond cree emos entr
7103TPAJ04.html,1,Jueves de la cuarta semana de Pascua,primera lectura,"Hch 13,13-25",Actus Apostolorum,13,13,0,,92,22,0.239,abla acab acel acie alab alim anic ante
7110TPAV05.html,1,Viernes de la quinta semana de Pascua,primera lectura,"Hch 15,22-31",Actus Apostolorum,10,10,0,,67,16,0.239,acel acor alar aleg alen algu apar arei
1021TFVISA.html,3,Viernes santo — Celebración de la Pasión del Señor,segunda lectura,"Hb 4,14-16.5,7-9",Ad Hebræos,6,6,0,,50,12,0.24,acer alca angu apre atra auto ciel conu
2021TFVISA.html,3,Viernes santo — Celebración de la Pasión del Señor,segunda lectura,"Hb 4,14-16.5,7-9",Ad Hebræos,6,6,0,,50,12,0.24,acer alca angu apre atra auto ciel conu
3021TFVISA.html,3,Viernes santo — Celebración de la Pasión del Señor,segunda lectura,"Hb 4,14-16.5,7-9",Ad Hebræos,6,6,0,,50,12,0.24,acer alca angu apre atra auto ciel conu
4041ITOV07.html,4,Viernes de la 7ª semana de Tiempo Ordinario,evangelio,"Mc 10,1-12",Marcus,12,12,0,,50,12,0.24,aban acel acer cami come cont cost dand
4184ITOJ31.html,1,Jueves de la 31ª semana de Tiempo Ordinario,primera lectura,"Rm 14,7-12",Ad Romanos,6,6,0,,25,6,0.24,alab comp cuen desp dobl erma escr iuzg
4245PTOV07.html,4,Viernes de la 7ª semana de Tiempo Ordinario,evangelio,"Mc 10,1-12",Marcus,12,12,0,,50,12,0.24,aban acel acer cami come cont cost dand
1005TNSMDV.html,2,Natividad del Señor,salmo responsorial,"Sal 88,4-5.16-17.27.29",Psalmi,6,6,0,,29,7,0.241,acla alia cami dico edad eleg esta fauo
2005TNSMDV.html,2,Natividad del Señor,salmo responsorial,"Sal 88,4-5.16-17.27.29",Psalmi,6,6,0,,29,7,0.241,acla alia cami dico edad eleg esta fauo
2028BPAD06.html,1,Séptimo domingo de Pascua,segunda lectura,"1 Jn 4,11-16",Joannis I,6,6,0,,29,7,0.241,amam amar ceri cien cono crei damo emos
2029BFASCE.html,3,Séptimo domingo de Pascua,segunda lectura,"1 Jn 4,11-16",Joannis I,6,6,0,,29,7,0.241,amam amar ceri cien cono crei damo emos
2030BPAD07.html,3,Séptimo domingo de Pascua,segunda lectura,"1 Jn 4,11-16",Joannis I,6,6,0,,29,7,0.241,amam amar ceri cien cono crei damo emos
3005TNSMDV.html,2,Natividad del Señor,salmo responsorial,"Sal 88,4-5.16-17.27.29",Psalmi,6,6,0,,29,7,0.241,acla alia cami dico edad eleg esta fauo
4236PTOM06.html,2,Martes de la 6ª semana de Tiempo Ordinario,salmo responsorial,"Sal 93,12-13a.14-15.18-19",Psalmi,6,6,0,,29,7,0.241,aban cien cora cuan dand deli desc dico
7091TPAJ02.html,1,Jueves de la segunda semana de Pascua,primera lectura,"Hch 5,27-33",Actus Apostolorum,7,7,0,,54,13,0.241,abei abia acab acel acer acie ante camb
1043ATOD10.html,5,Domingo de la 10ª semana de Tiempo Ordinario,evangelio,"Mt 9,9-13",Matthæus,5,5,0,,37,9,0.243,abia acel acud anda apre cier enfe esta
1054ATOD21.html,1,Domingo de la 21ª semana de Tiempo Ordinario,primera lectura,"Is 22,19-23",Isaias,5,5,0,,37,9,0.243,abri acel band carg ceni cerr cier colg
4077ITOV13.html,4,Viernes de la 13ª semana de Tiempo Ordinario,evangelio,"Mt 9,9-13",Matthæus,5,5,0,,37,9,0.243,abia acel acud anda apre cier enfe esta
4281PTOV13.html,4,Viernes de la 13ª semana de Tiempo Ordinario,evangelio,"Mt 9,9-13",Matthæus,5,5,0,,37,9,0.243,abia acel acud anda apre cier enfe esta
7111TPAS05.html,1,Sábado de la quinta semana de Pascua,primera lectura,"Hch 16,1-10",Actus Apostolorum,10,10,0,,70,17,0.243,abia acel aiud anun apar apen atra baia
3061CTOD28.html,3,Domingo de la 28ª semana de Tiempo Ordinario,segunda lectura,"2 Tm 2,8-13",Ad Timotheum II,6,6,0,,41,10,0.244,agua alca asta cade ceri doct eleg elos
4088ITOJ15.html,2,Jueves de la 15ª semana de Tiempo Ordinario,salmo responsorial,"Sal 104,1.5.8-9.24-25.26-27",Psalmi,8,8,0,,41,10,0.244,acue alia arte azan camb cono cont cora
4091ITOL16.html,4,Documento sin título,evangelio,"Mt 12,38-42",Matthæus,5,5,0,,41,10,0.244,acel algu alza aran cere ceta conf cont
4229PTOL05.html,1,Lunes de la 5ª semana de Tiempo Ordinario,primera lectura,"1 R 8,1-7.9-13",Regum III,12,12,0,,78,19,0.244,abia acel acom alia anci asam buei cabe
4295PTOL16.html,4,Lunes de la 16ª semana de Tiempo Ordinario,evangelio,"Mt 12,38-42",Matthæus,5,5,0,,41,10,0.244,acel algu alza aran cere ceta conf cont
2004BAVD04.html,5,Domingo 4º de Adviento,evangelio,"Lc 1,26-38",Lucas,13,13,0,,65,16,0.246,acel agas aleg ciud cono cont cubr dara
2029BFASCE.html,1,Séptimo domingo de Pascua,primera lectura,"Hch 1,15-17.20a.20c-26",Actus Apostolorum,10,10,0,,61,15,0.246,abia acel acer acom apel arre asce asoc
2030BPAD07.html,1,Séptimo domingo de Pascua,primera lectura,"Hch 1,15-17.20a.20c-26",Actus Apostolorum,10,10,0,,61,15,0.246,abia acel acer acom apel arre asce asoc
4166ITOJ28.html,4,Jueves de la 28ª semana de Tiempo Ordinario,evangelio,"Lc 11,47-54",Lucas,8,8,0,,57,14,0.246,abei acel acos algu apro asta capc ceda
4370PTOJ28.html,4,Jueves de la 28ª semana de Tiempo Ordinario,evangelio,"Lc 11,47-54",Lucas,8,8,0,,57,14,0.246,abei acel acos algu apro asta capc ceda
2050BTOD17.html,5,Domingo de la 17ª semana de Tiempo Ordinario,evangelio,"Jn 6,1-15",Joannes,15,15,0,,77,19,0.247,abia acel acer acia acud bast cana ceba
1019AFDORA.html,6,Domingo de ramos,evangelio,"Mt 26,14—27,66",Matthæus,,128,,,407,101,0.248,abai aban abei aber abia abla abof abri
1010SMMDD.html,1,1 de Enero Octava de la Natividad del Señor Santa María Madre de Dios,primera lectura,"Nm 6,22-27",Numeri,6,6,0,,16,4,0.25,ablo bend conc fauo form iios ilum nomb
1013AFBASE.html,2,El Bautismo del Señor,salmo responsorial,"Sal 28,1a.2.3ac-4.3b.9b-10",Psalmi,6,6,0,,20,5,0.25,acla agua enci grit iios nomb post pote
1018ACUD05.html,4,Quinto domingo de Cuaresma,aleluya,"Jn 11,25a.26",Joannes,2,2,0,,8,2,0.25,acla alel alte seno siem uers
1025APAD03.html,1,Tercer domingo de Pascua,primera lectura,"Hch 2,14.22-33",Actus Apostolorum,13,13,0,,92,23,0.25,abia abla ablo acre aleg aora asta atad
1051ATOD18.html,3,Domingo de la 18ª semana de Tiempo Ordinario,segunda lectura,"Rm 8,35.37-39",Ad Romanos,4,4,0,,32,8,0.25,acel afli algu altu amad ambr apar cien
2001BAVD01.html,2,Domingo 1º de Adviento,salmo responsorial,"Sal 79,2ac.3b.15-16.18-19",Psalmi,6,6,0,,28,7,0.25,alei ciel dano desd desp dies eier esco
2010SMMDD.html,1,1 de Enero Octava de la Natividad del Señor Santa María Madre de Dios,primera lectura,"Nm 6,22-27",Numeri,6,6,0,,16,4,0.25,ablo bend conc fauo form iios ilum nomb
2013BFBASE.html,2,Bautismo del Señor,salmo responsorial,"Sal 28,1a.2.3ac-4.3b.9b-10",Psalmi,6,6,0,,20,5,0.25,acla agua enci grit iios nomb post pote
2016BCUD03.html,4,Tercer domingo de Cuaresma,segunda lectura,"1 Co 1,22-25",Ad Corinthios I,4,4,0,,20,5,0.25,busc debi erma esca exig fuer grie iudi
2018BCUD05.html,4,Quinto domingo de Cuaresma,aleluya,"Jn 11,25a.26",Joannes,2,2,0,,8,2,0.25,acla alel alte seno siem uers
2047BTOD14.html,2,Domingo de la 14ª semana de Tiempo Ordinario,salmo responsorial,"Sal 122,1-2a.2bcd.3-4",Psalmi,4,4,0,,16,4,0.25,ciel escl espe esta fiio mano nues orgu
2048BTOD15.html,1,Domingo de la 15ª semana de Tiempo Ordinario,primera lectura,"Am 7,12-15",Amos,4,4,0,,20,5,0.25,acel cult igos iunt past porc pueb reba
3004CAVD04.html,2,Domingo 4º de Adviento,salmo responsorial,"Sal 79,2ac.3b.15-16.18-19",Psalmi,6,6,0,,28,7,0.25,alei ciel dano desd desp dies eier esco
3010SMMDD.html,1,1 de Enero Octava de la Natividad del Señor Santa María Madre de Dios,primera lectura,"Nm 6,22-27",Numeri,6,6,0,,16,4,0.25,ablo bend conc fauo form iios ilum nomb
3013CFBASE.html,2,Bautismo del Señor,salmo responsorial,"Sal 28,1a.2.3ac-4.3b.9b-10",Psalmi,6,6,0,,20,5,0.25,acla agua enci grit iios nomb post pote
3014CCUD01.html,1,Primer domingo de Cuaresma,primera lectura,"Dt 26,4-10",Deuteronomium,7,7,0,,52,13,0.25,aora aram asta braz cest conu crec dira
3018CCUD05.html,4,Quinto domingo de Cuaresma,aleluya,"Jn 11,25a.26",Joannes,2,2,0,,8,2,0.25,acla alel alte seno siem uers
3036CTOD03.html,2,Domingo de la 3ª semana de Tiempo Ordinario,salmo responsorial,"Sal 18,8.9.10.15",Psalmi,4,4,0,,24,6,0.25,agra aleg cora desc ente esta eter igno
3066CTOD33.html,2,Domingo de la 33ª semana de Tiempo Ordinario,salmo responsorial,"Sal 97,5-6.7-9a.9bc",Psalmi,5,5,0,,20,5,0.25,acla apla clar cont cuan inst lega pueb
4006ITOS01.html,2,Sábado de la 1ª semana de Tiempo Ordinario,salmo responsorial,"Sal 18,8.9.10.15",Psalmi,4,4,0,,24,6,0.25,agra aleg cora desc ente esta eter igno
4006ITOS01.html,4,Sábado de la 1ª semana de Tiempo Ordinario,evangelio,"Mc 2,13-17",Marcus,5,5,0,,36,9,0.25,acel acud algu comi diie enfe ense entr
4018ITOS03.html,3,Sábado de la 3ª semana de Tiempo Ordinario,aleluya,"Jn 3,16",Joannes,1,1,0,,8,2,0.25,cree entr tant tien todo unic
4032ITOM06.html,2,Martes de la 6ª semana de Tiempo Ordinario,salmo responsorial,"Sal 28,1a.2.3ac-4.3b.9c-10",Psalmi,6,6,0,,20,5,0.25,acla agua enci grit iios nomb post pote
4085ITOL15.html,3,Lunes de la 15ª semana de Tiempo Ordinario,aleluya,"Mt 5,10",Matthæus,1,1,0,,8,2,0.25,caus ciel dico elos porc rein
4087ITOX15.html,1,Miércoles de la 15ª semana de Tiempo Ordinario,primera lectura,"Ex 3,1-6.9-12",Exodus,10,10,0,,64,16,0.25,acel acer acud admi anad ange aora apar
4101ITOV17.html,2,Viernes de la 17ª semana de Tiempo Ordinario,salmo responsorial,"Sal 80,3-4.5-6ab.10-11ab",Psalmi,6,6,0,,24,6,0.25,acom arpa esta extr fies lena norm nues
4102ITOS17.html,3,Sábado de la 17ª semana de Tiempo Ordinario,aleluya,"Mt 5,10",Matthæus,1,1,0,,8,2,0.25,caus ciel dico elos porc rein
4107ITOV18.html,3,Viernes de la 18ª semana de Tiempo Ordinario,aleluya,"Mt 5,10",Matthæus,1,1,0,,8,2,0.25,caus ciel dico elos porc rein
4177ITOX30.html,2,Miércoles de la 30ª semana de Tiempo Ordinario,salmo responsorial,"Sal 12,4-5.6",Psalmi,3,3,0,,16,4,0.25,aleg atie auxi conf cora duer enem frac
4190ITOJ32.html,2,Jueves de la 32ª semana de Tiempo Ordinario,salmo responsorial,"Sal 118,89.90.91.130.135.175",Psalmi,6,6,0,,28,7,0.25,alab asta auxi bril ciel ense esta expl
4210PTOS01.html,4,Sábado de la 1ª semana de Tiempo Ordinario,evangelio,"Mc 2,13-17",Marcus,5,5,0,,36,9,0.25,acel acud algu comi diie enfe ense entr
4222PTOS03.html,3,Sábado de la 3ª semana de Tiempo Ordinario,aleluya,"Jn 3,16",Joannes,1,1,0,,8,2,0.25,cree entr tant tien todo unic
4232PTOJ05.html,1,Jueves de la 5ª semana de Tiempo Ordinario,primera lectura,"1 R 11,4-13",Regum III,10,10,0,,64,16,0.25,aber abia apar arra cema ciud conm cons
4241PTOL07.html,2,Lunes de la 7ª semana de Tiempo Ordinario,salmo responsorial,"Sal 18,8.9.10.15",Psalmi,4,4,0,,24,6,0.25,agra aleg cora desc ente esta eter igno
4273PTOX12.html,2,Miércoles de la 12ª semana de Tiempo Ordinario,salmo responsorial,"Sal 118,33.34.35.36.37.40",Psalmi,6,6,0,,24,6,0.25,ansi apar cami cora cump decr ense guar
4289PTOL15.html,3,Lunes de la 15ª semana de Tiempo Ordinario,aleluya,"Mt 5,10",Matthæus,1,1,0,,8,2,0.25,caus ciel dico elos porc rein
4306PTOS17.html,3,Sábado de la 17ª semana de Tiempo Ordinario,aleluya,"Mt 5,10",Matthæus,1,1,0,,8,2,0.25,caus ciel dico elos porc rein
4311PTOV18.html,3,Viernes de la 18ª semana de Tiempo Ordinario,aleluya,"Mt 5,10",Matthæus,1,1,0,,8,2,0.25,caus ciel dico elos porc rein
4342PTOS23.html,1,Sábado de la 23ª semana de Tiempo Ordinario,primera lectura,"1 Co 10,14-22",Ad Corinthios I,9,9,0,,44,11,0.25,ablo amig aunc bebe bend cier come cons
4346PTOJ24.html,2,Jueves de la 24ª semana de Tiempo Ordinario,salmo responsorial,"Sal 117,1-2.16ab-17.28",Psalmi,5,5,0,,16,4,0.25,azan buen cont dies ensa eter exce grac
4388PTOJ31.html,1,Jueves de la 31ª semana de Tiempo Ordinario,primera lectura,"Flp 3,3-8a",Ad Philippenses,6,6,0,,48,12,0.25,acer algu aunc basu cier comp cono cons
7011TAVV02.html,1,Viernes de la 2ª semana de Adviento,primera lectura,"Is 48,17-19",Isaias,3,3,0,,20,5,0.25,anic aten cami dest ense entr gran nomb
7012TAVS02.html,2,Sábado de la 2ª semana de Adviento,salmo responsorial,"Sal 79,2ac.3b.15-16.18-19",Psalmi,6,6,0,,28,7,0.25,alei ciel dano desd desp dies eier esco
7021TFPD20.html,4,Feria de Adviento. — Día 20 de diciembre.,evangelio,"Lc 1,26-38",Lucas,13,13,0,,64,16,0.25,acel agas aleg ciud cono cont cubr dara
7045TCUL01.html,2,Lunes de la 1ª semana de Cuaresma,salmo responsorial,"Sal 18,8.9.10.15",Psalmi,4,4,0,,24,6,0.25,agra aleg cora desc ente esta eter igno
7057MLCU03.html,3,Misa de libre elección: tercera semana de Cuaresma,aleluya,"Jn 4,42.15",Joannes,2,2,0,,8,2,0.25,alel alte seno tend uerd uers
7087TOCPAS.html,4,Sábado de la octava de Pascua,evangelio,"Mc 16,9-15",Marcus,7,7,0,,40,10,0.25,abia aman anun apar cami comp cora crei
7096TPAX03.html,3,Miércoles de la tercera semana de Pascua,aleluya,"Jn 6,40",Joannes,1,1,0,,8,2,0.25,alel alte seno tien uers ulti
7103TPAJ04.html,2,Jueves de la cuarta semana de Pascua,salmo responsorial,"Sal 88,2-3.21-22.25.27",Psalmi,6,6,0,,28,7,0.25,acom afia alel anun braz ciel crec edad
7094TPAL03.html,1,Lunes de la tercera semana de Pascua,primera lectura,"Hch 6,8-15",Actus Apostolorum,8,8,0,,59,15,0.254,abla acel acer agar albo alei anci aseg
3031TFDOPE.html,14,Domingo de Pentecostés,evangelio,"Rm 8,8-17",Ad Romanos,10,10,0,,47,12,0.255,abei agra conc cuer deia deud entr erma
2019BFDORA.html,6,Domingo de ramos,evangelio,"Mc 14,1—15,47",Marcus,,119,,,398,102,0.256,#1 #15 #39 abai aban abei aber abia
7017TAVV03.html,1,Viernes de la 3ª semana de Adviento,primera lectura,"Is 56,1-3a.6-8",Isaias,6,6,0,,39,10,0.256,acep aleg alia dere dico excl extr guar
1053ATOD20.html,3,Domingo de la 20ª semana de Tiempo Ordinario,segunda lectura,"Rm 11,13-15.29-32",Ad Romanos,7,7,0,,35,9,0.257,abei alca algu aora desp done elos ence
7049TCUV01.html,1,Viernes de la 1ª semana de Cuaresma,primera lectura,"Ez 18,21-28",Ezechiel,8,8,0,,35,9,0.257,acas apar cier come cond cuan cuen deli
7101TPAM04.html,2,Martes de la cuarta semana de Pascua,salmo responsorial,"Sal 86,1-3.4-5.7",Psalmi,6,6,0,,35,9,0.257,alel cime ciud cont danz egip entr escr
4044ITOM08.html,2,Martes de la 8ª semana de Tiempo Ordinario,salmo responsorial,"Sal 49,5-6.7-8.14.23",Psalmi,6,6,0,,31,8,0.258,abla acci alab cami ciel cont cump escu
4141ITOX24.html,1,Miércoles de la 24ª semana de Tiempo Ordinario,primera lectura,"1 Tm 3,14-16",Ad Timotheum I,3,3,0,,31,8,0.258,asam aunc ceri cier cond cont crei deci
4378PTOS29.html,1,Sábado de la 29ª semana de Tiempo Ordinario,primera lectura,"Ef 4,7-16",Ad Ephesios,10,10,0,,66,17,0.258,abia acia actu agam aius asta baia cabe
1007TNSMDA.html,3,Natividad del Señor,segunda lectura,"Tt 3,4-7",Ad Titum,4,4,0,,27,7,0.259,aiam apar bond copi cuan derr espe espi
2062BTOD29.html,3,Domingo de la 29ª semana de Tiempo Ordinario,segunda lectura,"Hb 4,14-16",Ad Hebræos,3,3,0,,27,7,0.259,acer alca atra ciel debi enco erma exac
3007TNSMDA.html,3,Natividad del Señor,segunda lectura,"Tt 3,4-7",Ad Titum,4,4,0,,27,7,0.259,aiam apar bond copi cuan derr espe espi
4058ITOJ10.html,1,Jueves de la 10ª semana de Tiempo Ordinario,primera lectura,"2 Co 3,15—4,1.3-6",Ad Corinthios II,,9,,,54,14,0.259,abla acia acob actu asta bril cita cono
7019TFPD18.html,1,Feria de Adviento. — Día 18 de diciembre.,primera lectura,"Jr 23,5-8",Jeremias,4,4,0,,27,7,0.259,camp dere dond expu lama lega legi mira
7102TPAX04.html,1,Miércoles de la cuarta semana de Pascua,primera lectura,"Hch 12,24—13,5",Actus Apostolorum,,7,,,50,13,0.26,abia acel aiun anun apar apod asis baia
4009ITOX02.html,1,Miércoles de la 2ª semana de Tiempo Ordinario,primera lectura,"Hb 7,1-3.15-17",Ad Hebræos,6,6,0,,42,11,0.262,abor alti ates bend boti cuan derr diez
4101ITOV17.html,1,Viernes de la 17ª semana de Tiempo Ordinario,primera lectura,"Lv 23,1.4-11.15-16.27.34b-37",Leviticus,16,16,0,,65,17,0.262,ablo acep agit algu arei asam asta atar
4369PTOX28.html,1,Miércoles de la 28ª semana de Tiempo Ordinario,primera lectura,"Ga 5,18-25",Ad Galatas,8,8,0,,42,11,0.262,aleg amab bond borr camb comp cosa dese
3040CTOD07.html,3,Domingo de la 7ª semana de Tiempo Ordinario,segunda lectura,"1 Co 15,45-49",Ad Corinthios I,5,5,0,,19,5,0.263,ciel desp erma espi igua noso ombr segu
4105ITOX18.html,1,Miércoles de la 18ª semana de Tiempo Ordinario,primera lectura,"Nm 13,1-2.25—14,1.26-30.34-35",Numeri,,20,,,99,26,0.263,abei abia acel amot apod arri asta atac
7059TCUM03.html,1,Martes de la 3ª semana de Cuaresma,primera lectura,"Dn 3,25.34-43",Daniel,11,11,0,,80,21,0.263,abri acel acep agra alca alia amig aora
4134ITOM23.html,4,Martes de la 23ª semana de Tiempo Ordinario,evangelio,"Lc 6,12-19",Lucas,8,8,0,,53,14,0.264,acel apod ator ceda celo cost cuan elos
4338PTOM23.html,4,Martes de la 23ª semana de Tiempo Ordinario,evangelio,"Lc 6,12-19",Lucas,8,8,0,,53,14,0.264,acel apod ator ceda celo cost cuan elos
1039ATOD06.html,3,Domingo de la 6ª semana de Tiempo Ordinario,segunda lectura,"1 Co 2,6-10",Ad Corinthios I,5,5,0,,34,9,0.265,abla ante ceda cono desu diui ense entr
2029BFASCE.html,5,La Ascensión del Señor,segunda lectura,"Ef 4,1-7.11-13",Ad Ephesios,10,10,0,,49,13,0.265,abei amab ande asta baut comp cono conu
3065CTOD32.html,6,Domingo de la 32ª semana de Tiempo Ordinario,evangelio,"Lc 20,27.34-38",Lucas,6,6,0,,34,9,0.265,acel casa cuan entr epis esta futu iios
4152ITOM26.html,2,Martes de la 26ª semana de Tiempo Ordinario,salmo responsorial,"Sal 86,1-3.4-5.6-7",Psalmi,7,7,0,,34,9,0.265,cime ciud cont danz egip entr escr esta
4375PTOX29.html,1,Miércoles de la 29ª semana de Tiempo Ordinario,primera lectura,"Ef 3,2-12",Ad Ephesios,11,11,0,,68,18,0.265,abei abia abla acla anun aora arri ciel
1032AFSATR.html,5,La Santísima Trinidad,evangelio,"Jn 3,16-18",Joannes,3,3,0,,15,4,0.267,cree crei entr iuzg mand ning nomb porc
1053ATOD20.html,1,Domingo de la 20ª semana de Tiempo Ordinario,primera lectura,"Is 56,1.6-7",Isaias,3,3,0,,30,8,0.267,acep aleg alia dere extr guar lama lega
4143ITOV24.html,4,Viernes de la 24ª semana de Tiempo Ordinario,evangelio,"Lc 8,1-3",Lucas,3,3,0,,30,8,0.267,abia acel acom aiud algu bien cami ciud
4347PTOV24.html,4,Viernes de la 24ª semana de Tiempo Ordinario,evangelio,"Lc 8,1-3",Lucas,3,3,0,,30,8,0.267,abia acel acom aiud algu bien cami ciud
7076TCUV05.html,2,Viernes de la 5ª semana de Cuaresma,salmo responsorial,"Sal 17,2-3a.3bc-4.5-6.7",Psalmi,6,6,0,,30,8,0.267,abis alab alca ater balu cedo cerc desd
2060BTOD27.html,6,Domingo de la 27ª semana de Tiempo Ordinario,evangelio,"Mc 10,2-12",Marcus,11,11,0,,41,11,0.268,aban acel acer come cont dand diuo escr
1014ACUD01.html,5,Primer domingo de Cuaresma,evangelio,"Mt 4,1-11",Matthæus,11,11,0,,52,14,0.269,abai acel acer aiun aler alti ambr ciud
4234PTOS05.html,2,Sábado de la 5ª semana de Tiempo Ordinario,salmo responsorial,"Sal 105,6-7a.19-20.21-22",Psalmi,6,6,0,,26,7,0.269,abia bece camb comp emos fund icie idol
2011TNAD02.html,1,2º Domingo después de Navidad,primera lectura,"Eclo 24,1-2.8-12",Ecclesiasticus,7,9,2,si,48,13,0.271,alab ante asam bend cesa ciud cong cult
3011TNAD02.html,1,2º Domingo después de Navidad,primera lectura,"Eclo 24,1-2.8-12",Ecclesiasticus,7,9,2,si,48,13,0.271,alab ante asam bend cesa ciud cong cult
4113ITOV19.html,1,Viernes de la 19ª semana de Tiempo Ordinario,primera lectura,"Jos 24,1-13",Josue,13,13,0,,103,28,0.272,abia ablo acel algu anci aneg anta aora
1047ATOD14.html,3,Domingo de la 14ª semana de Tiempo Ordinario,segunda lectura,"Rm 8,9.11-13",Ad Romanos,4,4,0,,22,6,0.273,cuer deud entr erma espi esta mism muer
1056ATOD23.html,4,Domingo de la 23ª semana de Tiempo Ordinario,aleluya,"2 Co 5,19",Ad Corinthios II,1,1,0,,11,3,0.273,alel alte conf cons esta noso pala uers
3057CTOD24.html,4,Domingo de la 24ª semana de Tiempo Ordinario,aleluya,"2 Co 5,19",Ad Corinthios II,1,1,0,,11,3,0.273,alel alte conf cons esta noso pala uers
4089ITOV15.html,4,Viernes de la 15ª semana de Tiempo Ordinario,evangelio,"Mt 12,1-8",Matthæus,8,8,0,,44,12,0.273,abei acel acie ambr arra atra cier comi
4255PTOX09.html,2,Miércoles de la 9ª semana de Tiempo Ordinario,salmo responsorial,"Sal 122,1-2a.2bcd",Psalmi,2,2,0,,11,3,0.273,ciel escl espe esta fiio mano nues seno
4293PTOV15.html,4,Viernes de la 15ª semana de Tiempo Ordinario,evangelio,"Mt 12,1-8",Matthæus,8,8,0,,44,12,0.273,abei acel acie ambr arra atra cier comi
7058TCUL03.html,3,Lunes de la 3ª semana de Cuaresma,aleluya,"Sal 129,5.7",Psalmi,2,2,0,,11,3,0.273,alel alte espe pala porc seno uers uien
2044BTOD11.html,2,Domingo de la 11ª semana de Tiempo Ordinario,salmo responsorial,"Sal 91,2-3.13-14.15-16",Psalmi,6,6,0,,29,8,0.276,alza buen crec dand esta exis fide fron
3017CCUD04.html,1,Cuarto domingo de Cuaresma,primera lectura,"Jos 5,9a.10-12",Josue,4,4,0,,29,8,0.276,acam acel atar cato cele comi cose cuan
4334PTOJ22.html,1,Jueves de la 22ª semana de Tiempo Ordinario,primera lectura,"1 Co 3,18-23",Ad Corinthios I,6,6,0,,29,8,0.276,algu cono enga erma escr lega muer nadi
1011NAD02.html,1,2º Domingo después de Navidad,primera lectura,"Eclo 24,1-2.8-12",Ecclesiasticus,7,9,2,si,47,13,0.277,alab ante asam bend cesa ciud cong cult
7001TAVL01.html,5,Lunes de la 1ª semana de Adviento,evangelio,"Mt 8,5-11",Matthæus,7,7,0,,47,13,0.277,acel acer admi aseg bast ceda cedo ciel
3025CPAD03.html,1,Tercer domingo de Pascua,primera lectura,"Hch 5,27b-32.40b-41",Actus Apostolorum,8,8,0,,54,15,0.278,abei aber abia abla acel acer acie ante
3028CPAD06.html,1,Sexto domingo de Pascua,primera lectura,"Hch 15,1-2.22-29",Actus Apostolorum,10,10,0,,79,22,0.278,acel acor alar algu alte apar arei baia
4033ITOX06.html,2,Miércoles de la 6ª semana de Tiempo Ordinario,salmo responsorial,"Sal 115,12-13.14-15.18-19",Psalmi,6,6,0,,18,5,0.278,alel alza cues cump fiel muco muer nomb
4178ITOJ30.html,1,Jueves de la 30ª semana de Tiempo Ordinario,primera lectura,"Rm 8,31b-39",Ad Romanos,9,9,0,,54,15,0.278,acas acel acus afli algu altu amad ambr
4296PTOM16.html,1,Martes de la 16ª semana de Tiempo Ordinario,primera lectura,"Mi 7,14-15.18-20",Michæa,5,5,0,,43,12,0.279,absu apar arro caia comp cuan culp deli
7056TCUS02.html,1,Sábado de la 2ª semana de Cuaresma,primera lectura,"Mi 7,14-15.18-20",Michæa,5,5,0,,43,12,0.279,absu apar arro caia comp cuan culp deli
7078TLSESA.html,4,Lunes santo,evangelio,"Jn 12,1-11",Joannes,11,11,0,,61,17,0.279,abia ante bols cabe caus cien cost crei
1018ACUD05.html,3,Quinto domingo de Cuaresma,segunda lectura,"Rm 8,8-11",Ad Romanos,4,4,0,,25,7,0.28,agra cuer entr erma espi esta mism muer
2018BCUD05.html,3,Quinto domingo de Cuaresma,segunda lectura,"Rm 8,8-11",Ad Romanos,4,4,0,,25,7,0.28,agra cuer entr erma espi esta mism muer
3018CCUD05.html,3,Quinto domingo de Cuaresma,segunda lectura,"Rm 8,8-11",Ad Romanos,4,4,0,,25,7,0.28,agra cuer entr erma espi esta mism muer
4253PTOL09.html,2,Lunes de la 9ª semana de Tiempo Ordinario,salmo responsorial,"Sal 90,1-2.14-15ab.15c-16",Psalmi,5,5,0,,25,7,0.28,alca ampa conf cono defe escu esta inuo
1040ATOD07.html,3,Domingo de la 7ª semana de Tiempo Ordinario,segunda lectura,"1 Co 3,16-23",Ad Corinthios I,8,8,0,,35,10,0.286,algu cono dest enga erma escr espi lega
1063ATOD30.html,2,Domingo de la 30ª semana de Tiempo Ordinario,salmo responsorial,"Sal 17,2-3a.3bc-4.47.51ab",Psalmi,5,5,0,,21,6,0.286,alab alca balu bend cedo dist enem ensa
2064BTOD31.html,2,Domingo de la 31ª semana de Tiempo Ordinario,salmo responsorial,"Sal 17,2-3a.3bc-4.47.51ab",Psalmi,5,5,0,,21,6,0.286,alab alca balu bend cedo dist enem ensa
3001CAVD01.html,1,Domingo 1º de Adviento,primera lectura,"Jr 33,14-16",Jeremias,3,3,0,,21,6,0.286,acel cump dere lama lega legi mira nues
4259PTOL10.html,1,Lunes de la 10ª semana de Tiempo Ordinario,primera lectura,"1 R 17,1-6",Regum III,6,6,0,,35,10,0.286,acel acia bebi ceda cera cerc cien comi
2002BAVD02.html,5,Domingo 2º de Adviento,evangelio,"Mc 1,1-8",Marcus,8,8,0,,45,13,0.289,acud agac alan alim baut cami cint comi
2060BTOD27.html,3,Domingo de la 27ª semana de Tiempo Ordinario,segunda lectura,"Hb 2,9-11",Ad Hebræos,3,3,0,,31,9,0.29,abia aora auer cien conu erma exis grac
3067CTOD34.html,3,"Domingo de la 34ª semana de Tiempo Ordinario — Jesucristo, Rey del Universo",segunda lectura,"Col 1,12-20",Ad Colossenses,9,9,0,,55,16,0.291,acie ante cabe capa cele ceri ciel ciso
2029BFASCE.html,7,La Ascensión del Señor,evangelio,"Mc 16,15-20",Marcus,6,6,0,,48,14,0.292,abla acel acom apar baut bebe ceda ciel
4090ITOS15.html,2,Sábado de la 15ª semana de Tiempo Ordinario,salmo responsorial,"Sal 135,1.23.24.10.12.13-15",Psalmi,8,8,0,,24,7,0.292,acel acor arro braz buen cond exte grac
1033AFCORP.html,3,Santísimo Cuerpo y Sangre de Cristo,segunda lectura,"1 Co 10,16-17",Ad Corinthios I,2,2,0,,17,5,0.294,aunc bend come cuer erma form mism muco
4094ITOJ16.html,2,Jueves de la 16ª semana de Tiempo Ordinario,salmo responsorial,"Dn 3,52.53.54.55.56",Daniel,5,5,0,,17,5,0.294,bend boue ciel nomb nues padr rein sant
1023APAD01.html,4,Domingo de Pascua,segunda lectura,"1 Co 5,6b-8",Ad Corinthios I,3,3,0,,20,6,0.3,barr cele erma inmo leua mald nues nueu
2023BPAD01.html,4,Domingo de Pascua,segunda lectura,"1 Co 5,6b-8",Ad Corinthios I,3,3,0,,20,6,0.3,barr cele erma inmo leua mald nues nueu
2046BTOD13.html,4,Domingo de la 13ª semana de Tiempo Ordinario,aleluya,"2 Tm 1,10",Ad Timotheum II,1,1,0,,10,3,0.3,alel alte iesu medi muer nues uers
2063BTOD30.html,4,Domingo de la 30ª semana de Tiempo Ordinario,aleluya,"2 Tm 1,10",Ad Timotheum II,1,1,0,,10,3,0.3,alel alte iesu medi muer nues uers
3023CPAD01.html,4,Domingo de Pascua,segunda lectura,"1 Co 5,6b-8",Ad Corinthios I,3,3,0,,20,6,0.3,barr cele erma inmo leua mald nues nueu
4049ITOL09.html,3,Lunes de la 9ª semana de Tiempo Ordinario,aleluya,"Ap 1,5ab",Apocalypsis,1,1,0,,10,3,0.3,amas entr iesu libr muer nues peca
4253PTOL09.html,3,Lunes de la 9ª semana de Tiempo Ordinario,aleluya,"Ap 1,5ab",Apocalypsis,1,1,0,,10,3,0.3,amas entr iesu libr muer nues peca
4286PTOJ14.html,2,Jueves de la 14ª semana de Tiempo Ordinario,salmo responsorial,"Sal 79,2ac.3b.15-16",Psalmi,4,4,0,,20,6,0.3,ciel desd desp dies eier escu fiia icis
7010TAVJ02.html,3,Jueves de la 2ª semana de Adviento,aleluya,"Is 45,8",Isaias,1,1,0,,10,3,0.3,abra brot ciel derr dest roci tier
2003BAVD03.html,5,Domingo 3º de Adviento,evangelio,"Jn 1,6-8.19-28",Joannes,13,13,0,,53,16,0.302,abia alan baut cami cien cono cont cuan
3057CTOD24.html,3,Domingo de la 24ª semana de Tiempo Ordinario,segunda lectura,"1 Tm 1,12-17",Ad Timotheum I,6,6,0,,43,13,0.302,acep acia ante capa ceri comp crea crei
1036ATOD03.html,5,Domingo de la 3ª semana de Tiempo Ordinario,evangelio,"Mt 4,12-23",Matthæus,12,12,0,,69,21,0.304,abia adel arre barc bril cami cerc ciel
4057ITOX10.html,2,Miércoles de la 10ª semana de Tiempo Ordinario,salmo responsorial,"Sal 98,5.6.7.8.9",Psalmi,5,5,0,,23,7,0.304,abla desd elos ensa estr mald mand nomb
4111ITOX19.html,1,Miércoles de la 19ª semana de Tiempo Ordinario,primera lectura,"Dt 34,1-12",Deuteronomium,12,12,0,,79,24,0.304,abia acel acer asta cien ciud coma cono
4253PTOL09.html,1,Lunes de la 9ª semana de Tiempo Ordinario,primera lectura,"2 P 1,1-7",Petri II,7,7,0,,49,15,0.306,ambi anad bien cabi cond cono crez crit
4137ITOV23.html,1,Viernes de la 23ª semana de Tiempo Ordinario,primera lectura,"1 Tm 1,1-2.12-14",Ad Timotheum I,5,5,0,,29,9,0.31,acia ante capa comp crei dand derr dese
4219PTOX03.html,2,Miércoles de la 3ª semana de Tiempo Ordinario,salmo responsorial,"Sal 88,4-5.27-28.29-30",Psalmi,6,6,0,,29,9,0.31,alia ciel dura edad eleg entr esta fauo
1044ATOD11.html,5,Domingo de la 11ª semana de Tiempo Ordinario,evangelio,"Mt 9,36—10,8",Matthæus,,11,,,72,23,0.319,aban abei abun acel auto cerc ciel ciud
7029TF02EN.html,4,2 de enero,evangelio,"Jn 1,19-28",Joannes,10,10,0,,47,15,0.319,abia alan baut cami cien cono cont cuan
2004BAVD04.html,2,Domingo 4º de Adviento,salmo responsorial,"Sal 88,2-3.4-5.27.29",Psalmi,6,6,0,,28,9,0.321,afia alia anun ciel edad eleg esta fauo
7025TFPD24.html,2,Feria de Adviento. — Día 24 de diciembre.,salmo responsorial,"Sal 88,2-3.4-5.27.29",Psalmi,6,6,0,,28,9,0.321,afia alia anun ciel edad eleg esta fauo
4011ITOV02.html,4,Viernes de la 2ª semana de Tiempo Ordinario,evangelio,"Mc 3,13-19",Marcus,7,7,0,,37,12,0.324,acel celo cien ciso comp cons entr enui
4215PTOV02.html,4,Viernes de la 2ª semana de Tiempo Ordinario,evangelio,"Mc 3,13-19",Marcus,7,7,0,,37,12,0.324,acel celo cien ciso comp cons entr enui
1036ATOD03.html,6,Domingo de la 3ª semana de Tiempo Ordinario,evangelio,"Mt 4,12-17",Matthæus,6,6,0,,39,13,0.333,abia abli arre bril cami cerc ciel come
1042ATOD09.html,3,Domingo de la 9ª semana de Tiempo Ordinario,segunda lectura,"Rm 3,21-25a.28",Ad Romanos,6,6,0,,30,10,0.333,algu aora ates cien cons cree erma esta
4138ITOS23.html,1,Sábado de la 23ª semana de Tiempo Ordinario,primera lectura,"1 Tm 1,15-17",Ad Timotheum I,3,3,0,,27,9,0.333,acep ceri comp cree erma fiar inmo mode
4297PTOX16.html,1,Miércoles de la 16ª semana de Tiempo Ordinario,primera lectura,"Jr 1,1.4-10",Jeremias,8,8,0,,45,15,0.333,abla arra cont demo diga dira dond enui
4186ITOS31.html,1,Sábado de la 31ª semana de Tiempo Ordinario,primera lectura,"Rm 16,3-9.16.22-27",Ad Romanos,14,14,0,,74,25,0.338,agra amig ante aora cabe ceri cien ciud
2004BAVD04.html,3,Domingo 4º de Adviento,segunda lectura,"Rm 16,25-27",Ad Romanos,3,3,0,,29,10,0.345,aora cono decr dura erma escr fort mani
3002CAVD02.html,5,Domingo 2º de Adviento,evangelio,"Lc 3,1-6",Lucas,6,6,0,,55,19,0.345,alan baut cami cinc coma conu desc desi
4205PTOL01.html,2,Lunes de la 1ª semana de Tiempo Ordinario,salmo responsorial,"Sal 115,12-13.14.17.18-19",Psalmi,6,6,0,,17,6,0.353,alab alel alza cump nomb ofre paga pres
7035TFLDEP.html,4,7 DE ENERO — Lunes después de Epifanía,evangelio,"Mt 4,12-17.23-25",Matthæus,9,9,0,,65,23,0.354,abia acei acel arre bril cami cerc ciel
2015BCUD02.html,3,Segundo domingo de Cuaresma,segunda lectura,"Rm 8,31b-34",Ad Romanos,4,4,0,,19,7,0.368,acas acus cien dere eleg entr erma esta
3048CTOD15.html,4,Domingo de la 15ª semana de Tiempo Ordinario,segunda lectura,"Col 1,15-20",Ad Colossenses,6,6,0,,38,14,0.368,acie ante cabe cele ciel ciso cosa cria
4099ITOX17.html,2,Miércoles de la 17ª semana de Tiempo Ordinario,salmo responsorial,"Sal 98,5.6.7.9",Psalmi,4,4,0,,19,7,0.368,abla desd ensa estr mand nomb nues oier
4131ITOV22.html,1,Viernes de la 22ª semana de Tiempo Ordinario,primera lectura,"Col 1,15-20",Ad Colossenses,6,6,0,,38,14,0.368,acie ante cabe cele ciel ciso cosa cria
1050ATOD17.html,3,Domingo de la 17ª semana de Tiempo Ordinario,segunda lectura,"Rm 8,28-30",Ad Romanos,3,3,0,,16,6,0.375,abia desi erma esco fuer lama lamo muco
2013BFBASE.html,9,Bautismo del Señor,aleluya,"Jn 1,29",Joannes,1,1,0,,8,3,0.375,acia cita cord excl peca
2057BTOD24.html,4,Domingo de la 24ª semana de Tiempo Ordinario,aleluya,"Ga 6,14",Ad Galatas,1,1,0,,8,3,0.375,alel alte libr seno uers
4011ITOV02.html,3,Viernes de la 2ª semana de Tiempo Ordinario,aleluya,"2 Co 5,19",Ad Corinthios II,1,1,0,,8,3,0.375,conf cons esta noso pala
4076ITOJ13.html,3,Jueves de la 13ª semana de Tiempo Ordinario,aleluya,"2 Co 5,19",Ad Corinthios II,1,1,0,,8,3,0.375,conf cons esta noso pala
4081ITOX14.html,4,Miércoles de la 14ª semana de Tiempo Ordinario,evangelio,"Mt 10,1-7",Matthæus,7,7,0,,48,18,0.375,acel auto cerc ciel ciud desc dole enfe
4090ITOS15.html,3,Sábado de la 15ª semana de Tiempo Ordinario,aleluya,"2 Co 5,19",Ad Corinthios II,1,1,0,,8,3,0.375,conf cons esta noso pala
4111ITOX19.html,3,Miércoles de la 19ª semana de Tiempo Ordinario,aleluya,"2 Co 5,19",Ad Corinthios II,1,1,0,,8,3,0.375,conf cons esta noso pala
4215PTOV02.html,3,Viernes de la 2ª semana de Tiempo Ordinario,aleluya,"2 Co 5,19",Ad Corinthios II,1,1,0,,8,3,0.375,conf cons esta noso pala
4280PTOJ13.html,3,Jueves de la 13ª semana de Tiempo Ordinario,aleluya,"2 Co 5,19",Ad Corinthios II,1,1,0,,8,3,0.375,conf cons esta noso pala
4285PTOX14.html,4,Miércoles de la 14ª semana de Tiempo Ordinario,evangelio,"Mt 10,1-7",Matthæus,7,7,0,,48,18,0.375,acel auto cerc ciel ciud desc dole enfe
4294PTOS15.html,3,Sábado de la 15ª semana de Tiempo Ordinario,aleluya,"2 Co 5,19",Ad Corinthios II,1,1,0,,8,3,0.375,conf cons esta noso pala
4315PTOX19.html,3,Miércoles de la 19ª semana de Tiempo Ordinario,aleluya,"2 Co 5,19",Ad Corinthios II,1,1,0,,8,3,0.375,conf cons esta noso pala
1057ATOD24.html,3,Domingo de la 24ª semana de Tiempo Ordinario,segunda lectura,"Rm 14,7-9",Ad Romanos,3,3,0,,13,5,0.385,erma mism muer muri ning noso seno somo
1005TNSMDV.html,5,Natividad del Señor,evangelio,"Mt 1,1-25",Matthæus,25,25,0,,110,44,0.4,#1 #18 #25 apar apen asta buen cato
2005TNSMDV.html,5,Natividad del Señor,evangelio,"Mt 1,1-25",Matthæus,25,25,0,,102,43,0.422,apar apen asta cato ceri conc cria cuan
3005TNSMDV.html,5,Natividad del Señor,evangelio,"Mt 1,1-25",Matthæus,25,25,0,,102,43,0.422,apar apen asta cato ceri conc cria cuan
3033CFCORP.html,1,Santísimo Cuerpo y Sangre de Cristo,primera lectura,"Gn 14,18-20",Genesis,3,3,0,,14,6,0.429,acel bend ciel dici diez enem entr tier
7018TFPD17.html,4,Feria de Adviento. — Día 17 de diciembre.,evangelio,"Mt 1,1-17",Matthæus,17,17,0,,53,35,0.66,asta cato cuan depo desd desp dest enge
7033TF06EN.html,6,6 de enero,evangelio,"Lc 3,23.31-34.36.38",Lucas,7,7,0,,24,16,0.667,acel admi empe iobe pens teni tiem trei
7033TF06EN.html,5,6 de enero,evangelio,"Lc 3,23-38",Lucas,16,16,0,,47,33,0.702,acel admi empe iobe iona male matu naga
1001AAVD01.html,4,Domingo 1º de Adviento,aleluya,"Sal 84,8",Psalmi,1,1,0,,6,2,0.333,alel dano mues seno
1003AAVD03.html,4,Domingo 3º de Adviento,aleluya,"Lc 4,18",Lucas,1,1,0,,7,1,0.143,anun enui espi pobr seno sobr
1004AAVD04.html,4,Domingo 4º de Adviento,aleluya,"Mt 1,23",Matthæus,1,1,0,,7,2,0.286,conc mira nomb noso pond
1007TNSMDA.html,4,Natividad del Señor,aleluya,"Lc 2,14",Lucas,1,1,0,,5,1,0.2,ciel ombr seno tier
1011NAD02.html,4,2º Domingo después de Navidad,aleluya,"1 Tm 3,16",Ad Timotheum I,1,1,0,,6,2,0.333,crei cris paga proc
1012TEPIFA.html,4,Epifanía del Señor,aleluya,"Mt 2,2",Matthæus,1,1,0,,7,2,0.286,emos estr sali seno uist
1013AFBASE.html,4,El Bautismo del Señor,aleluya,"Mc 9,7",Marcus,1,1,0,,5,0,0.0,abri amad ciel escu padr
1014ACUD01.html,4,Primer domingo de Cuaresma,aleluya,"Mt 4,4b",Matthæus,1,1,0,,6,0,0.0,acla alel alte ombr pala uers
1020TFJUSA.html,4,Jueves santo — Misa de la cena del Señor,aleluya,"Jn 13,34",Joannes,1,1,0,,6,1,0.167,amad amei nueu otro seno
1022AVIPAS.html,9,Vigilia Pascual,tercera lectura,"Ex 15,1-2.3-4.5-6.17-18",Exodus,8,8,0,,0,0,,
1022AVIPAS.html,13,Vigilia Pascual,quinta lectura,"Is 12,2-3.4.5-6",Isaias,5,5,0,,0,0,,
1022AVIPAS.html,18,Vigilia Pascual,septima lectura,"Is 12,2-3.4.5-6",Isaias,5,5,0,,0,0,,
1023APAD01.html,6,Domingo de Pascua,aleluya,"1 Co 5,7b-8a",Ad Corinthios I,2,2,0,,7,2,0.286,cele inmo nues seno uict
1026APAD04.html,4,Cuarto domingo de Pascua,aleluya,"Jn 10,14",Joannes,1,1,0,,4,1,0.25,cono ouei seno
1027APAD05.html,4,Quinto domingo de Pascua,aleluya,"Jn 14,6",Joannes,1,1,0,,5,0,0.0,cami nadi padr seno uerd
1028APAD06.html,4,Sexto domingo de Pascua,aleluya,"Jn 14,23",Joannes,1,1,0,,6,0,0.0,amar guar padr pala seno uend
1028APAD06.html,2,Séptimo domingo de Pascua,aleluya,"Jn 14,18",Joannes,1,1,0,,7,0,0.0,aleg cora deia seno uerf uuel uues
1030APAD07.html,4,Séptimo domingo de Pascua,aleluya,"Jn 14,18",Joannes,1,1,0,,7,0,0.0,aleg cora deia seno uerf uuel uues
1032AFSATR.html,2,La Santísima Trinidad,primera lectura,"Dn 3,52.53.54.55.56",Daniel,5,5,0,,0,0,,
1032AFSATR.html,4,La Santísima Trinidad,aleluya,"Ap 1,8",Apocalypsis,1,1,0,,5,0,0.0,espi glor padr sant uien
1033AFCORP.html,4,Santísimo Cuerpo y Sangre de Cristo,aleluya,"Jn 6,51",Joannes,1,2,1,si,5,0,0.0,baia ciel seno siem uiui
1034AFSCDJ.html,4,El sagrado Corazón de Jesús,aleluya,"Mt 11,29ab",Matthæus,1,1,0,,6,1,0.167,apre carg cora mans seno
1038ATOD05.html,4,Domingo de la 5ª semana de Tiempo Ordinario,aleluya,"Jn 8,12b",Joannes,1,1,0,,7,1,0.143,alel alte seno sigu tend uers
1051ATOD18.html,4,Domingo de la 18ª semana de Tiempo Ordinario,aleluya,"Mt 4,4b",Matthæus,1,1,0,,5,0,0.0,alel alte ombr pala uers
1052ATOD19.html,4,Domingo de la 19ª semana de Tiempo Ordinario,aleluya,"Sal 129,5",Psalmi,1,1,0,,6,0,0.0,alel alte espe pala seno uers
2001BAVD01.html,4,Domingo 1º de Adviento,aleluya,"Sal 84,8",Psalmi,1,1,0,,5,2,0.4,dano mues seno
2003BAVD03.html,2,Domingo 3º de Adviento,primera lectura,"Lc 1,46-48.49-50.53-54",Lucas,7,7,0,,0,0,,
2003BAVD03.html,4,Domingo 3º de Adviento,aleluya,"Lc 4,18",Lucas,1,1,0,,7,1,0.143,anun enui espi pobr seno sobr
2004BAVD04.html,4,Domingo 4º de Adviento,aleluya,"Lc 1,38",Lucas,1,1,0,,5,0,0.0,agas escl pala segu seno
2011TNAD02.html,4,2º Domingo después de Navidad,aleluya,"1 Tm 3,16",Ad Timotheum I,1,1,0,,6,2,0.333,crei cris paga proc
2012TEPIFA.html,4,Epifanía del Señor,aleluya,"Mt 2,2",Matthæus,1,1,0,,7,2,0.286,emos estr sali seno uist
2013BFBASE.html,4,Bautismo del Señor,aleluya,"Mc 9,7",Marcus,1,1,0,,5,0,0.0,abri amad ciel escu padr
2013BFBASE.html,7,Bautismo del Señor,primera lectura,"Is 12,2-3.4bcd.5-6",Isaias,5,5,0,,0,0,,
2014BCUD01.html,4,Primer domingo de Cuaresma,aleluya,"Mt 4,4b",Matthæus,1,1,0,,6,0,0.0,acla alel alte ombr pala uers
2020TFJUSA.html,4,Jueves santo — Misa de la cena del Señor,aleluya,"Jn 13,34",Joannes,1,1,0,,6,1,0.167,amad amei nueu otro seno
2022BVIPAS.html,9,Vigilia Pascual,tercera lectura,"Ex 15,1-2.3-4.5-6.17-18",Exodus,8,8,0,,0,0,,
2022BVIPAS.html,13,Vigilia Pascual,quinta lectura,"Is 12,2-3.4bcd.5-6",Isaias,5,5,0,,0,0,,
2022BVIPAS.html,18,Vigilia Pascual,septima lectura,"Is 12,2-3.4bcd.5-6",Isaias,5,5,0,,0,0,,
2023BPAD01.html,6,Domingo de Pascua,aleluya,"1 Co 5,7b-8a",Ad Corinthios I,2,2,0,,7,2,0.286,cele inmo nues seno uict
2026BPAD04.html,4,Cuarto domingo de Pascua,aleluya,"Jn 10,14",Joannes,1,1,0,,4,1,0.25,cono ouei seno
2027BPAD05.html,4,Quinto domingo de Pascua,aleluya,"Jn 15,4.5b",Joannes,2,2,0,,5,0,0.0,abun frut perm seno uoso
2028BPAD06.html,4,Sexto domingo de Pascua,aleluya,"Jn 14,23",Joannes,1,1,0,,6,0,0.0,amar guar padr pala seno uend
2028BPAD06.html,2,Séptimo domingo de Pascua,aleluya,"Jn 14,18",Joannes,1,1,0,,7,0,0.0,aleg cora deia seno uerf uuel uues
2029BFASCE.html,4,Séptimo domingo de Pascua,aleluya,"Jn 14,18",Joannes,1,1,0,,7,0,0.0,aleg cora deia seno uerf uuel uues
2030BPAD07.html,4,Séptimo domingo de Pascua,aleluya,"Jn 14,18",Joannes,1,1,0,,7,0,0.0,aleg cora deia seno uerf uuel uues
2032BFSATR.html,4,La Santísima Trinidad,aleluya,"Ap 1,8",Apocalypsis,1,1,0,,5,0,0.0,espi glor padr sant uien
2033BFCORP.html,4,Santísimo Cuerpo y Sangre de Cristo,aleluya,"Jn 6,51",Joannes,1,2,1,si,5,0,0.0,baia ciel seno siem uiui
2034BFSCDJ.html,2,El Sagrado Corazón de Jesús,primera lectura,"Is 12,2-3.4bcd.5-6",Isaias,5,5,0,,0,0,,
2034BFSCDJ.html,4,El Sagrado Corazón de Jesús,aleluya,"Mt 11,29ab",Matthæus,1,1,0,,6,1,0.167,apre carg cora mans seno
2034BFSCDJ.html,5,El Sagrado Corazón de Jesús,aleluya,"1 Jn 4,10b",Joannis I,1,1,0,,5,1,0.2,enui nues peca uict
2042BTOD09.html,4,Domingo de la 9ª semana de Tiempo Ordinario,aleluya,"Jn 17,17b",Joannes,1,1,0,,7,0,0.0,alel alte cons pala seno uerd uers
2051BTOD18.html,4,Domingo de la 18ª semana de Tiempo Ordinario,aleluya,"Mt 4,4b",Matthæus,1,1,0,,5,0,0.0,alel alte ombr pala uers
2053BTOD20.html,4,Domingo de la 20ª semana de Tiempo Ordinario,aleluya,"Jn 6,56",Joannes,1,1,0,,7,2,0.286,abit alel alte seno uers
2059BTOD26.html,4,Domingo de la 26ª semana de Tiempo Ordinario,aleluya,"Jn 17,17b",Joannes,1,1,0,,7,0,0.0,alel alte cons pala seno uerd uers
3001CAVD01.html,4,Domingo 1º de Adviento,aleluya,"Sal 84,8",Psalmi,1,1,0,,5,2,0.4,dano mues seno
3003CAVD03.html,2,Domingo 3º de Adviento,primera lectura,"Is 12,2-3.4bcd.5-6",Isaias,5,5,0,,0,0,,
3003CAVD03.html,4,Domingo 3º de Adviento,aleluya,"Lc 4,18",Lucas,1,1,0,,7,1,0.143,anun enui espi pobr seno sobr
3004CAVD04.html,4,Domingo 4º de Adviento,aleluya,"Lc 1,38",Lucas,1,1,0,,5,0,0.0,agas escl pala segu seno
3007TNSMDA.html,4,Natividad del Señor,aleluya,"Lc 2,14",Lucas,1,1,0,,5,1,0.2,ciel ombr seno tier
3009CFSAFA.html,9,La Sagrada Familia,aleluya,"Hch 16,14b",Actus Apostolorum,1,1,0,,5,0,0.0,abre acep cora pala seno
3011TNAD02.html,4,2º Domingo después de Navidad,aleluya,"1 Tm 3,16",Ad Timotheum I,1,1,0,,6,2,0.333,crei cris paga proc
3012TEPIFA.html,4,Epifanía del Señor,aleluya,"Mt 2,2",Matthæus,1,1,0,,7,2,0.286,emos estr sali seno uist
3013CFBASE.html,4,Bautismo del Señor,aleluya,"Mc 9,7",Marcus,1,1,0,,5,0,0.0,abri amad ciel escu padr
3013CFBASE.html,9,Bautismo del Señor,aleluya,"Lc 3,6",Lucas,1,1,0,,6,0,0.0,baut espi fueg pued sant uien
3014CCUD01.html,4,Primer domingo de Cuaresma,aleluya,"Mt 4,4b",Matthæus,1,1,0,,6,0,0.0,acla alel alte ombr pala uers
3020TFJUSA.html,4,Jueves santo — Misa de la cena del Señor,aleluya,"Jn 13,34",Joannes,1,1,0,,6,1,0.167,amad amei nueu otro seno
3022AVIPAS.html,9,Vigilia Pascual,tercera lectura,"Ex 15,1-2.3-4.5-6.17-18",Exodus,8,8,0,,0,0,,
3022AVIPAS.html,13,Vigilia Pascual,quinta lectura,"Is 12,2-3.4bcd.5-6",Isaias,5,5,0,,0,0,,
3022AVIPAS.html,18,Vigilia Pascual,septima lectura,"Is 12,2-3.4bcd.5-6",Isaias,5,5,0,,0,0,,
3023CPAD01.html,6,Domingo de Pascua,aleluya,"1 Co 5,7b-8a",Ad Corinthios I,2,2,0,,7,2,0.286,cele inmo nues seno uict
3026CPAD04.html,4,Cuarto domingo de Pascua,aleluya,"Jn 10,14",Joannes,1,1,0,,4,1,0.25,cono ouei seno
3027CPAD05.html,4,Quinto domingo de Pascua,aleluya,"Jn 13,34",Joannes,1,1,0,,6,1,0.167,amad amei nueu otro seno
3028CPAD06.html,4,Sexto domingo de Pascua,aleluya,"Jn 14,23",Joannes,1,1,0,,6,0,0.0,amar guar padr pala seno uend
3028CPAD06.html,2,Séptimo domingo de Pascua,aleluya,"Jn 4,18",Joannes,1,1,0,,7,0,0.0,aleg cora deia seno uerf uuel uues
3029CFASCE.html,4,Séptimo domingo de Pascua,aleluya,"Jn 4,18",Joannes,1,1,0,,7,0,0.0,aleg cora deia seno uerf uuel uues
3030CPAD07.html,4,Séptimo domingo de Pascua,aleluya,"Jn 14,18",Joannes,1,1,0,,7,0,0.0,aleg cora deia seno uerf uuel uues
3032CFSATR.html,4,La Santísima Trinidad,aleluya,"Ap 1,8",Apocalypsis,1,1,0,,5,0,0.0,espi glor padr sant uien
3033CFCORP.html,4,Santísimo Cuerpo y Sangre de Cristo,aleluya,"Jn 6,51",Joannes,1,2,1,si,6,0,0.0,baia ciel cien seno siem uiui
3034CFSCDJ.html,4,El sagrado Corazón de Jesús,aleluya,"Mt 11,29ab",Matthæus,1,1,0,,6,1,0.167,apre carg cora mans seno
3034CFSCDJ.html,5,El sagrado Corazón de Jesús,aleluya,"Jn 10,14",Joannes,1,1,0,,4,1,0.25,cono ouei seno
3035CTOD02.html,4,Domingo de la 2ª semana de Tiempo Ordinario,aleluya,"2 Ts 2,14",Ad Thessalonicenses II,1,1,0,,7,2,0.286,iesu lamo medi nues seno
3041CTOD08.html,2,Domingo de la 8ª semana de Tiempo Ordinario,salmo responsorial,"Sal 91,2-3.13-14.15-16",Psalmi,6,6,0,,0,0,,
3058CTOD25.html,4,Domingo de la 25ª semana de Tiempo Ordinario,aleluya,"2 Co 8,9",Ad Corinthios II,1,1,0,,7,0,0.0,alel alte enri iesu pobr sien uers
3059CTOD26.html,4,Domingo de la 26ª semana de Tiempo Ordinario,aleluya,"2 Co 8,9",Ad Corinthios II,1,1,0,,7,0,0.0,alel alte enri iesu pobr sien uers
4001ITOL01.html,3,Lunes de la 1ª semana de Tiempo Ordinario,aleluya,"Mc 1,15",Marcus,1,1,0,,6,1,0.167,cerc conu cree rein seno
4002ITOM01.html,3,Martes de la 1ª semana de Tiempo Ordinario,aleluya,"1 Ts 2,13",Ad Thessalonicenses I,1,1,0,,4,0,0.0,acog ombr pala uerd
4003ITOX01.html,3,Miércoles de la 1ª semana de Tiempo Ordinario,aleluya,"Jn 10,27",Joannes,1,1,0,,6,0,0.0,cono elas escu ouei seno sigu
4004ITOJ01.html,3,Jueves de la 1ª semana de Tiempo Ordinario,aleluya,"Mt 4,23",Matthæus,1,1,0,,7,2,0.286,cura dole proc pueb rein
4005ITOV01.html,3,Viernes de la 1ª semana de Tiempo Ordinario,aleluya,"Lc 7,16",Lucas,1,1,0,,6,2,0.333,entr noso pueb surg
4006ITOS01.html,3,Sábado de la 1ª semana de Tiempo Ordinario,aleluya,"Lc 4,18",Lucas,1,1,0,,7,1,0.143,anun caut enui libe pobr seno
4007ITOL02.html,3,Lunes de la 2ª semana de Tiempo Ordinario,aleluya,"Hb 4,12",Ad Hebræos,1,1,0,,6,1,0.167,cora dese efic iuzg pala
4009ITOX02.html,3,Miércoles de la 2ª semana de Tiempo Ordinario,aleluya,"Mt 4,23",Matthæus,1,1,0,,7,2,0.286,cura dole proc pueb rein
4010ITOJ02.html,3,Jueves de la 2ª semana de Tiempo Ordinario,aleluya,"2 Tm 1,10",Ad Timotheum II,1,1,0,,7,3,0.429,iesu medi muer nues
4012ITOS02.html,3,Sábado de la 2ª semana de Tiempo Ordinario,aleluya,"Hch 16,14b",Actus Apostolorum,1,1,0,,5,0,0.0,abre acep cora pala seno
4013ITOL03.html,3,Lunes de la 3ª semana de Tiempo Ordinario,aleluya,"2 Tm 1,10",Ad Timotheum II,1,1,0,,7,3,0.429,iesu medi muer nues
4014ITOM03.html,3,Martes de la 3ª semana de Tiempo Ordinario,aleluya,"Mt 11,25",Matthæus,1,1,0,,0,0,,
4016ITOJ03.html,3,Jueves de la 3ª semana de Tiempo Ordinario,aleluya,"Sal 118,105",Psalmi,1,1,0,,4,0,0.0,lamp pala paso send
4018ITOS03.html,2,Sábado de la 3ª semana de Tiempo Ordinario,primera lectura,"Lc 1,69-70.71-72.73-75",Lucas,7,7,0,,0,0,,
4019ITOL04.html,3,Lunes de la 4ª semana de Tiempo Ordinario,aleluya,"Lc 7,16",Lucas,1,1,0,,6,2,0.333,entr noso pueb surg
4020ITOM04.html,3,Martes de la 4ª semana de Tiempo Ordinario,aleluya,"Mt 8,17",Matthæus,1,1,0,,5,0,0.0,carg cris dole enfe nues
4021ITOX04.html,3,Miércoles de la 4ª semana de Tiempo Ordinario,aleluya,"Jn 10,27",Joannes,1,1,0,,6,0,0.0,cono elas escu ouei seno sigu
4022ITOJ04.html,3,Jueves de la 4ª semana de Tiempo Ordinario,aleluya,"Mc 1,15",Marcus,1,1,0,,6,1,0.167,cerc conu cree rein seno
4024ITOS04.html,3,Sábado de la 4ª semana de Tiempo Ordinario,aleluya,"Jn 10,27",Joannes,1,1,0,,6,0,0.0,cono elas escu ouei seno sigu
4025ITOL05.html,3,Lunes de la 5ª semana de Tiempo Ordinario,aleluya,"Mt 4,23",Matthæus,1,1,0,,7,2,0.286,cura dole proc pueb rein
4026ITOM05.html,3,Martes de la 5ª semana de Tiempo Ordinario,aleluya,"Sal 118,36a.29b",Psalmi,2,2,0,,6,1,0.167,cora grac prec seno uolu
4027ITOX05.html,3,Miércoles de la 5ª semana de Tiempo Ordinario,aleluya,"Jn 17,17b",Joannes,1,1,0,,4,0,0.0,cons pala seno uerd
4028ITOJ05.html,3,Jueves de la 5ª semana de Tiempo Ordinario,aleluya,"St 1,21bc",Jacobi,1,1,0,,6,1,0.167,acep capa doci pala plan
4029ITOV05.html,3,Viernes de la 5ª semana de Tiempo Ordinario,aleluya,"Hch 16,14b",Actus Apostolorum,1,1,0,,5,0,0.0,abre acep cora pala seno
4030ITOS05.html,3,Sábado de la 5ª semana de Tiempo Ordinario,aleluya,"Mt 4,4b",Matthæus,1,1,0,,2,0,0.0,ombr pala
4031ITOL06.html,3,Lunes de la 6ª semana de Tiempo Ordinario,aleluya,"Jn 14,6",Joannes,1,1,0,,5,0,0.0,cami nadi padr seno uerd
4032ITOM06.html,3,Martes de la 6ª semana de Tiempo Ordinario,aleluya,"Jn 14,23",Joannes,1,1,0,,6,0,0.0,amar guar padr pala seno uend
4034ITOJ06.html,3,Jueves de la 6ª semana de Tiempo Ordinario,aleluya,"Jn 6,63c.68c",Joannes,2,2,0,,5,1,0.2,espi pala seno tien
4035ITOV06.html,3,Viernes de la 6ª semana de Tiempo Ordinario,aleluya,"Jn 15,15b",Joannes,1,1,0,,7,0,0.0,amig cono lamo padr porc seno uoso
4036ITOS06.html,3,Sábado de la 6ª semana de Tiempo Ordinario,aleluya,"Mc 9,7",Marcus,1,1,0,,5,0,0.0,abri amad ciel escu padr
4037ITOL07.html,3,Lunes de la 7ª semana de Tiempo Ordinario,aleluya,"2 Tm 1,10",Ad Timotheum II,1,1,0,,7,3,0.429,iesu medi muer nues
4038ITOM07.html,3,Martes de la 7ª semana de Tiempo Ordinario,aleluya,"Ga 6,14",Ad Galatas,1,1,0,,5,3,0.6,libr seno
4039ITOX07.html,3,Miércoles de la 7ª semana de Tiempo Ordinario,aleluya,"Jn 14,6",Joannes,1,1,0,,5,0,0.0,cami nadi padr seno uerd
4040ITOJ07.html,3,Jueves de la 7ª semana de Tiempo Ordinario,aleluya,"1 Ts 2,13",Ad Thessalonicenses I,1,1,0,,4,0,0.0,acog ombr pala uerd
4041ITOV07.html,3,Viernes de la 7ª semana de Tiempo Ordinario,aleluya,"Jn 17,17b",Joannes,1,1,0,,4,0,0.0,cons pala seno uerd
4043ITOL08.html,3,Lunes de la 8ª semana de Tiempo Ordinario,aleluya,"2 Co 8,9",Ad Corinthios II,1,1,0,,4,0,0.0,enri iesu pobr sien
4045ITOX08.html,3,Miércoles de la 8ª semana de Tiempo Ordinario,aleluya,"Mc 10,45",Marcus,1,1,0,,5,1,0.2,ombr resc seru todo
4046ITOJ08.html,3,Jueves de la 8ª semana de Tiempo Ordinario,aleluya,"Jn 8,12b",Joannes,1,1,0,,4,1,0.25,seno sigu tend
4047TOV08.html,3,Viernes de la 8ª semana de Tiempo Ordinario,aleluya,"Jn 15,16",Joannes,1,1,0,,6,1,0.167,frut mund seno uaia uues
4051ITOX09.html,3,Miércoles de la 9ª semana de Tiempo Ordinario,aleluya,"Jn 11,25a.26",Joannes,2,2,0,,4,2,0.5,seno siem
4052ITOJ09.html,3,Jueves de la 9ª semana de Tiempo Ordinario,aleluya,"2 Tm 1,10",Ad Timotheum II,1,1,0,,7,3,0.429,iesu medi muer nues
4053ITOV09.html,3,Viernes de la 9ª semana de Tiempo Ordinario,aleluya,"Jn 14,23",Joannes,1,1,0,,6,0,0.0,amar guar padr pala seno uend
4054ITOS09.html,2,Sábado de la 9ª semana de Tiempo Ordinario,primera lectura,"Tb 13,2.6.7.8",Tobiæ,4,4,0,,0,0,,
4054ITOS09.html,3,Sábado de la 9ª semana de Tiempo Ordinario,aleluya,"Mt 5,3",Matthæus,1,1,0,,7,0,0.0,ciel dico elos espi pobr porc rein
4056ITOM10.html,3,Martes de la 10ª semana de Tiempo Ordinario,aleluya,"Mt 5,16",Matthæus,1,1,0,,7,1,0.143,alum buen obra ombr padr uues
4057ITOX10.html,3,Miércoles de la 10ª semana de Tiempo Ordinario,aleluya,"Sal 24,4b.5a",Psalmi,2,2,0,,4,0,0.0,cami inst leal send
4058ITOJ10.html,3,Jueves de la 10ª semana de Tiempo Ordinario,aleluya,"Jn 13,34",Joannes,1,1,0,,6,1,0.167,amad amei nueu otro seno
4059ITOV10.html,3,Viernes de la 10ª semana de Tiempo Ordinario,aleluya,"Flp 2,15d.16a",Ad Philippenses,2,2,0,,6,1,0.167,bril lumb most razo uiui
4060ITOS10.html,3,Sábado de la 10ª semana de Tiempo Ordinario,aleluya,"Sal 118,36a.29b",Psalmi,2,2,0,,6,1,0.167,cora grac prec seno uolu
4061ITOL11.html,3,Lunes de la 11ª semana de Tiempo Ordinario,aleluya,"Sal 118,105",Psalmi,1,1,0,,4,0,0.0,lamp pala paso send
4062ITOM11.html,3,Martes de la 11ª semana de Tiempo Ordinario,aleluya,"Jn 13,34",Joannes,1,1,0,,6,1,0.167,amad amei nueu otro seno
4063ITOX11.html,3,Miércoles de la 11ª semana de Tiempo Ordinario,aleluya,"Jn 14,23",Joannes,1,1,0,,6,0,0.0,amar guar padr pala seno uend
4064TOJ11.html,3,Jueves de la 11ª semana de Tiempo Ordinario,aleluya,"Rm 8,15bc",Ad Romanos,1,1,0,,7,1,0.143,abei espi grit iios padr reci
4065ITOV11.html,3,Viernes de la 11ª semana de Tiempo Ordinario,aleluya,"Mt 5,3",Matthæus,1,1,0,,7,0,0.0,ciel dico elos espi pobr porc rein
4066ITOS11.html,3,Sábado de la 11ª semana de Tiempo Ordinario,aleluya,"2 Co 8,9",Ad Corinthios II,1,1,0,,4,0,0.0,enri iesu pobr sien
4067ITOL12.html,3,Lunes de la 12ª semana de Tiempo Ordinario,aleluya,"Hb 4,12",Ad Hebræos,1,1,0,,6,1,0.167,cora dese efic iuzg pala
4068ITOM12.html,3,Martes de la 12ª semana de Tiempo Ordinario,aleluya,"Jn 8,12b",Joannes,1,1,0,,4,1,0.25,seno sigu tend
4069ITOX12.html,3,Miércoles de la 12ª semana de Tiempo Ordinario,aleluya,"Jn 15,4a.5b",Joannes,2,2,0,,5,0,0.0,abun frut perm seno uoso
4070ITOJ12.html,3,Jueves de la 12ª semana de Tiempo Ordinario,aleluya,"Jn 14,23",Joannes,1,1,0,,6,0,0.0,amar guar padr pala seno uend
4071ITOV12.html,3,Viernes de la 12ª semana de Tiempo Ordinario,aleluya,"Mt 8,17",Matthæus,1,1,0,,5,0,0.0,carg cris dole enfe nues
4072ITOS12.html,2,Sábado de la 12ª semana de Tiempo Ordinario,primera lectura,"Lc 1,46-47.48-49.50.53.54-55",Lucas,8,8,0,,0,0,,
4072ITOS12.html,3,Sábado de la 12ª semana de Tiempo Ordinario,aleluya,"Mt 8,17",Matthæus,1,1,0,,5,0,0.0,carg cris dole enfe nues
4073ITOL13.html,3,Lunes de la 13ª semana de Tiempo Ordinario,aleluya,"Sal 94,8ab",Psalmi,1,1,0,,5,0,0.0,cora endu escu seno uues
4074ITOM13.html,3,Martes de la 13ª semana de Tiempo Ordinario,aleluya,"Sal 129,5",Psalmi,1,1,0,,3,0,0.0,espe pala seno
4077ITOV13.html,3,Viernes de la 13ª semana de Tiempo Ordinario,aleluya,"Mt 11,28",Matthæus,1,1,0,,7,1,0.143,agob aliu cans esta seno todo
4078ITOS13.html,3,Sábado de la 13ª semana de Tiempo Ordinario,aleluya,"Jn 10,27",Joannes,1,1,0,,6,0,0.0,cono elas escu ouei seno sigu
4079ITOL14.html,3,Lunes de la 14ª semana de Tiempo Ordinario,aleluya,"2 Tm 1,10",Ad Timotheum II,1,1,0,,7,2,0.286,iesu medi muer nues seno
4080ITOM14.html,3,Martes de la 14ª semana de Tiempo Ordinario,aleluya,"Jn 10,14",Joannes,1,1,0,,4,1,0.25,cono ouei seno
4081ITOX14.html,3,Miércoles de la 14ª semana de Tiempo Ordinario,aleluya,"Mc 1,15",Marcus,1,1,0,,6,1,0.167,cerc conu cree rein seno
4082ITOJ14.html,3,Jueves de la 14ª semana de Tiempo Ordinario,aleluya,"Mc 1,15",Marcus,1,1,0,,6,1,0.167,cerc conu cree rein seno
4086ITOM15.html,3,Martes de la 15ª semana de Tiempo Ordinario,aleluya,"Sal 94,8ab",Psalmi,1,1,0,,5,0,0.0,cora endu escu seno uues
4088ITOJ15.html,3,Jueves de la 15ª semana de Tiempo Ordinario,aleluya,"Mt 11,28",Matthæus,1,1,0,,7,1,0.143,agob aliu cans esta seno todo
4089ITOV15.html,3,Viernes de la 15ª semana de Tiempo Ordinario,aleluya,"Jn 10,27",Joannes,1,1,0,,6,0,0.0,cono elas escu ouei seno sigu
4091ITOL16.html,3,Documento sin título,aleluya,"Sal 94,8ab",Psalmi,1,1,0,,5,0,0.0,cora endu escu seno uues
4092ITOM16.html,3,Martes de la 16ª semana de Tiempo Ordinario,aleluya,"Jn 14,23",Joannes,1,1,0,,6,0,0.0,amar guar padr pala seno uend
4096ITOS16.html,3,Sábado de la 16ª semana de Tiempo Ordinario,aleluya,"St 1,21bc",Jacobi,1,1,0,,6,1,0.167,acep capa doci pala plan
4099ITOX17.html,3,Miércoles de la 17ª semana de Tiempo Ordinario,aleluya,"Jn 15,15b",Joannes,1,1,0,,7,0,0.0,amig cono lamo padr porc seno uoso
4100ITOJ17.html,3,Jueves de la 17ª semana de Tiempo Ordinario,aleluya,"Hch 16,14b",Actus Apostolorum,1,1,0,,5,0,0.0,abre acep cora pala seno
4101ITOV17.html,3,Viernes de la 17ª semana de Tiempo Ordinario,aleluya,"1 P 1,25",Petri I,1,1,0,,6,1,0.167,anun pala perm seno siem
4103ITOL18.html,3,Lunes de la 18ª semana de Tiempo Ordinario,aleluya,"Mt 4,4b",Matthæus,1,1,0,,2,0,0.0,ombr pala
4104ITOM18.html,3,Martes de la 18ª semana de Tiempo Ordinario,aleluya,"Jn 1,49b",Joannes,1,1,0,,1,1,1.0,
4105ITOX18.html,3,Miércoles de la 18ª semana de Tiempo Ordinario,aleluya,"Lc 7,16",Lucas,1,1,0,,6,2,0.333,entr noso pueb surg
4108ITOS18.html,3,Sábado de la 18ª semana de Tiempo Ordinario,aleluya,"2 Tm 1,10",Ad Timotheum II,1,1,0,,7,3,0.429,iesu medi muer nues
4109ITOL19.html,3,Lunes de la 19ª semana de Tiempo Ordinario,aleluya,"2 Ts 2,14",Ad Thessalonicenses II,1,1,0,,7,2,0.286,iesu lamo medi nues seno
4110ITOM19.html,3,Martes de la 19ª semana de Tiempo Ordinario,aleluya,"Mt 11,29ab",Matthæus,1,1,0,,6,1,0.167,apre carg cora mans seno
4112ITOJ19.html,3,Jueves de la 19ª semana de Tiempo Ordinario,aleluya,"Sal 118,135",Psalmi,1,1,0,,6,0,0.0,bril ense leie rost sier sobr
4113ITOV19.html,3,Viernes de la 19ª semana de Tiempo Ordinario,aleluya,"1 Ts 2,13",Ad Thessalonicenses I,1,1,0,,4,0,0.0,acog ombr pala uerd
4115ITOL20.html,3,Lunes de la 20ª semana de Tiempo Ordinario,aleluya,"Mt 5,3",Matthæus,1,1,0,,7,0,0.0,ciel dico elos espi pobr porc rein
4116ITOM20.html,3,Martes de la 20ª semana de Tiempo Ordinario,aleluya,"2 Co 8,9",Ad Corinthios II,1,1,0,,4,0,0.0,enri iesu pobr sien
4117ITOX20.html,3,Miércoles de la 20ª semana de Tiempo Ordinario,aleluya,"Hb 4,12",Ad Hebræos,1,1,0,,6,1,0.167,cora dese efic iuzg pala
4118ITOJ20.html,3,Jueves de la 20ª semana de Tiempo Ordinario,aleluya,"Sal 94,8ab",Psalmi,1,1,0,,5,0,0.0,cora endu escu seno uues
4119ITOV20.html,3,Viernes de la 20ª semana de Tiempo Ordinario,aleluya,"Sal 24,4b.5a",Psalmi,2,2,0,,4,0,0.0,cami inst leal send
4120ITOS20.html,3,Sábado de la 20ª semana de Tiempo Ordinario,aleluya,"Mt 23,9b.10b",Matthæus,2,2,0,,5,1,0.2,ciel cons padr uues
4121ITOL21.html,3,Lunes de la 21ª semana de Tiempo Ordinario,aleluya,"Jn 10,27",Joannes,1,1,0,,6,0,0.0,cono elas escu ouei seno sigu
4122ITOM21.html,3,Martes de la 21ª semana de Tiempo Ordinario,aleluya,"Hb 4,12",Ad Hebræos,1,1,0,,6,1,0.167,cora dese efic iuzg pala
4123ITOX21.html,3,Miércoles de la 21ª semana de Tiempo Ordinario,aleluya,"1 Jn 2,5",Joannis I,1,1,0,,7,0,0.0,cien cier cris guar lega pala plen
4124ITOJ21.html,3,Jueves de la 21ª semana de Tiempo Ordinario,aleluya,"Mt 24,42a.44",Matthæus,2,2,0,,7,0,0.0,esta meno ombr pens porc prep uien
4125ITOV21.html,3,Viernes de la 21ª semana de Tiempo Ordinario,aleluya,"Lc 21,36",Lucas,1,1,0,,7,0,0.0,desp esta fuer mant ombr pidi siem
4126ITOS21.html,3,Sábado de la 21ª semana de Tiempo Ordinario,aleluya,"Jn 13,34",Joannes,1,1,0,,6,1,0.167,amad amei nueu otro seno
4127ITOL22.html,3,Lunes de la 22ª semana de Tiempo Ordinario,aleluya,"Lc 4,18",Lucas,1,1,0,,7,1,0.143,anun enui espi pobr seno sobr
4128ITOM22.html,3,Martes de la 22ª semana de Tiempo Ordinario,aleluya,"Lc 7,16",Lucas,1,1,0,,6,2,0.333,entr noso pueb surg
4129ITOX22.html,3,Miércoles de la 22ª semana de Tiempo Ordinario,aleluya,"Lc 4,18",Lucas,1,1,0,,7,1,0.143,anun caut enui libe pobr seno
4130ITOJ22.html,3,Jueves de la 22ª semana de Tiempo Ordinario,aleluya,"Mt 4,19",Matthæus,1,1,0,,5,1,0.2,ombr pesc segu seno
4131ITOV22.html,3,Viernes de la 22ª semana de Tiempo Ordinario,aleluya,"Jn 8,12b",Joannes,1,1,0,,4,1,0.25,seno sigu tend
4132ITOS22.html,3,Sábado de la 22ª semana de Tiempo Ordinario,aleluya,"Jn 14,6",Joannes,1,1,0,,5,0,0.0,cami nadi padr seno uerd
4133ITOL23.html,3,Lunes de la 23ª semana de Tiempo Ordinario,aleluya,"Jn 10,27",Joannes,1,1,0,,6,0,0.0,cono elas escu ouei seno sigu
4134ITOM23.html,3,Martes de la 23ª semana de Tiempo Ordinario,aleluya,"Jn 15,16",Joannes,1,1,0,,6,1,0.167,frut mund seno uaia uues
4136ITOJ23.html,3,Jueves de la 23ª semana de Tiempo Ordinario,aleluya,"1 Jn 4,12",Joannis I,1,1,0,,6,0,0.0,amam lega noso otro perm plen
4137ITOV23.html,3,Viernes de la 23ª semana de Tiempo Ordinario,aleluya,"Jn 17,17b",Joannes,1,1,0,,4,0,0.0,cons pala seno uerd
4138ITOS23.html,3,Sábado de la 23ª semana de Tiempo Ordinario,aleluya,"Jn 14,23",Joannes,1,1,0,,6,0,0.0,amar guar padr pala seno uend
4139ITOL24.html,3,Lunes de la 24ª semana de Tiempo Ordinario,aleluya,"Jn 3,16",Joannes,1,1,0,,6,2,0.333,entr tant tien unic
4140ITOM24.html,3,Martes de la 24ª semana de Tiempo Ordinario,aleluya,"Lc 7,16",Lucas,1,1,0,,6,2,0.333,entr noso pueb surg
4141ITOX24.html,3,Miércoles de la 24ª semana de Tiempo Ordinario,aleluya,"Jn 6,63c.68c",Joannes,2,2,0,,5,1,0.2,espi pala seno tien
4142ITOJ24.html,3,Jueves de la 24ª semana de Tiempo Ordinario,aleluya,"Mt 11,28",Matthæus,1,1,0,,7,1,0.143,agob aliu cans esta seno todo
4145ITOL25.html,3,Lunes de la 25ª semana de Tiempo Ordinario,aleluya,"Mt 5,16",Matthæus,1,1,0,,7,1,0.143,alum buen obra ombr padr uues
4146ITOM25.html,3,Martes de la 25ª semana de Tiempo Ordinario,aleluya,"Lc 11,28",Lucas,1,1,0,,4,0,0.0,cump dico escu pala
4147ITOX25.html,2,Miércoles de la 25ª semana de Tiempo Ordinario,primera lectura,"Tb 13,2.4.6.7",Tobiæ,4,4,0,,0,0,,
4147ITOX25.html,3,Miércoles de la 25ª semana de Tiempo Ordinario,aleluya,"Mc 1,15",Marcus,1,1,0,,6,1,0.167,cerc conu cree rein seno
4148ITOJ25.html,3,Jueves de la 25ª semana de Tiempo Ordinario,aleluya,"Jn 14,6",Joannes,1,1,0,,5,0,0.0,cami nadi padr seno uerd
4149ITOV25.html,3,Viernes de la 25ª semana de Tiempo Ordinario,aleluya,"Mc 10,45",Marcus,1,1,0,,5,1,0.2,ombr resc seru todo
4150ITOS25.html,2,Sábado de la 25ª semana de Tiempo Ordinario,primera lectura,"Jr 31,10.11-12ab.13",Jeremias,4,4,0,,0,0,,
4150ITOS25.html,3,Sábado de la 25ª semana de Tiempo Ordinario,aleluya,"2 Tm 1,10",Ad Timotheum II,1,1,0,,7,3,0.429,iesu medi muer nues
4151ITOL26.html,3,Lunes de la 26ª semana de Tiempo Ordinario,aleluya,"Mc 10,45",Marcus,1,1,0,,5,1,0.2,ombr resc seru todo
4152ITOM26.html,3,Martes de la 26ª semana de Tiempo Ordinario,aleluya,"Mc 10,45",Marcus,1,1,0,,5,1,0.2,ombr resc seru todo
4153ITOX26.html,3,Miércoles de la 26ª semana de Tiempo Ordinario,aleluya,"Flp 3,8-9",Ad Philippenses,2,2,0,,6,2,0.333,basu esti gana perd
4154ITOJ26.html,3,Jueves de la 26ª semana de Tiempo Ordinario,aleluya,"Mc 1,15",Marcus,1,1,0,,6,1,0.167,cerc conu cree rein seno
4155ITOV26.html,3,Viernes de la 26ª semana de Tiempo Ordinario,aleluya,"Sal 94,8ab",Psalmi,1,1,0,,5,0,0.0,cora endu escu seno uues
4157ITOL27.html,2,Lunes de la 27ª semana de Tiempo Ordinario,primera lectura,"Jon 2,3.4.5.8",Jonas,4,4,0,,0,0,,
4157ITOL27.html,3,Lunes de la 27ª semana de Tiempo Ordinario,aleluya,"Jn 13,14",Joannes,1,1,0,,6,0,0.0,amad amei mand nueu otro seno
4158ITOM27.html,3,Martes de la 27ª semana de Tiempo Ordinario,aleluya,"Lc 11,28",Lucas,1,1,0,,4,0,0.0,cump dico escu pala
4159ITOX27.html,3,Miércoles de la 27ª semana de Tiempo Ordinario,aleluya,"Rm 8,15bc",Ad Romanos,1,1,0,,7,1,0.143,abei espi grit iios padr reci
4160ITOJ27.html,3,Jueves de la 27ª semana de Tiempo Ordinario,aleluya,"Hch 16,14b",Actus Apostolorum,1,1,0,,5,0,0.0,abre acep cora pala seno
4162ITOS27.html,3,Sábado de la 27ª semana de Tiempo Ordinario,aleluya,"Lc 11,28",Lucas,1,1,0,,4,0,0.0,cump dico escu pala
4163ITOL28.html,3,Lunes de la 28ª semana de Tiempo Ordinario,aleluya,"Sal 94,8ab",Psalmi,1,1,0,,5,0,0.0,cora endu escu seno uues
4164ITOM28.html,3,Martes de la 28ª semana de Tiempo Ordinario,aleluya,"Hb 4,12",Ad Hebræos,1,1,0,,6,1,0.167,cora dese efic iuzg pala
4165ITOX28.html,3,Miércoles de la 28ª semana de Tiempo Ordinario,aleluya,"Jn 10,27",Joannes,1,1,0,,6,0,0.0,cono elas escu ouei seno sigu
4166ITOJ28.html,3,Jueves de la 28ª semana de Tiempo Ordinario,aleluya,"Jn 14,6",Joannes,1,1,0,,5,0,0.0,cami nadi padr seno uerd
4167ITOV28.html,3,Viernes de la 28ª semana de Tiempo Ordinario,aleluya,"Sal 32,22",Psalmi,1,1,0,,6,1,0.167,espe noso seno sobr ueng
4168ITOS28.html,3,Sábado de la 28ª semana de Tiempo Ordinario,aleluya,"Jn 15,26b.27a",Joannes,2,2,0,,7,1,0.143,dare espi seno tamb uerd uoso
4169ITOL29.html,2,Lunes de la 29ª semana de Tiempo Ordinario,primera lectura,"Lc 1,69-70.71-72.73-75",Lucas,7,7,0,,0,0,,
4169ITOL29.html,3,Lunes de la 29ª semana de Tiempo Ordinario,aleluya,"Mt 5,3",Matthæus,1,1,0,,7,0,0.0,ciel dico elos espi pobr porc rein
4170ITOM29.html,3,Martes de la 29ª semana de Tiempo Ordinario,aleluya,"Lc 21,36",Lucas,1,1,0,,7,0,0.0,desp esta fuer mant ombr pidi siem
4171ITOX29.html,3,Miércoles de la 29ª semana de Tiempo Ordinario,aleluya,"Mt 24,42a.44",Matthæus,2,2,0,,7,0,0.0,esta meno ombr pens porc prep uien
4172ITOJ29.html,3,Jueves de la 29ª semana de Tiempo Ordinario,aleluya,"Flp 3,8-9",Ad Philippenses,2,2,0,,6,2,0.333,basu esti gana perd
4174ITOS29.html,3,Sábado de la 29ª semana de Tiempo Ordinario,aleluya,"Ez 33,11",Ezechiel,1,1,0,,6,0,0.0,camb cier cond malu muer seno
4175ITOL30.html,3,Lunes de la 30ª semana de Tiempo Ordinario,aleluya,"Jn 17,17b",Joannes,1,1,0,,4,0,0.0,cons pala seno uerd
4177ITOX30.html,3,Miércoles de la 30ª semana de Tiempo Ordinario,aleluya,"2 Ts 2,14",Ad Thessalonicenses II,1,1,0,,7,2,0.286,iesu lamo medi nues seno
4178ITOJ30.html,3,Jueves de la 30ª semana de Tiempo Ordinario,aleluya,"Lc 19,38",Lucas,1,1,0,,6,1,0.167,bend ciel nomb seno uien
4179ITOV30.html,3,Viernes de la 30ª semana de Tiempo Ordinario,aleluya,"Jn 10,27",Joannes,1,1,0,,6,0,0.0,cono elas escu ouei seno sigu
4180ITOS30.html,3,Sábado de la 30ª semana de Tiempo Ordinario,aleluya,"Mt 11,29ab",Matthæus,1,1,0,,6,1,0.167,apre carg cora mans seno
4181ITOL31.html,3,Lunes de la 31ª semana de Tiempo Ordinario,aleluya,"Jn 8,31b-32",Joannes,2,2,0,,7,1,0.143,cono mant pala seno sere uerd
4182ITOM31.html,3,Martes de la 31ª semana de Tiempo Ordinario,aleluya,"Mt 11,28",Matthæus,1,1,0,,7,1,0.143,agob aliu cans esta seno todo
4184ITOJ31.html,3,Jueves de la 31ª semana de Tiempo Ordinario,aleluya,"Mt 11,28",Matthæus,1,1,0,,7,1,0.143,agob aliu cans esta seno todo
4185ITOV31.html,3,Viernes de la 31ª semana de Tiempo Ordinario,aleluya,"1 Jn 2,5",Joannis I,1,1,0,,7,0,0.0,cien cier cris guar lega pala plen
4186ITOS31.html,3,Sábado de la 31ª semana de Tiempo Ordinario,aleluya,"2 Co 8,9",Ad Corinthios II,1,1,0,,4,0,0.0,enri iesu pobr sien
4187ITOL32.html,3,Lunes de la 32ª semana de Tiempo Ordinario,aleluya,"Flp 2,15d.16a",Ad Philippenses,2,2,0,,6,1,0.167,bril lumb most razo uiui
4188ITOM32.html,3,Martes de la 32ª semana de Tiempo Ordinario,aleluya,"Jn 14,23",Joannes,1,1,0,,6,0,0.0,amar guar padr pala seno uend
4189ITOX32.html,3,Miércoles de la 32ª semana de Tiempo Ordinario,aleluya,"1 Ts 5,18",Ad Thessalonicenses I,1,1,0,,7,2,0.286,grac iesu ocas resp uoso
4190ITOJ32.html,3,Jueves de la 32ª semana de Tiempo Ordinario,aleluya,"Jn 15,5",Joannes,1,1,0,,6,0,0.0,abun frut perm sarm seno uoso
4191ITOV32.html,3,Viernes de la 32ª semana de Tiempo Ordinario,aleluya,"Lc 21,28",Lucas,1,1,0,,6,1,0.167,acer alza cabe libe uues
4192ITOS32.html,3,Sábado de la 32ª semana de Tiempo Ordinario,aleluya,"2 Ts 2,14",Ad Thessalonicenses II,1,1,0,,7,2,0.286,iesu lamo medi nues seno
4193ITOL33.html,3,Lunes de la 33ª semana de Tiempo Ordinario,aleluya,"Jn 8,12b",Joannes,1,1,0,,4,1,0.25,seno sigu tend
4194ITOM33.html,3,Martes de la 33ª semana de Tiempo Ordinario,aleluya,"1 Jn 4,10b",Joannis I,1,1,0,,5,1,0.2,enui nues peca uict
4195ITOX33.html,3,Miércoles de la 33ª semana de Tiempo Ordinario,aleluya,"Jn 15,16",Joannes,1,1,0,,6,1,0.167,frut mund seno uaia uues
4196ITOJ33.html,3,Jueves de la 33ª semana de Tiempo Ordinario,aleluya,"Sal 94,8ab",Psalmi,1,1,0,,5,0,0.0,cora endu escu seno uues
4197ITOV33.html,2,Viernes de la 33ª semana de Tiempo Ordinario,primera lectura,"1 Cro 29,10.11abc.11d-12a.12bcd",Paralipomenon I,3,3,0,,0,0,,
4197ITOV33.html,3,Viernes de la 33ª semana de Tiempo Ordinario,aleluya,"Jn 10,27",Joannes,1,1,0,,6,0,0.0,cono elas escu ouei seno sigu
4198ITOS33.html,3,Sábado de la 33ª semana de Tiempo Ordinario,aleluya,"2 Tm 1,10",Ad Timotheum II,1,1,0,,7,3,0.429,iesu medi muer nues
4199ITOL34.html,2,Lunes de la 34ª semana de Tiempo Ordinario,primera lectura,"Dn 3,52.53.54.55.56",Daniel,5,5,0,,0,0,,
4199ITOL34.html,3,Lunes de la 34ª semana de Tiempo Ordinario,aleluya,"Mt 24,42a.44",Matthæus,2,2,0,,7,0,0.0,esta meno ombr pens porc prep uien
4200ITOM34.html,2,Martes de la 34ª semana de Tiempo Ordinario,primera lectura,"Dn 3,57.58.59.60.61",Daniel,5,5,0,,0,0,,
4200ITOM34.html,3,Martes de la 34ª semana de Tiempo Ordinario,aleluya,"Ap 2,10c",Apocalypsis,1,1,0,,4,1,0.25,asta muer seno
4201ITOX34.html,2,Miércoles de la 34ª semana de Tiempo Ordinario,primera lectura,"Dn 3,62.63.64.65.66.67",Daniel,6,6,0,,0,0,,
4201ITOX34.html,3,Miércoles de la 34ª semana de Tiempo Ordinario,aleluya,"Ap 2,10c",Apocalypsis,1,1,0,,4,1,0.25,asta muer seno
4202ITOJ34.html,2,Jueves de la 34ª semana de Tiempo Ordinario,primera lectura,"Dn 3,68.69.70.71.72.73.74",Daniel,7,7,0,,0,0,,
4202ITOJ34.html,3,Jueves de la 34ª semana de Tiempo Ordinario,aleluya,"Lc 21,28",Lucas,1,1,0,,6,1,0.167,acer alza cabe libe uues
4203ITOV34.html,2,Viernes de la 34ª semana de Tiempo Ordinario,primera lectura,"Dn 3,75.76.77.78.79.80.81",Daniel,7,7,0,,0,0,,
4203ITOV34.html,3,Viernes de la 34ª semana de Tiempo Ordinario,aleluya,"Lc 21,28",Lucas,1,1,0,,6,1,0.167,acer alza cabe libe uues
4204ITOS34.html,2,Sábado de la 34ª semana de Tiempo Ordinario,primera lectura,"Dn 3,82.83.84.85.86.87",Daniel,6,6,0,,0,0,,
4204ITOS34.html,3,Sábado de la 34ª semana de Tiempo Ordinario,aleluya,"Lc 21,36",Lucas,1,1,0,,7,0,0.0,desp esta fuer mant ombr pidi siem
4205PTOL01.html,3,Lunes de la 1ª semana de Tiempo Ordinario,aleluya,"Mc 1,15",Marcus,1,1,0,,6,1,0.167,cerc conu cree rein seno
4206PTOM01.html,2,Martes de la 1ª semana de Tiempo Ordinario,primera lectura,"1 S 2,1.4-5.6-7.8abcd",Regum I,6,6,0,,0,0,,
4206PTOM01.html,3,Martes de la 1ª semana de Tiempo Ordinario,aleluya,"1 Ts 2,13",Ad Thessalonicenses I,1,1,0,,4,0,0.0,acog ombr pala uerd
4207PTOX01.html,3,Miércoles de la 1ª semana de Tiempo Ordinario,aleluya,"Jn 10,27",Joannes,1,1,0,,6,0,0.0,cono elas escu ouei seno sigu
4208PTOJ01.html,3,Jueves de la 1ª semana de Tiempo Ordinario,aleluya,"Mt 4,23",Matthæus,1,1,0,,7,2,0.286,cura dole proc pueb rein
4209PTOV01.html,3,Viernes de la 1ª semana de Tiempo Ordinario,aleluya,"Lc 7,16",Lucas,1,1,0,,6,2,0.333,entr noso pueb surg
4210PTOS01.html,3,Sábado de la 1ª semana de Tiempo Ordinario,aleluya,"Lc 4,18",Lucas,1,1,0,,7,1,0.143,anun caut enui libe pobr seno
4211PTOL02.html,3,Lunes de la 2ª semana de Tiempo Ordinario,aleluya,"Hb 4,12",Ad Hebræos,1,1,0,,6,1,0.167,cora dese efic iuzg pala
4213PTOX02.html,3,Miércoles de la 2ª semana de Tiempo Ordinario,aleluya,"Mt 4,23",Matthæus,1,1,0,,7,2,0.286,cura dole proc pueb rein
4214PTOJ02.html,3,Jueves de la 2ª semana de Tiempo Ordinario,aleluya,"2 Tm 1,10",Ad Timotheum II,1,1,0,,7,3,0.429,iesu medi muer nues
4216PTOS02.html,3,Sábado de la 2ª semana de Tiempo Ordinario,aleluya,"Hch 16,14b",Actus Apostolorum,1,1,0,,5,0,0.0,abre acep cora pala seno
4217PTOL03.html,3,Lunes de la 3ª semana de Tiempo Ordinario,aleluya,"2 Tm 1,10",Ad Timotheum II,1,1,0,,7,3,0.429,iesu medi muer nues
4220PTOJ03.html,3,Jueves de la 3ª semana de Tiempo Ordinario,aleluya,"Sal 118,105",Psalmi,1,1,0,,4,0,0.0,lamp pala paso send
4223PTOL04.html,3,Lunes de la 4ª semana de Tiempo Ordinario,aleluya,"Lc 7,16",Lucas,1,1,0,,6,2,0.333,entr noso pueb surg
4224PTOM04.html,3,Martes de la 4ª semana de Tiempo Ordinario,aleluya,"Mt 8,17",Matthæus,1,1,0,,5,0,0.0,carg cris dole enfe nues
4225PTOX04.html,3,Miércoles de la 4ª semana de Tiempo Ordinario,aleluya,"Jn 10,27",Joannes,1,1,0,,6,0,0.0,cono elas escu ouei seno sigu
4226PTOJ04.html,2,Jueves de la 4ª semana de Tiempo Ordinario,primera lectura,"1 Cro 29,10.11ab.11d-12a.12bcd",Paralipomenon I,3,3,0,,0,0,,
4226PTOJ04.html,3,Jueves de la 4ª semana de Tiempo Ordinario,aleluya,"Mc 1,15",Marcus,1,1,0,,6,1,0.167,cerc conu cree rein seno
4228PTOS04.html,3,Sábado de la 4ª semana de Tiempo Ordinario,aleluya,"Jn 10,27",Joannes,1,1,0,,0,0,,
4229PTOL05.html,3,Lunes de la 5ª semana de Tiempo Ordinario,aleluya,"Mt 4,23",Matthæus,1,1,0,,7,2,0.286,cura dole proc pueb rein
4230PTOM05.html,3,Martes de la 5ª semana de Tiempo Ordinario,aleluya,"Sal 118,36a.29b",Psalmi,2,2,0,,6,1,0.167,cora grac prec seno uolu
4231PTOX05.html,3,Miércoles de la 5ª semana de Tiempo Ordinario,aleluya,"Jn 17,17b",Joannes,1,1,0,,4,0,0.0,cons pala seno uerd
4232PTOJ05.html,3,Jueves de la 5ª semana de Tiempo Ordinario,aleluya,"St 1,21bc",Jacobi,1,1,0,,6,1,0.167,acep capa doci pala plan
4233PTOV05.html,3,Viernes de la 5ª semana de Tiempo Ordinario,aleluya,"Hch 16,14b",Actus Apostolorum,1,1,0,,5,0,0.0,abre acep cora pala seno
4234PTOS05.html,3,Sábado de la 5ª semana de Tiempo Ordinario,aleluya,"Mt 4,4b",Matthæus,1,1,0,,2,0,0.0,ombr pala
4235PTOL06.html,3,Lunes de la 6ª semana de Tiempo Ordinario,aleluya,"Jn 14,6",Joannes,1,1,0,,5,0,0.0,cami nadi padr seno uerd
4236PTOM06.html,3,Martes de la 6ª semana de Tiempo Ordinario,aleluya,"Jn 14,23",Joannes,1,1,0,,6,0,0.0,amar guar padr pala seno uend
4238PTOJ06.html,3,Jueves de la 6ª semana de Tiempo Ordinario,aleluya,"Jn 6,63c.68c",Joannes,2,2,0,,5,1,0.2,espi pala seno tien
4239PTOV06.html,3,Viernes de la 6ª semana de Tiempo Ordinario,aleluya,"Jn 15,15b",Joannes,1,1,0,,7,0,0.0,amig cono lamo padr porc seno uoso
4240PTOS06.html,3,Sábado de la 6ª semana de Tiempo Ordinario,aleluya,"Mc 9,7",Marcus,1,1,0,,5,0,0.0,abri amad ciel escu padr
4241PTOL07.html,3,Lunes de la 7ª semana de Tiempo Ordinario,aleluya,"2 Tm 1,10",Ad Timotheum II,1,1,0,,7,3,0.429,iesu medi muer nues
4242PTOM07.html,3,Martes de la 7ª semana de Tiempo Ordinario,aleluya,"Ga 6,14",Ad Galatas,1,1,0,,5,3,0.6,libr seno
4243PTOX07.html,3,Miércoles de la 7ª semana de Tiempo Ordinario,aleluya,"Jn 14,6",Joannes,1,1,0,,5,0,0.0,cami nadi padr seno uerd
4244PTOJ07.html,3,Jueves de la 7ª semana de Tiempo Ordinario,aleluya,"1 Ts 2,13",Ad Thessalonicenses I,1,1,0,,4,0,0.0,acog ombr pala uerd
4245PTOV07.html,3,Viernes de la 7ª semana de Tiempo Ordinario,aleluya,"Jn 17,17b",Joannes,1,1,0,,4,0,0.0,cons pala seno uerd
4247PTOL08.html,3,Lunes de la 8ª semana de Tiempo Ordinario,aleluya,"2 Co 8,9",Ad Corinthios II,1,1,0,,4,0,0.0,enri iesu pobr sien
4249PTOX08.html,3,Miércoles de la 8ª semana de Tiempo Ordinario,aleluya,"Mc 10,45",Marcus,1,1,0,,5,1,0.2,ombr resc seru todo
4250PTOJ08.html,3,Jueves de la 8ª semana de Tiempo Ordinario,aleluya,"Jn 8,12b",Joannes,1,1,0,,4,1,0.25,seno sigu tend
4251PTOV08.html,3,Viernes de la 8ª semana de Tiempo Ordinario,aleluya,"Jn 15,16",Joannes,1,1,0,,6,1,0.167,frut mund seno uaia uues
4255PTOX09.html,3,Miércoles de la 9ª semana de Tiempo Ordinario,aleluya,"Jn 11,25a.26",Joannes,2,2,0,,4,2,0.5,seno siem
4256PTOJ09.html,3,Jueves de la 9ª semana de Tiempo Ordinario,aleluya,"2 Tm 1,10",Ad Timotheum II,1,1,0,,7,3,0.429,iesu medi muer nues
4257PTOV09.html,3,Viernes de la 9ª semana de Tiempo Ordinario,aleluya,"Jn 14,23",Joannes,1,1,0,,6,0,0.0,amar guar padr pala seno uend
4258PTOS09.html,3,Sábado de la 9ª semana de Tiempo Ordinario,aleluya,"Mt 5,3",Matthæus,1,1,0,,7,0,0.0,ciel dico elos espi pobr porc rein
4260PTOM10.html,3,Martes de la 10ª semana de Tiempo Ordinario,aleluya,"Mt 5,16",Matthæus,1,1,0,,7,1,0.143,alum buen obra ombr padr uues
4261PTOX10.html,3,Miércoles de la 10ª semana de Tiempo Ordinario,aleluya,"Sal 24,4b.5a",Psalmi,2,2,0,,4,0,0.0,cami inst leal send
4262PTOJ10.html,3,Jueves de la 10ª semana de Tiempo Ordinario,aleluya,"Jn 13,34",Joannes,1,1,0,,6,1,0.167,amad amei nueu otro seno
4263PTOV10.html,3,Viernes de la 10ª semana de Tiempo Ordinario,aleluya,"Flp 2,15d.16a",Ad Philippenses,2,2,0,,6,1,0.167,bril lumb most razo uiui
4264PTOS10.html,3,Sábado de la 10ª semana de Tiempo Ordinario,aleluya,"Sal 118,36a.29b",Psalmi,2,2,0,,6,1,0.167,cora grac prec seno uolu
4265PTOL11.html,3,Lunes de la 11ª semana de Tiempo Ordinario,aleluya,"Sal 118,105",Psalmi,1,1,0,,4,0,0.0,lamp pala paso send
4266PTOM11.html,3,Martes de la 11ª semana de Tiempo Ordinario,aleluya,"Jn 13,34",Joannes,1,1,0,,6,1,0.167,amad amei nueu otro seno
4267PTOX11.html,3,Miércoles de la 11ª semana de Tiempo Ordinario,aleluya,"Jn 14,23",Joannes,1,1,0,,6,0,0.0,amar guar padr pala seno uend
4268PTOJ11.html,3,Jueves de la 11ª semana de Tiempo Ordinario,aleluya,"Rm 8,15bc",Ad Romanos,1,1,0,,7,1,0.143,abei espi grit iios padr reci
4269PTOV11.html,3,Viernes de la 11ª semana de Tiempo Ordinario,aleluya,"Mt 5,3",Matthæus,1,1,0,,7,0,0.0,ciel dico elos espi pobr porc rein
4270PTOS11.html,3,Sábado de la 11ª semana de Tiempo Ordinario,aleluya,"2 Co 8,9",Ad Corinthios II,1,1,0,,4,0,0.0,enri iesu pobr sien
4271PTOL12.html,3,Lunes de la 12ª semana de Tiempo Ordinario,aleluya,"Hb 4,12",Ad Hebræos,1,1,0,,6,1,0.167,cora dese efic iuzg pala
4272PTOM12.html,3,Martes de la 12ª semana de Tiempo Ordinario,aleluya,"Jn 8,12b",Joannes,1,1,0,,4,1,0.25,seno sigu tend
4273PTOX12.html,3,Miércoles de la 12ª semana de Tiempo Ordinario,aleluya,"Jn 15,4a.5b",Joannes,2,2,0,,5,0,0.0,abun frut perm seno uoso
4274PTOJ12.html,3,Jueves de la 12ª semana de Tiempo Ordinario,aleluya,"Jn 14,23",Joannes,1,1,0,,6,0,0.0,amar guar padr pala seno uend
4275PTOV12.html,3,Viernes de la 12ª semana de Tiempo Ordinario,aleluya,"Mt 8,17",Matthæus,1,1,0,,5,0,0.0,carg cris dole enfe nues
4276PTOS12.html,3,Sábado de la 12ª semana de Tiempo Ordinario,aleluya,"Mt 8,17",Matthæus,1,1,0,,5,0,0.0,carg cris dole enfe nues
4277PTOL13.html,3,Lunes de la 13ª semana de Tiempo Ordinario,aleluya,"Sal 94,8ab",Psalmi,1,1,0,,5,0,0.0,cora endu escu seno uues
4278PTOM13.html,3,Martes de la 13ª semana de Tiempo Ordinario,aleluya,"Sal 129,5",Psalmi,1,1,0,,3,0,0.0,espe pala seno
4281PTOV13.html,3,Viernes de la 13ª semana de Tiempo Ordinario,aleluya,"Mt 11,28",Matthæus,1,1,0,,7,1,0.143,agob aliu cans esta seno todo
4282PTOS13.html,3,Sábado de la 13ª semana de Tiempo Ordinario,aleluya,"Jn 10,27",Joannes,1,1,0,,6,0,0.0,cono elas escu ouei seno sigu
4283PTOL14.html,3,Lunes de la 14ª semana de Tiempo Ordinario,aleluya,"2 Tm 1,10",Ad Timotheum II,1,1,0,,7,2,0.286,iesu medi muer nues seno
4284PTOM14.html,3,Martes de la 14ª semana de Tiempo Ordinario,aleluya,"Jn 10,14",Joannes,1,1,0,,4,1,0.25,cono ouei seno
4285PTOX14.html,3,Miércoles de la 14ª semana de Tiempo Ordinario,aleluya,"Mc 1,15",Marcus,1,1,0,,6,1,0.167,cerc conu cree rein seno
4286PTOJ14.html,3,Jueves de la 14ª semana de Tiempo Ordinario,aleluya,"Mc 1,15",Marcus,1,1,0,,6,1,0.167,cerc conu cree rein seno
4290PTOM15.html,3,Martes de la 15ª semana de Tiempo Ordinario,aleluya,"Sal 94,8ab",Psalmi,1,1,0,,5,0,0.0,cora endu escu seno uues
4292PTOJ15.html,3,Jueves de la 15ª semana de Tiempo Ordinario,aleluya,"Mt 11,28",Matthæus,1,1,0,,7,1,0.143,agob aliu cans esta seno todo
4293PTOV15.html,2,Viernes de la 15ª semana de Tiempo Ordinario,primera lectura,"Is 38,10.11.12abcd.16",Isaias,4,4,0,,0,0,,
4293PTOV15.html,3,Viernes de la 15ª semana de Tiempo Ordinario,aleluya,"Jn 10,27",Joannes,1,1,0,,6,0,0.0,cono elas escu ouei seno sigu
4295PTOL16.html,3,Lunes de la 16ª semana de Tiempo Ordinario,aleluya,"Sal 94,8ab",Psalmi,1,1,0,,5,0,0.0,cora endu escu seno uues
4296PTOM16.html,3,Martes de la 16ª semana de Tiempo Ordinario,aleluya,"Jn 14,23",Joannes,1,1,0,,6,0,0.0,amar guar padr pala seno uend
4299PTOV16.html,2,Viernes de la 16ª semana de Tiempo Ordinario,primera lectura,"Jr 31,10.11-12ab.13",Jeremias,4,4,0,,0,0,,
4300PTOS16.html,3,Sábado de la 16ª semana de Tiempo Ordinario,aleluya,"St 1,21bc",Jacobi,1,1,0,,6,1,0.167,acep capa doci pala plan
4301PTOL17.html,2,Lunes de la 17ª semana de Tiempo Ordinario,primera lectura,"Dt 32,18-19.20.21",Deuteronomium,4,4,0,,0,0,,
4303PTOX17.html,3,Miércoles de la 17ª semana de Tiempo Ordinario,aleluya,"Jn 15,15b",Joannes,1,1,0,,7,0,0.0,amig cono lamo padr porc seno uoso
4304PTOJ17.html,3,Jueves de la 17ª semana de Tiempo Ordinario,aleluya,"Hch 16,14b",Actus Apostolorum,1,1,0,,5,0,0.0,abre acep cora pala seno
4305PTOV17.html,3,Viernes de la 17ª semana de Tiempo Ordinario,aleluya,"1 P 1,25",Petri I,1,1,0,,6,1,0.167,anun pala perm seno siem
4307PTOL18.html,3,Lunes de la 18ª semana de Tiempo Ordinario,aleluya,"Mt 4,4b",Matthæus,1,1,0,,2,0,0.0,ombr pala
4307PTOL18.html,5,Lunes de la 18ª semana de Tiempo Ordinario,aleluya,"Jn 1,49b",Joannes,1,1,0,,1,1,1.0,
4308PTOM18.html,3,Martes de la 18ª semana de Tiempo Ordinario,aleluya,"Jn 1,49b",Joannes,1,1,0,,1,1,1.0,
4309PTOX18.html,2,Miércoles de la 18ª semana de Tiempo Ordinario,primera lectura,"Jr 31,10.11-12ab.13",Jeremias,4,4,0,,0,0,,
4309PTOX18.html,3,Miércoles de la 18ª semana de Tiempo Ordinario,aleluya,"Lc 7,16",Lucas,1,1,0,,6,2,0.333,entr noso pueb surg
4311PTOV18.html,2,Viernes de la 18ª semana de Tiempo Ordinario,primera lectura,"Dt 32,35cd-36ab.39abcd.41",Deuteronomium,4,4,0,,0,0,,
4312PTOS18.html,3,Sábado de la 18ª semana de Tiempo Ordinario,aleluya,"2 Tm 1,10",Ad Timotheum II,1,1,0,,7,3,0.429,iesu medi muer nues
4313PTOL19.html,3,Lunes de la 19ª semana de Tiempo Ordinario,aleluya,"2 Ts 2,14",Ad Thessalonicenses II,1,1,0,,7,2,0.286,iesu lamo medi nues seno
4314PTOM19.html,3,Martes de la 19ª semana de Tiempo Ordinario,aleluya,"Mt 11,29ab",Matthæus,1,1,0,,6,1,0.167,apre carg cora mans seno
4316PTOJ19.html,3,Jueves de la 19ª semana de Tiempo Ordinario,aleluya,"Sal 118,135",Psalmi,1,1,0,,6,0,0.0,bril ense leie rost sier sobr
4317PTOV19.html,3,Viernes de la 19ª semana de Tiempo Ordinario,primera lectura,"Is 12,2-3.4bcd.5-6",Isaias,5,5,0,,0,0,,
4317PTOV19.html,4,Viernes de la 19ª semana de Tiempo Ordinario,aleluya,"1 Ts 2,13",Ad Thessalonicenses I,1,1,0,,4,0,0.0,acog ombr pala uerd
4319PTOL20.html,2,Lunes de la 20ª semana de Tiempo Ordinario,primera lectura,"Dt 32,18-19.20.21",Deuteronomium,4,4,0,,0,0,,
4319PTOL20.html,3,Lunes de la 20ª semana de Tiempo Ordinario,aleluya,"Mt 5,3",Matthæus,1,1,0,,7,0,0.0,ciel dico elos espi pobr porc rein
4320PTOM20.html,2,Martes de la 20ª semana de Tiempo Ordinario,primera lectura,"Dt 32,26-27ab.27cd-28a.30.35cd-36ab",Deuteronomium,6,6,0,,0,0,,
4320PTOM20.html,3,Martes de la 20ª semana de Tiempo Ordinario,aleluya,"2 Co 8,9",Ad Corinthios II,1,1,0,,4,0,0.0,enri iesu pobr sien
4321PTOX20.html,3,Miércoles de la 20ª semana de Tiempo Ordinario,aleluya,"Hb 4,12",Ad Hebræos,1,1,0,,6,1,0.167,cora dese efic iuzg pala
4322PTOJ20.html,3,Jueves de la 20ª semana de Tiempo Ordinario,aleluya,"Sal 94,8ab",Psalmi,1,1,0,,5,0,0.0,cora endu escu seno uues
4323PTOV20.html,3,Viernes de la 20ª semana de Tiempo Ordinario,aleluya,"Sal 24,4b.5a",Psalmi,2,2,0,,4,0,0.0,cami inst leal send
4324PTOS20.html,3,Sábado de la 20ª semana de Tiempo Ordinario,aleluya,"Mt 23,9b.10b",Matthæus,2,2,0,,5,1,0.2,ciel cons padr uues
4325PTOL21.html,3,Lunes de la 21ª semana de Tiempo Ordinario,aleluya,"Jn 10,27",Joannes,1,1,0,,6,0,0.0,cono elas escu ouei seno sigu
4326PTOM21.html,3,Martes de la 21ª semana de Tiempo Ordinario,aleluya,"Hb 4,12",Ad Hebræos,1,1,0,,6,1,0.167,cora dese efic iuzg pala
4327PTOX21.html,3,Miércoles de la 21ª semana de Tiempo Ordinario,aleluya,"1 Jn 2,5",Joannis I,1,1,0,,7,0,0.0,cien cier cris guar lega pala plen
4328PTOJ21.html,3,Jueves de la 21ª semana de Tiempo Ordinario,aleluya,"Mt 24,42a.44",Matthæus,2,2,0,,7,0,0.0,esta meno ombr pens porc prep uien
4329PTOV21.html,3,Viernes de la 21ª semana de Tiempo Ordinario,aleluya,"Lc 21,36",Lucas,1,1,0,,7,0,0.0,desp esta fuer mant ombr pidi siem
4330PTOS21.html,3,Sábado de la 21ª semana de Tiempo Ordinario,aleluya,"Jn 13,34",Joannes,1,1,0,,6,1,0.167,amad amei nueu otro seno
4331PTOL22.html,3,Lunes de la 22ª semana de Tiempo Ordinario,aleluya,"Lc 4,18",Lucas,1,1,0,,7,1,0.143,anun enui espi pobr seno sobr
4332PTOM22.html,3,Martes de la 22ª semana de Tiempo Ordinario,aleluya,"Lc 7,16",Lucas,1,1,0,,6,2,0.333,entr noso pueb surg
4333PTOX22.html,3,Miércoles de la 22ª semana de Tiempo Ordinario,aleluya,"Lc 4,18",Lucas,1,1,0,,7,1,0.143,anun caut enui libe pobr seno
4334PTOJ22.html,3,Jueves de la 22ª semana de Tiempo Ordinario,aleluya,"Mt 4,19",Matthæus,1,1,0,,5,1,0.2,ombr pesc segu seno
4335PTOV22.html,3,Viernes de la 22ª semana de Tiempo Ordinario,aleluya,"Jn 8,12b",Joannes,1,1,0,,4,1,0.25,seno sigu tend
4336PTOS22.html,3,Sábado de la 22ª semana de Tiempo Ordinario,aleluya,"Jn 14,6",Joannes,1,1,0,,5,0,0.0,cami nadi padr seno uerd
4337PTOL23.html,3,Lunes de la 23ª semana de Tiempo Ordinario,aleluya,"Jn 10,27",Joannes,1,1,0,,6,0,0.0,cono elas escu ouei seno sigu
4338PTOM23.html,3,Martes de la 23ª semana de Tiempo Ordinario,aleluya,"Jn 15,16",Joannes,1,1,0,,6,1,0.167,frut mund seno uaia uues
4340PTOJ23.html,3,Jueves de la 23ª semana de Tiempo Ordinario,aleluya,"1 Jn 4,12",Joannis I,1,1,0,,6,0,0.0,amam lega noso otro perm plen
4341PTOV23.html,3,Viernes de la 23ª semana de Tiempo Ordinario,aleluya,"Jn 17,17b",Joannes,1,1,0,,4,0,0.0,cons pala seno uerd
4342PTOS23.html,3,Sábado de la 23ª semana de Tiempo Ordinario,aleluya,"Jn 14,23",Joannes,1,1,0,,6,0,0.0,amar guar padr pala seno uend
4343PTOL24.html,3,Lunes de la 24ª semana de Tiempo Ordinario,aleluya,"Jn 3,16",Joannes,1,1,0,,6,2,0.333,entr tant tien unic
4344PTOM24.html,3,Martes de la 24ª semana de Tiempo Ordinario,aleluya,"Lc 7,16",Lucas,1,1,0,,6,2,0.333,entr noso pueb surg
4345PTOX24.html,3,Miércoles de la 24ª semana de Tiempo Ordinario,aleluya,"Jn 6,63c.68c",Joannes,2,2,0,,5,1,0.2,espi pala seno tien
4346PTOJ24.html,3,Jueves de la 24ª semana de Tiempo Ordinario,aleluya,"Mt 11,28",Matthæus,1,1,0,,7,1,0.143,agob aliu cans esta seno todo
4349PTOL25.html,3,Lunes de la 25ª semana de Tiempo Ordinario,aleluya,"Mt 5,16",Matthæus,1,1,0,,7,1,0.143,alum buen obra ombr padr uues
4350PTOM25.html,3,Martes de la 25ª semana de Tiempo Ordinario,aleluya,"Lc 11,28",Lucas,1,1,0,,4,0,0.0,cump dico escu pala
4351PTOX25.html,3,Miércoles de la 25ª semana de Tiempo Ordinario,aleluya,"Mc 1,15",Marcus,1,1,0,,6,1,0.167,cerc conu cree rein seno
4352PTOJ25.html,3,Jueves de la 25ª semana de Tiempo Ordinario,aleluya,"Jn 14,6",Joannes,1,1,0,,5,0,0.0,cami nadi padr seno uerd
4353PTOV25.html,3,Viernes de la 25ª semana de Tiempo Ordinario,aleluya,"Mc 10,45",Marcus,1,1,0,,5,1,0.2,ombr resc seru todo
4354PTOS25.html,3,Sábado de la 25ª semana de Tiempo Ordinario,aleluya,"2 Tm 1,10",Ad Timotheum II,1,1,0,,7,3,0.429,iesu medi muer nues
4355PTOL26.html,3,Lunes de la 26ª semana de Tiempo Ordinario,aleluya,"Mc 10,45",Marcus,1,1,0,,5,1,0.2,ombr resc seru todo
4356PTOM26.html,3,Martes de la 26ª semana de Tiempo Ordinario,aleluya,"Mc 10,45",Marcus,1,1,0,,5,1,0.2,ombr resc seru todo
4357PTOX26.html,3,Miércoles de la 26ª semana de Tiempo Ordinario,aleluya,"Flp 3,8-9",Ad Philippenses,2,2,0,,6,2,0.333,basu esti gana perd
4358PTOJ26.html,3,Jueves de la 26ª semana de Tiempo Ordinario,aleluya,"Mc 1,15",Marcus,1,1,0,,6,1,0.167,cerc conu cree rein seno
4359PTOV26.html,3,Viernes de la 26ª semana de Tiempo Ordinario,aleluya,"Sal 94,8ab",Psalmi,1,1,0,,5,0,0.0,cora endu escu seno uues
4361PTOL27.html,3,Lunes de la 27ª semana de Tiempo Ordinario,aleluya,"Jn 13,14",Joannes,1,1,0,,6,0,0.0,amad amei mand nueu otro seno
4362PTOM27.html,3,Martes de la 27ª semana de Tiempo Ordinario,aleluya,"Lc 11,28",Lucas,1,1,0,,4,0,0.0,cump dico escu pala
4363PTOX27.html,3,Miércoles de la 27ª semana de Tiempo Ordinario,aleluya,"Rm 8,15bc",Ad Romanos,1,1,0,,7,1,0.143,abei espi grit iios padr reci
4364PTOJ27.html,2,Jueves de la 27ª semana de Tiempo Ordinario,primera lectura,"Lc 1,69-70.71-72.73-75",Lucas,7,7,0,,0,0,,
4364PTOJ27.html,3,Jueves de la 27ª semana de Tiempo Ordinario,aleluya,"Hch 16,14b",Actus Apostolorum,1,1,0,,5,0,0.0,abre acep cora pala seno
4366PTOS27.html,3,Sábado de la 27ª semana de Tiempo Ordinario,aleluya,"Lc 11,28",Lucas,1,1,0,,4,0,0.0,cump dico escu pala
4367PTOL28.html,3,Lunes de la 28ª semana de Tiempo Ordinario,aleluya,"Sal 94,8ab",Psalmi,1,1,0,,5,0,0.0,cora endu escu seno uues
4368PTOM28.html,3,Martes de la 28ª semana de Tiempo Ordinario,aleluya,"Hb 4,12",Ad Hebræos,1,1,0,,6,1,0.167,cora dese efic iuzg pala
4369PTOX28.html,3,Miércoles de la 28ª semana de Tiempo Ordinario,aleluya,"Jn 10,27",Joannes,1,1,0,,6,0,0.0,cono elas escu ouei seno sigu
4370PTOJ28.html,3,Jueves de la 28ª semana de Tiempo Ordinario,aleluya,"Jn 14,6",Joannes,1,1,0,,5,0,0.0,cami nadi padr seno uerd
4371PTOV28.html,3,Viernes de la 28ª semana de Tiempo Ordinario,aleluya,"Sal 32,22",Psalmi,1,1,0,,6,1,0.167,espe noso seno sobr ueng
4372PTOS28.html,3,Sábado de la 28ª semana de Tiempo Ordinario,aleluya,"Jn 15,26b.27a",Joannes,2,2,0,,7,1,0.143,dare espi seno tamb uerd uoso
4373PTOL29.html,3,Lunes de la 29ª semana de Tiempo Ordinario,aleluya,"Mt 5,3",Matthæus,1,1,0,,7,0,0.0,ciel dico elos espi pobr porc rein
4374PTOM29.html,3,Martes de la 29ª semana de Tiempo Ordinario,aleluya,"Lc 21,36",Lucas,1,1,0,,7,0,0.0,desp esta fuer mant ombr pidi siem
4375PTOX29.html,2,Miércoles de la 29ª semana de Tiempo Ordinario,primera lectura,"Is 12,2-3.4bcd.5-6",Isaias,5,5,0,,0,0,,
4375PTOX29.html,3,Miércoles de la 29ª semana de Tiempo Ordinario,aleluya,"Mt 24,42a.44",Matthæus,2,2,0,,7,0,0.0,esta meno ombr pens porc prep uien
4376PTOJ29.html,3,Jueves de la 29ª semana de Tiempo Ordinario,aleluya,"Flp 3,8-9",Ad Philippenses,2,2,0,,6,2,0.333,basu esti gana perd
4378PTOS29.html,3,Sábado de la 29ª semana de Tiempo Ordinario,aleluya,"Ez 33,11",Ezechiel,1,1,0,,6,0,0.0,camb cier cond malu muer seno
4379PTOL30.html,3,Lunes de la 30ª semana de Tiempo Ordinario,aleluya,"Jn 17,17b",Joannes,1,1,0,,4,0,0.0,cons pala seno uerd
4381PTOX30.html,3,Miércoles de la 30ª semana de Tiempo Ordinario,aleluya,"2 Ts 2,14",Ad Thessalonicenses II,1,1,0,,7,2,0.286,iesu lamo medi nues seno
4382PTOJ30.html,3,Jueves de la 30ª semana de Tiempo Ordinario,aleluya,"Lc 19,38",Lucas,1,1,0,,6,1,0.167,bend ciel nomb seno uien
4383PTOV30.html,3,Viernes de la 30ª semana de Tiempo Ordinario,aleluya,"Jn 10,27",Joannes,1,1,0,,6,0,0.0,cono elas escu ouei seno sigu
4384PTOS30.html,3,Sábado de la 30ª semana de Tiempo Ordinario,aleluya,"Mt 11,29ab",Matthæus,1,1,0,,6,1,0.167,apre carg cora mans seno
4385PTOL31.html,3,Lunes de la 31ª semana de Tiempo Ordinario,aleluya,"Jn 8,31b-32",Joannes,2,2,0,,7,1,0.143,cono mant pala seno sere uerd
4386PTOM31.html,3,Martes de la 31ª semana de Tiempo Ordinario,aleluya,"Mt 11,28",Matthæus,1,1,0,,7,1,0.143,agob aliu cans esta seno todo
4388PTOJ31.html,3,Jueves de la 31ª semana de Tiempo Ordinario,aleluya,"Mt 11,28",Matthæus,1,1,0,,7,1,0.143,agob aliu cans esta seno todo
4389PTOV31.html,3,Viernes de la 31ª semana de Tiempo Ordinario,aleluya,"1 Jn 2,5",Joannis I,1,1,0,,7,0,0.0,cien cier cris guar lega pala plen
4390PTOS31.html,3,Sábado de la 31ª semana de Tiempo Ordinario,aleluya,"2 Co 8,9",Ad Corinthios II,1,1,0,,4,0,0.0,enri iesu pobr sien
4391PTOL32.html,3,Lunes de la 32ª semana de Tiempo Ordinario,aleluya,"Flp 2,15d.16a",Ad Philippenses,2,2,0,,6,1,0.167,bril lumb most razo uiui
4392PTOM32.html,3,Martes de la 32ª semana de Tiempo Ordinario,aleluya,"Jn 14,23",Joannes,1,1,0,,6,0,0.0,amar guar padr pala seno uend
4393PTOX32.html,3,Miércoles de la 32ª semana de Tiempo Ordinario,aleluya,"1 Ts 5,18",Ad Thessalonicenses I,1,1,0,,7,2,0.286,grac iesu ocas resp uoso
4394PTOJ32.html,3,Jueves de la 32ª semana de Tiempo Ordinario,aleluya,"Jn 15,5",Joannes,1,1,0,,6,0,0.0,abun frut perm sarm seno uoso
4395PTOV32.html,3,Viernes de la 32ª semana de Tiempo Ordinario,aleluya,"Lc 21,28",Lucas,1,1,0,,6,1,0.167,acer alza cabe libe uues
4396PTOS32.html,3,Sábado de la 32ª semana de Tiempo Ordinario,aleluya,"2 Ts 2,14",Ad Thessalonicenses II,1,1,0,,7,2,0.286,iesu lamo medi nues seno
4397PTOL33.html,3,Lunes de la 33ª semana de Tiempo Ordinario,aleluya,"Jn 8,12b",Joannes,1,1,0,,4,1,0.25,seno sigu tend
4398PTOM33.html,3,Martes de la 33ª semana de Tiempo Ordinario,aleluya,"1 Jn 4,10b",Joannis I,1,1,0,,5,1,0.2,enui nues peca uict
4399PTOX33.html,3,Miércoles de la 33ª semana de Tiempo Ordinario,aleluya,"Jn 15,16",Joannes,1,1,0,,6,1,0.167,frut mund seno uaia uues
4400PTOJ33.html,3,Jueves de la 33ª semana de Tiempo Ordinario,aleluya,"Sal 94,8ab",Psalmi,1,1,0,,5,0,0.0,cora endu escu seno uues
4401PTOV33.html,3,Viernes de la 33ª semana de Tiempo Ordinario,aleluya,"Jn 10,27",Joannes,1,1,0,,6,0,0.0,cono elas escu ouei seno sigu
4402PTOS33.html,3,Sábado de la 33ª semana de Tiempo Ordinario,aleluya,"2 Tm 1,10",Ad Timotheum II,1,1,0,,7,3,0.429,iesu medi muer nues
4403PTOL34.html,3,Lunes de la 34ª semana de Tiempo Ordinario,aleluya,"Mt 24,42a.44",Matthæus,2,2,0,,7,0,0.0,esta meno ombr pens porc prep uien
4404PTOM34.html,3,Martes de la 34ª semana de Tiempo Ordinario,aleluya,"Ap 2,10c",Apocalypsis,1,1,0,,4,1,0.25,asta muer seno
4405PTOX34.html,3,Miércoles de la 34ª semana de Tiempo Ordinario,aleluya,"Ap 2,10c",Apocalypsis,1,1,0,,4,1,0.25,asta muer seno
4406PTOJ34.html,3,Jueves de la 34ª semana de Tiempo Ordinario,aleluya,"Lc 21,28",Lucas,1,1,0,,6,1,0.167,acer alza cabe libe uues
4407PTOV34.html,3,Viernes de la 34ª semana de Tiempo Ordinario,aleluya,"Lc 21,28",Lucas,1,1,0,,6,1,0.167,acer alza cabe libe uues
4408PTOS34.html,3,Sábado de la 34ª semana de Tiempo Ordinario,aleluya,"Lc 21,36",Lucas,1,1,0,,7,0,0.0,desp esta fuer mant ombr pidi siem
7001TAVL01.html,1,Lunes de la 1ª semana de Adviento,primera lectura,"Is 2,1-5",Isaias,5,5,0,,0,0,,
7001TAVL01.html,4,Lunes de la 1ª semana de Adviento,aleluya,"Sal 79,4",Psalmi,1,1,0,,6,1,0.167,bril libr nues rost seno
7004TAVJ01.html,1,Jueves de la 1ª semana de Adviento,aleluya,"Is 55,6",Isaias,1,1,0,,6,1,0.167,busc cerc encu mien seno
7006TAVS01.html,3,Sábado de la 1ª semana de Adviento,aleluya,"Is 33,22",Isaias,1,1,0,,5,1,0.2,gobi leie nues seno
7013TAVL03.html,3,Lunes de la 3ª semana de Adviento,aleluya,"Sal 84,8",Psalmi,1,1,0,,5,2,0.4,dano mues seno
7015TAVX03.html,3,Miércoles de la 3ª semana de Adviento,aleluya,"Is 40,9-10",Isaias,2,2,0,,6,0,0.0,eral fuer lega mira pode seno
7023TFPD22.html,1,Feria de Adviento. — Día 22 de diciembre.,primera lectura,"1 S 1,24-28",Regum I,5,5,0,,0,0,,
7023TFPD22.html,2,Feria de Adviento. — Día 22 de diciembre.,primera lectura,"1 S 2,1.4-5.6-7.8abcd",Regum I,6,6,0,,0,0,,
7026TON529.html,3,29 de diciembre: 5º día de la octava de Navidad,aleluya,"Lc 2,32",Lucas,1,1,0,,5,2,0.4,alum naci pueb
7033TF06EN.html,3,6 de enero,aleluya,"Mc 9,7",Marcus,1,1,0,,5,0,0.0,abri amad ciel escu padr
7034TF07EN.html,3,7 de enero,aleluya,"Lc 7,16",Lucas,1,1,0,,6,2,0.333,entr noso pueb surg
7037TFXDEP.html,3,9 DE ENERO — Miércoles después de Epifanía,aleluya,"1 Tm 3,16",Ad Timotheum I,1,1,0,,6,2,0.333,crei cris naci proc
7041TFMICE.html,4,Miércoles de Ceniza,aleluya,"Sal 94,8ab",Psalmi,1,1,0,,5,0,0.0,cora endu escu seno uues
7042TFJUDC.html,3,Jueves después de Cenizas,aleluya,"Mt 4,17",Matthæus,1,1,0,,6,0,0.0,cerc ciel conu porc rein seno
7043TFVIDC.html,2,Viernes después de Cenizas,aleluya,"Am 5,14",Amos,1,1,0,,5,0,0.0,busc esta seno uiui uoso
7044TFSACE.html,3,Sábado después de Cenizas,aleluya,"Ez 33,11",Ezechiel,1,1,0,,6,0,0.0,camb cier cond malu muer seno
7045TCUL01.html,3,Lunes de la 1ª semana de Cuaresma,aleluya,"2 Co 6,2b",Ad Corinthios II,1,1,0,,7,1,0.143,alel alte aora fauo tiem uers
7046TCUM01.html,3,Martes de la 1ª semana de Cuaresma,aleluya,"Mt 4,4b",Matthæus,1,1,0,,5,0,0.0,alel alte ombr pala uers
7047TCUX01.html,1,Miércoles de la 1ª semana de Cuaresma,primera lectura,"Jon 3,1-10",Jonas,10,10,0,,0,0,,
7048TCUJ01.html,3,Jueves de la 1ª semana de Cuaresma,aleluya,"Sal 50,12a.14a",Psalmi,2,2,0,,7,1,0.143,aleg alel alte cora deuu uers
7050TCUS01.html,3,Sábado de la 1ª semana de Cuaresma,aleluya,"2 Co 6,2b",Ad Corinthios II,1,1,0,,7,1,0.143,alel alte aora fauo tiem uers
7053TCUX02.html,3,Miércoles de la 2ª semana de Cuaresma,aleluya,"Jn 8,12b",Joannes,1,1,0,,7,1,0.143,alel alte seno sigu tend uers
7055TCUV02.html,1,Viernes de la 2ª semana de Cuaresma,primera lectura,"Gn 37,3-4.12-13a.17b-28",Genesis,16,16,0,,0,0,,
7057MLCU03.html,1,Misa de libre elección: tercera semana de Cuaresma,primera lectura,"Ex 17,1-7",Exodus,7,7,0,,0,0,,
7064MLCU04.html,3,Misa de libre elección: cuarta semana de Cuaresma,aleluya,"Jn 8,12b",Joannes,1,1,0,,7,1,0.143,alel alte seno sigu tend uers
7066TCUM04.html,3,Martes de la 4ª semana de Cuaresma,aleluya,"Sal 50,12a.14a",Psalmi,2,2,0,,7,1,0.143,aleg alel alte cora deuu uers
7067TCUX04.html,1,Miércoles de la 4ª semana de Cuaresma,primera lectura,"Is 49,8-15",Isaias,8,8,0,,0,0,,
7067TCUX04.html,3,Miércoles de la 4ª semana de Cuaresma,aleluya,"Jn 11,25a.26",Joannes,2,2,0,,7,2,0.286,alel alte seno siem uers
7069TCUV04.html,3,Viernes de la 4ª semana de Cuaresma,aleluya,"Mt 4,4b",Matthæus,1,1,0,,5,0,0.0,alel alte ombr pala uers
7071MLCU05.html,3,Misa de libre elección: quinta semana de Cuaresma,aleluya,"Jn 11,25a.26",Joannes,2,2,0,,7,2,0.286,alel alte seno siem uers
7074TCUX05.html,1,Miércoles de la 5ª semana de Cuaresma,primera lectura,"Dn 3,14-20.91-92.95",Daniel,10,10,0,,0,0,,
7074TCUX05.html,2,Miércoles de la 5ª semana de Cuaresma,primera lectura,"Dn 3,52.53.54.55.56",Daniel,5,5,0,,0,0,,
7075TCUJ05.html,1,Jueves de la 5ª semana de Cuaresma,primera lectura,"Gn 17,3-9",Genesis,7,7,0,,0,0,,
7077TCUS05.html,2,Sábado de la 5ª semana de Cuaresma,primera lectura,"Jr 31,10.11-1.2ab.13",Jeremias,3,3,0,,0,0,,
7082TOCPAL.html,3,Lunes de la octava de Pascua,aleluya,"Sal 117,24",Psalmi,1,1,0,,4,0,0.0,actu aleg nues seno
7083TOCPAM.html,3,Martes de la octava de Pascua,aleluya,"Sal 117,24",Psalmi,1,1,0,,4,0,0.0,actu aleg nues seno
7084TOCPAX.html,3,Miércoles de la octava de Pascua,aleluya,"Sal 117,24",Psalmi,1,1,0,,4,0,0.0,actu aleg nues seno
7085TOCPAJ.html,3,Jueves de la octava de Pascua,aleluya,"Sal 117,24",Psalmi,1,1,0,,4,0,0.0,actu aleg nues seno
7086TOCPAV.html,3,Viernes de la octava de Pascua,aleluya,"Sal 117,24",Psalmi,1,1,0,,4,0,0.0,actu aleg nues seno
7087TOCPAS.html,3,Sábado de la octava de Pascua,aleluya,"Sal 117,24",Psalmi,1,1,0,,4,0,0.0,actu aleg nues seno
7089TPAM02.html,2,Martes de la segunda semana de Pascua,salmo responsorial,"Sal 92,1ab.1c-2.5",Psalmi,3,3,0,,1,0,0.0,alel
7092TPAV02.html,3,Viernes de la segunda semana de Pascua,aleluya,"Mt 4,4b",Matthæus,1,1,0,,5,0,0.0,alel alte ombr pala uers
7094TPAL03.html,3,Lunes de la tercera semana de Pascua,aleluya,"Mt 4,4b",Matthæus,1,1,0,,5,0,0.0,alel alte ombr pala uers
7095TPAM03.html,3,Martes de la tercera semana de Pascua,aleluya,"Jn 6,35ab",Joannes,1,1,0,,7,0,0.0,alel alte ambr pasa seno uers uien
7098TPAV03.html,3,Viernes de la tercera semana de Pascua,aleluya,"Jn 6,56",Joannes,1,1,0,,7,2,0.286,abit alel alte seno uers
7100TPAL04.html,3,Lunes de la cuarta semana de Pascua,aleluya,"Jn 10,14",Joannes,1,1,0,,7,1,0.143,alel alte cono ouei seno uers
7102TPAX04.html,3,Miércoles de la cuarta semana de Pascua,aleluya,"Jn 8,12b",Joannes,1,1,0,,7,1,0.143,alel alte seno sigu tend uers
7116TPAV06.html,3,Viernes de la sexta semana de Pascua,aleluya,"Lc 24,26",Lucas,1,1,0,,7,1,0.143,entr mesi muer nece pade resu
7117TPAS06.html,3,Sábado de la sexta semana de Pascua,aleluya,"Jn 16,28",Joannes,1,1,0,,3,1,0.333,padr ueni
7120TPAX07.html,3,Miércoles de la séptima semana de Pascua,aleluya,"Jn 17,17b",Joannes,1,1,0,,7,0,0.0,alel alte cons pala seno uerd uers
